代码,日期,每股送股,每股配股,配股价,每股红利
SH101966,20020614,0.0,0.0,0.0,11.83
SH101966,20010614,0.0,0.0,0.0,11.83
SH101966,20000614,0.0,0.0,0.0,11.83
SH101966,19990614,0.0,0.0,0.0,11.83
SH101966,19980615,0.0,0.0,0.0,11.83
SH101966,19970616,0.0,0.0,0.0,11.83
SH111016,20041213,0.0,0.0,0.0,0.4119
SH120306,20091208,0.0,0.0,0.0,5.02
SH120306,20081208,0.0,0.0,0.0,5.02
SH120306,20071207,0.0,0.0,0.0,5.02
SH120306,20061207,0.0,0.0,0.0,5.02
SH120306,20051207,0.0,0.0,0.0,5.02
SH120306,20041207,0.0,0.0,0.0,5.02
SH120486,20090922,0.0,0.0,0.0,5.6
SH120486,20080919,0.0,0.0,0.0,5.6
SH120486,20070921,0.0,0.0,0.0,5.6
SH120486,20060921,0.0,0.0,0.0,5.6
SH120486,20050921,0.0,0.0,0.0,5.6
SH120506,20100428,0.0,0.0,0.0,5.28
SH120506,20090428,0.0,0.0,0.0,5.28
SH120506,20070427,0.0,0.0,0.0,5.28
SH120506,20060428,0.0,0.0,0.0,5.28
SH122006,20100310,0.0,0.0,0.0,5.5
SH122006,20090309,0.0,0.0,0.0,5.5
SH122016,20100729,0.0,0.0,0.0,5.4
SH122946,20100723,0.0,0.0,0.0,5.94
SH122956,20100604,0.0,0.0,0.0,5.2
SH160106,20180117,0.0,0.0,0.0,0.044
SH160106,20170119,0.0,0.0,0.0,0.02
SH160106,20160121,0.0,0.0,0.0,0.645
SH160106,20150121,0.0,0.0,0.0,0.18
SH160106,20140120,0.0,0.0,0.0,0.16
SH160106,20130116,0.0,0.0,0.0,0.03
SH160106,20120113,0.0,0.0,0.0,0.02
SH160106,20110117,0.0,0.0,0.0,0.073
SH160106,20100316,0.0,0.0,0.0,0.05
SH160106,20100315,0.0,0.0,0.0,0.05
SH160106,20081222,0.0,0.0,0.0,0.05
SH160106,20081219,0.0,0.0,0.0,0.05
SH160106,20080520,0.0,0.0,0.0,0.35
SH160106,20080519,0.0,0.0,0.0,0.35
SH160106,20061129,0.0,0.0,0.0,0.747
SH160106,20061128,0.0,0.0,0.0,0.747
SH160106,20060328,0.0,0.0,0.0,0.057
SH160106,20060228,0.0,0.0,0.0,0.05
SH160106,20060119,0.0,0.0,0.0,0.05
SH160116,20110121,0.0,0.0,0.0,0.08
SH160116,20100805,0.0,0.0,0.0,0.1
SH160116,20100401,0.0,0.0,0.0,0.12
SH160136,20171201,0.0248,0.0,0.0,0.0
SH160136,20161201,0.0433,0.0,0.0,0.0
SH160306,20121113,0.0,0.0,0.0,0.037
SH160306,20120516,0.0,0.0,0.0,0.011
SH160406,20091103,0.0,0.0,0.0,0.23
SH160406,20070807,0.0,0.0,0.0,0.31
SH160406,20070115,0.0,0.0,0.0,0.08
SH160416,20120828,0.0,0.0,0.0,0.04
SH160506,20100119,0.0,0.0,0.0,0.066
SH160506,20081215,0.0,0.0,0.0,0.07
SH160506,20070727,0.0,0.0,0.0,0.0058
SH160506,20070326,0.0,0.0,0.0,0.0032
SH160516,20171201,0.0202,0.0,0.0,0.0
SH160516,20161201,0.0213,0.0,0.0,0.0
SH160516,20151201,0.0058,0.0,0.0,0.0
SH160626,20180102,0.0182,0.0,0.0,0.0
SH160626,20170103,0.0203,0.0,0.0,0.0
SH160626,20160104,0.0079,0.0,0.0,0.0
SH160626,20150513,0.5046,0.0,0.0,0.0
SH160626,20150217,0.5261,0.0,0.0,0.0
SH160626,20150105,0.0163,0.0,0.0,0.0
SH160636,20161101,0.0256,0.0,0.0,0.0
SH160706,20180116,0.0,0.0,0.0,0.0233
SH160706,20070823,0.0,0.0,0.0,0.429
SH160706,20070822,0.0,0.0,0.0,0.429
SH160706,20070808,0.0,0.0,0.0,0.2
SH160706,20070305,0.0,0.0,0.0,0.069
SH160706,20070205,0.0,0.0,0.0,0.92
SH160706,20060619,0.0,0.0,0.0,0.15
SH160706,20060414,0.0,0.0,0.0,0.03
SH160706,20060309,0.0,0.0,0.0,0.07
SH160716,20090225,0.0,0.0,0.0,0.006
SH160716,20081224,0.0,0.0,0.0,0.013
SH160806,20140521,0.0322,0.0,0.0,0.0
SH160806,20130521,0.0284,0.0,0.0,0.0
SH160906,20100120,0.0,0.0,0.0,0.09
SH160906,20070411,0.0,0.0,0.0,0.61
SH160906,20070406,0.0,0.0,0.0,0.71
SH161016,20121122,0.0246,0.0,0.0,0.0
SH161016,20120522,0.0244,0.0,0.0,0.0
SH161016,20111122,0.0229,0.0,0.0,0.0
SH161026,20171215,0.0239,0.0,0.0,0.0
SH161026,20161215,0.0265,0.0,0.0,0.0
SH161026,20151215,0.0082,0.0,0.0,0.0
SH161026,20150525,0.5833,0.0,0.0,0.0
SH161106,20100317,0.0,0.0,0.0,0.08
SH161106,20100208,0.0,0.0,0.0,0.15
SH161106,20091222,0.0,0.0,0.0,0.06
SH161106,20081124,0.0,0.0,0.0,0.22
SH161106,20080917,0.0,0.0,0.0,0.2
SH161106,20080617,0.0,0.0,0.0,0.25
SH161106,20080414,0.0,0.0,0.0,0.2
SH161106,20070402,0.0,0.0,0.0,0.12
SH161106,20070104,0.0,0.0,0.0,0.06
SH161206,20101227,0.0,0.0,0.0,0.35
SH161206,20100112,0.0,0.0,0.0,0.2
SH161206,20090522,0.0,0.0,0.0,0.04
SH161216,20161215,0.0,0.0,0.0,0.01
SH161216,20161115,0.0,0.0,0.0,0.006
SH161216,20161024,0.0,0.0,0.0,0.007
SH161216,20160118,0.0,0.0,0.0,0.006
SH161216,20151215,0.0,0.0,0.0,0.006
SH161216,20151116,0.0,0.0,0.0,0.007
SH161216,20151021,0.0,0.0,0.0,0.005
SH161216,20150916,0.0,0.0,0.0,0.004
SH161216,20150817,0.0,0.0,0.0,0.02
SH161216,20150715,0.0,0.0,0.0,0.006
SH161216,20150615,0.0,0.0,0.0,0.015
SH161216,20150518,0.0,0.0,0.0,0.015
SH161216,20150416,0.0,0.0,0.0,0.03
SH161216,20150316,0.0,0.0,0.0,0.02
SH161216,20150213,0.0,0.0,0.0,0.03
SH161216,20150119,0.0,0.0,0.0,0.08
SH161216,20141215,0.0,0.0,0.0,0.03
SH161216,20141114,0.0,0.0,0.0,0.015
SH161216,20141022,0.0,0.0,0.0,0.013
SH161216,20140916,0.0,0.0,0.0,0.002
SH161216,20140813,0.0,0.0,0.0,0.017
SH161216,20131018,0.0,0.0,0.0,0.003
SH161216,20130912,0.0,0.0,0.0,0.003
SH161216,20130813,0.0,0.0,0.0,0.003
SH161216,20130711,0.0,0.0,0.0,0.01
SH161216,20130618,0.0,0.0,0.0,0.01
SH161216,20130514,0.0,0.0,0.0,0.015
SH161216,20130415,0.0,0.0,0.0,0.01
SH161216,20130313,0.0,0.0,0.0,0.02
SH161216,20130220,0.0,0.0,0.0,0.01
SH161216,20130116,0.0,0.0,0.0,0.005
SH161216,20121213,0.0,0.0,0.0,0.005
SH161216,20121113,0.0,0.0,0.0,0.005
SH161216,20121018,0.0,0.0,0.0,0.004
SH161216,20120913,0.0,0.0,0.0,0.004
SH161216,20120813,0.0,0.0,0.0,0.01
SH161216,20120712,0.0,0.0,0.0,0.008
SH161216,20120613,0.0,0.0,0.0,0.01
SH161216,20120514,0.0,0.0,0.0,0.01
SH161216,20120418,0.0,0.0,0.0,0.01
SH161306,20091211,0.0,0.0,0.0,0.02
SH161306,20091126,0.0,0.0,0.0,0.02
SH161306,20091112,0.0,0.0,0.0,0.04
SH161306,20091027,0.0,0.0,0.0,0.02
SH161306,20090820,0.0,0.0,0.0,0.01
SH161306,20090807,0.0,0.0,0.0,0.03
SH161306,20090727,0.0,0.0,0.0,0.03
SH161306,20090714,0.0,0.0,0.0,0.03
SH161506,20151217,0.0,0.0,0.0,0.32
SH161506,20141218,0.0,0.0,0.0,0.03
SH161506,20121024,0.0227,0.0,0.0,0.0
SH161606,20071025,0.0,0.0,0.0,0.77
SH161606,20070312,0.0,0.0,0.0,1.11
SH161606,20060530,0.0,0.0,0.0,0.06
SH161706,20070322,1.3103,0.0,0.0,0.0
SH161706,20070119,0.0,0.0,0.0,0.2
SH161706,20061102,0.0,0.0,0.0,0.1
SH161706,20060606,0.0,0.0,0.0,0.2
SH161706,20060418,0.0,0.0,0.0,0.05
SH161706,20060301,0.0,0.0,0.0,0.035
SH161716,20150302,0.1337,0.0,0.0,0.0
SH161726,20171215,0.0209,0.0,0.0,0.0
SH161726,20161215,0.0227,0.0,0.0,0.0
SH161726,20151215,0.0098,0.0,0.0,0.0
SH161806,20110325,0.0,0.0,0.0,0.11
SH161806,20100422,0.0,0.0,0.0,0.25
SH161806,20070924,0.0,0.0,0.0,1.0
SH161806,20070802,0.0,0.0,0.0,0.2
SH161816,20180102,0.0215,0.0,0.0,0.0
SH161816,20170103,0.0239,0.0,0.0,0.0
SH161816,20160104,0.0098,0.0,0.0,0.0
SH161816,20150526,1.1023,0.0,0.0,0.0
SH161816,20150105,0.0235,0.0,0.0,0.0
SH161816,20140102,0.0347,0.0,0.0,0.0
SH161816,20130104,0.0101,0.0,0.0,0.0
SH161816,20120104,0.0381,0.0,0.0,0.0
SH161826,20171201,0.0379,0.0,0.0,0.0
SH161826,20161201,0.0328,0.0,0.0,0.0
SH161826,20151201,0.0093,0.0,0.0,0.0
SH161826,20150108,0.4759,0.0,0.0,0.0
SH161826,20141201,0.0366,0.0,0.0,0.0
SH161826,20131202,0.0126,0.0,0.0,0.0
SH161906,20081230,0.0,0.0,0.0,0.02
SH163106,20110919,0.0,0.0,0.0,0.27
SH163106,20110112,0.0,0.0,0.0,0.05
SH163106,20100119,0.0,0.0,0.0,0.05
SH163106,20090723,0.0,0.0,0.0,0.05
SH163106,20090421,0.0,0.0,0.0,0.05
SH163116,20170515,0.0218,0.0,0.0,0.0
SH163116,20160513,0.01,0.0,0.0,0.0
SH163206,20101223,0.0,0.0,0.0,0.16
SH163206,20091223,0.0,0.0,0.0,0.18
SH163206,20090724,0.0,0.0,0.0,0.14
SH163206,20090514,0.0,0.0,0.0,0.1
SH163406,20160421,1.612,0.0,0.0,0.0
SH163606,20120511,0.0,0.0,0.0,0.022
SH163606,20111116,0.0,0.0,0.0,0.03
SH163606,20110325,0.0,0.0,0.0,0.08
SH163606,20100728,0.0,0.0,0.0,0.054
SH163806,20180313,0.0,0.0,0.0,0.055
SH163806,20180117,0.0,0.0,0.0,0.035
SH163806,20170119,0.0,0.0,0.0,0.035
SH163806,20151222,0.0,0.0,0.0,0.15
SH163806,20150120,0.0,0.0,0.0,0.025
SH163806,20140120,0.0,0.0,0.0,0.015
SH163806,20120625,0.0,0.0,0.0,0.05
SH163806,20110624,0.0,0.0,0.0,0.07
SH163806,20101221,0.0,0.0,0.0,0.02
SH163806,20100629,0.0,0.0,0.0,0.02
SH163806,20100119,0.0,0.0,0.0,0.01
SH163906,20110307,0.0,0.0,0.0,0.015
SH163906,20100429,0.0,0.0,0.0,0.02
SH163906,20100310,0.0,0.0,0.0,0.002
SH164506,20101228,0.0,0.0,0.0,0.043
SH164506,20100301,0.0,0.0,0.0,0.03
SH164506,20090327,0.0,0.0,0.0,0.01
SH164606,20170914,0.0,0.0,0.0,0.1425
SH164606,20140114,0.0,0.0,0.0,0.027
SH164606,20121221,0.0,0.0,0.0,0.016
SH164606,20120119,0.0,0.0,0.0,0.008
SH184696,20070404,0.0,0.0,0.0,0.5
SH184696,20060406,0.0,0.0,0.0,0.005
SH184696,20050404,0.0,0.0,0.0,0.046
SH184696,20040406,0.0,0.0,0.0,0.01
SH184696,20020404,0.0,0.0,0.0,0.0043
SH184706,20080408,0.0,0.0,0.0,0.93
SH184706,20070404,0.0,0.0,0.0,0.5
SH184706,20010821,0.9391,0.0,0.0,0.0
SH500006,20110408,0.0,0.0,0.0,0.071
SH500006,20100401,0.0,0.0,0.0,0.67
SH500006,20090403,0.0,0.0,0.0,0.21
SH500006,20080409,0.0,0.0,0.0,1.09
SH500006,20070821,0.0,0.0,0.0,0.2
SH500006,20070404,0.0,0.0,0.0,0.43
SH500006,20060406,0.0,0.0,0.0,0.015
SH500006,20050404,0.0,0.0,0.0,0.049
SH500006,20040416,0.0,0.0,0.0,0.04
SH500006,20020405,0.0,0.0,0.0,0.007
SH500006,20010406,0.0,0.0,0.0,0.485
SH500006,20000406,0.0,0.0,0.0,0.39
SH500006,19990406,0.0,0.0,0.0,0.021
SH500016,20070404,0.0,0.0,0.0,0.29
SH500016,20060406,0.0,0.0,0.0,0.021
SH500016,20050404,0.0,0.0,0.0,0.08
SH500016,20040416,0.0,0.0,0.0,0.048
SH500016,20020405,0.0,0.0,0.0,0.036
SH500016,20010406,0.0,0.0,0.0,0.348
SH500016,20000407,0.0,0.0,0.0,0.016
SH500056,20160324,0.0,0.0,0.0,0.14
SH500056,20160317,0.0,0.0,0.0,0.125
SH500056,20160302,0.0,0.0,0.0,0.14
SH500056,20160216,0.0,0.0,0.0,0.1
SH500056,20150320,0.0,0.0,0.0,0.09
SH500056,20110421,0.0,0.0,0.0,0.05
SH500056,20100407,0.0,0.0,0.0,0.36
SH500056,20080417,0.0,0.0,0.0,0.91
SH500056,20080402,0.0,0.0,0.0,0.8
SH500056,20071112,0.0,0.0,0.0,0.15
SH500056,20070409,0.0,0.0,0.0,0.48
SH500056,20060407,0.0,0.0,0.0,0.07
SH500056,20041231,0.0,0.0,0.0,0.06
SH500056,20040630,0.0,0.0,0.0,0.02
SH500056,20020905,0.0,0.0,0.0,0.012
SH502006,20210105,-0.03783431,0.0,0.0,0.0
SH502006,20200616,0.02369668,0.0,0.0,0.0
SH502006,20190618,0.01831897,0.0,0.0,0.0
SH502006,20180619,0.02136317,0.0,0.0,0.0
SH502006,20170616,0.0226,0.0,0.0,0.0
SH502006,20160616,0.026,0.0,0.0,0.0
SH502006,20150828,-0.4554171,0.0,0.0,0.0
SH502016,20171219,0.03115872,0.0,0.0,0.0
SH502016,20161219,0.0338819,0.0,0.0,0.0
SH502016,20151215,0.0,0.0,0.0,0.0
SH502026,20180524,0.0,0.0,0.0,0.0
SH502026,20170905,0.01182033,0.0,0.0,0.0
SH502026,20160905,0.05936073,0.0,0.0,0.0
SH502036,20191218,0.07823129,0.0,0.0,0.0
SH502036,20181219,0.04817518,0.0,0.0,0.0
SH502036,20171219,0.07074974,0.0,0.0,0.0
SH502036,20161219,0.008434864,0.0,0.0,0.0
SH502036,20160202,-0.3434959,0.0,0.0,0.0
SH502036,20151217,0.002157497,0.0,0.0,0.0
SH502056,20200311,0.5125125,0.0,0.0,0.0
SH502056,20191218,0.02195122,0.0,0.0,0.0
SH502056,20181219,0.04529617,0.0,0.0,0.0
SH502056,20171219,0.0287,0.0,0.0,0.0
SH502056,20161219,0.0218,0.0,0.0,0.0
SH502056,20160202,-0.3515151,0.0,0.0,0.0
SH502056,20151217,0.0131,0.0,0.0,0.0
SH506006,20251208,0.0,0.0,0.0,0.015
SH506006,20211115,0.0,0.0,0.0,0.0313
SH506006,20210517,0.0,0.0,0.0,0.011
SH508006,20250916,0.0,0.0,0.0,0.1632
SH508006,20250410,0.0,0.0,0.0,0.1176
SH508006,20240911,0.0,0.0,0.0,0.1397
SH508006,20240409,0.0,0.0,0.0,0.1514
SH508006,20230912,0.0,0.0,0.0,0.1251
SH508006,20230407,0.0,0.0,0.0,0.1906
SH508006,20220921,0.0,0.0,0.0,0.1463
SH508006,20220125,0.0,0.0,0.0,0.2714
SH508026,20251010,0.0,0.0,0.0,0.08
SH508026,20250508,0.0,0.0,0.0,0.09
SH508026,20250307,0.0,0.0,0.0,0.0947
SH508036,20251216,0.0,0.0,0.0,0.185
SH508036,20250922,0.0,0.0,0.0,0.34
SH508036,20250715,0.0,0.0,0.0,0.36
SH508036,20250421,0.0,0.0,0.0,0.26
SH508056,20251230,0.0,0.0,0.0,0.04335
SH508056,20251031,0.0,0.0,0.0,0.04318
SH508056,20250723,0.0,0.0,0.0,0.04059
SH508056,20250402,0.0,0.0,0.0,0.0495
SH508056,20250102,0.0,0.0,0.0,0.04547
SH508056,20241030,0.0,0.0,0.0,0.04413
SH508056,20240802,0.0,0.0,0.0,0.04583
SH508056,20240403,0.0,0.0,0.0,0.05405
SH508056,20231221,0.0,0.0,0.0,0.0425
SH508056,20230905,0.0,0.0,0.0,0.08423
SH508056,20230406,0.0,0.0,0.0,0.08801
SH508056,20220906,0.0,0.0,0.0,0.08921
SH508056,20220407,0.0,0.0,0.0,0.04843
SH508056,20211117,0.0,0.0,0.0,0.0522
SH508066,20251222,0.0,0.0,0.0,0.13895
SH508066,20250901,0.0,0.0,0.0,0.36723
SH508066,20250430,0.0,0.0,0.0,0.1088
SH508066,20241127,0.0,0.0,0.0,0.1553
SH508066,20240827,0.0,0.0,0.0,0.31856
SH508066,20240521,0.0,0.0,0.0,0.24436
SH508066,20231027,0.0,0.0,0.0,0.32508
SH508066,20230427,0.0,0.0,0.0,0.20933
SH508086,20251225,0.0,0.0,0.0,0.135
SH508086,20250925,0.0,0.0,0.0,0.106
SH508086,20250804,0.0,0.0,0.0,0.13
SH508086,20250409,0.0,0.0,0.0,0.114
SH508086,20241231,0.0,0.0,0.0,0.185
SH508086,20241010,0.0,0.0,0.0,0.241
SH508096,20260120,0.0,0.0,0.0,0.33178
SH508096,20250815,0.0,0.0,0.0,0.23716
SH508096,20241104,0.0,0.0,0.0,0.622
SH508096,20240425,0.0,0.0,0.0,0.5498
SH508096,20231113,0.0,0.0,0.0,1.072
SH519066,20180115,0.0,0.0,0.0,0.206
SH519066,20160121,0.0,0.0,0.0,0.3
SH519066,20150213,0.0,0.0,0.0,0.086
SH519066,20140120,0.0,0.0,0.0,0.069
SH519066,20130123,0.0,0.0,0.0,0.035
SH519066,20110314,0.0,0.0,0.0,0.18
SH519066,20100322,0.0,0.0,0.0,0.11
SH519066,20090420,0.0,0.0,0.0,0.03
SH519156,20150526,0.0,0.0,0.0,0.944
SH519186,20160415,0.0,0.0,0.0,0.08
SH519186,20160303,0.0,0.0,0.0,0.08
SH519186,20160104,0.0,0.0,0.0,0.08
SH519186,20131119,0.0,0.0,0.0,0.09
SH519186,20120626,0.0,0.0,0.0,0.02
SH519186,20120608,0.0,0.0,0.0,0.02
SH519186,20101214,0.0,0.0,0.0,0.07
SH519196,20170926,0.0,0.0,0.0,0.3107
SH519606,20141022,0.0856,0.0,0.0,0.0
SH519616,20180102,0.0,0.0,0.0,0.022
SH519616,20171017,0.0,0.0,0.0,0.02
SH519616,20170705,0.0,0.0,0.0,0.0125
SH519666,20180118,0.0,0.0,0.0,0.009
SH519666,20171023,0.0,0.0,0.0,0.012
SH519666,20170713,0.0,0.0,0.0,0.014
SH519666,20170414,0.0,0.0,0.0,0.019
SH519666,20170118,0.0,0.0,0.0,0.013
SH519666,20161020,0.0,0.0,0.0,0.013
SH519666,20160715,0.0,0.0,0.0,0.015
SH519666,20160418,0.0,0.0,0.0,0.015
SH519666,20160119,0.0,0.0,0.0,0.017
SH519666,20151021,0.0,0.0,0.0,0.017
SH519666,20150713,0.0,0.0,0.0,0.023
SH519666,20150420,0.0,0.0,0.0,0.035
SH519666,20150119,0.0,0.0,0.0,0.022
SH519666,20131018,0.0,0.0,0.0,0.011
SH519666,20130712,0.0,0.0,0.0,0.013
SH519666,20130417,0.0,0.0,0.0,0.018
SH519666,20130117,0.0,0.0,0.0,0.012
SH519666,20121018,0.0,0.0,0.0,0.002
SH519666,20120713,0.0,0.0,0.0,0.017
SH519666,20110117,0.0,0.0,0.0,0.003
SH519666,20101028,0.0,0.0,0.0,0.019
SH519666,20100423,0.0,0.0,0.0,0.018
SH519666,20100422,0.0,0.0,0.0,0.018
SH519666,20100126,0.0,0.0,0.0,0.02
SH519666,20091103,0.0,0.0,0.0,0.016
SH519666,20090727,0.0,0.0,0.0,0.03
SH519666,20090608,0.0,0.0,0.0,0.029
SH519666,20090324,0.0,0.0,0.0,0.022
SH519666,20081223,0.0,0.0,0.0,0.015
SH519666,20080922,0.0,0.0,0.0,0.017
SH519666,20080623,0.0,0.0,0.0,0.031
SH519666,20080326,0.0,0.0,0.0,0.038
SH519666,20071126,0.0,0.0,0.0,0.01
SH519666,20070820,0.0,0.0,0.0,0.01
SH519676,20170316,0.0,0.0,0.0,0.03
SH519676,20161124,0.0,0.0,0.0,0.56
SH519976,20150727,0.0,0.0,0.0,0.38
SH519976,20150123,0.0,0.0,0.0,0.374
SH519976,20130923,0.0,0.0,0.0,0.153
SH600000,20240718,0.0,0.0,0.0,0.0035508849558
SH600004,20240809,0.0,0.0,0.0,0.0007846638655
SH600006,20250717,0.0,0.0,0.0,0.005
SH600006,20240715,0.0,0.0,0.0,0.0004375
SH600006,20230713,0.0,0.0,0.0,0.0428
SH600006,20220715,0.0,0.0,0.0,0.0558
SH600006,20210714,0.0,0.0,0.0,0.0831
SH600006,20200717,0.0,0.0,0.0,0.0664
SH600006,20190620,0.0,0.0,0.0,0.0833
SH600006,20180619,0.0,0.0,0.0,0.0303
SH600006,20170714,0.0,0.0,0.0,0.033
SH600006,20160630,0.0,0.0,0.0,0.052
SH600006,20150724,0.0,0.0,0.0,0.0212
SH600006,20140620,0.0,0.0,0.0,0.0076
SH600006,20130617,0.0,0.0,0.0,0.0033
SH600006,20120618,0.0,0.0,0.0,0.05
SH600006,20110621,0.0,0.0,0.0,0.12
SH600006,20100621,0.0,0.0,0.0,0.06
SH600006,20090622,0.0,0.0,0.0,0.09
SH600006,20080623,0.0,0.0,0.0,0.15
SH600006,20070719,0.0,0.0,0.0,0.12
SH600006,20061113,0.33,0.0,0.0,0.0
SH600006,20060620,0.0,0.0,0.0,0.08
SH600006,20050628,0.0,0.0,0.0,0.075
SH600006,20040611,1.0,0.0,0.0,0.2
SH600006,20030602,0.0,0.0,0.0,0.2
SH600006,20020522,0.0,0.0,0.0,0.2
SH600006,20011030,0.0,0.0,0.0,0.05
SH600006,20010613,0.0,0.0,0.0,0.2
SH600006,20000626,0.0,0.0,0.0,0.1
SH600007,20240624,0.0,0.0,0.0,0.0033698399326
SH600008,20240607,0.0,0.0,0.0,0.0035087719298
SH600009,20240719,0.0,0.0,0.0,0.0003423680456
SH600011,20240711,0.0,0.0,0.0,0.0021390374332
SH600012,20240712,0.0,0.0,0.0,0.0041881533100999
SH600015,20240621,0.0,0.0,0.0,0.0058181818182
SH600016,20250916,0.0,0.0,0.0,0.136
SH600016,20250714,0.0,0.0,0.0,0.062
SH600016,20241113,0.0,0.0,0.0,0.13
SH600016,20240712,0.0,0.0,0.0,0.0055526992288
SH600016,20230626,0.0,0.0,0.0,0.214
SH600016,20220624,0.0,0.0,0.0,0.213
SH600016,20210624,0.0,0.0,0.0,0.213
SH600016,20200713,0.0,0.0,0.0,0.37
SH600016,20190705,0.0,0.0,0.0,0.345
SH600016,20180705,0.2,0.0,0.0,0.09
SH600016,20170926,0.0,0.0,0.0,0.12
SH600016,20170706,0.0,0.0,0.0,0.165
SH600016,20160926,0.0,0.0,0.0,0.115
SH600016,20160624,0.0,0.0,0.0,0.16
SH600016,20160226,0.0,0.0,0.0,0.075
SH600016,20150707,0.0,0.0,0.0,0.11
SH600016,20150109,0.0,0.0,0.0,0.075
SH600016,20140625,0.2,0.0,0.0,0.1
SH600016,20130910,0.0,0.0,0.0,0.158
SH600016,20130627,0.0,0.0,0.0,0.15
SH600016,20120903,0.0,0.0,0.0,0.15
SH600016,20120626,0.0,0.0,0.0,0.3
SH600016,20110609,0.0,0.0,0.0,0.1
SH600016,20100715,0.2,0.0,0.0,0.05
SH600016,20090526,0.0,0.0,0.0,0.08
SH600016,20080407,0.3,0.0,0.0,0.05
SH600016,20070611,0.19,0.0,0.0,0.0
SH600016,20060417,0.4,0.0,0.0,0.05
SH600016,20051026,0.50242,0.0,0.0,0.0
SH600016,20051025,0.155,0.0,0.0,0.0
SH600016,20050418,0.2,0.0,0.0,0.07
SH600016,20040419,0.35,0.0,0.0,0.12
SH600016,20030414,0.3,0.0,0.0,0.06
SH600016,20020619,0.15,0.0,0.0,0.07
SH600016,20010531,0.3,0.0,0.0,0.2
SH600017,20240614,0.0,0.0,0.0,0.0024074074074
SH600018,20240515,0.0,0.0,0.0,0.0029604130808999
SH600019,20240613,0.0,0.0,0.0,0.0029027576197
SH600020,20240528,0.0,0.0,0.0,0.0037913486004999
SH600021,20240621,0.0,0.0,0.0,0.0020325203252
SH600023,20240709,0.0,0.0,0.0,0.0032133676093
SH600025,20240619,0.0,0.0,0.0,0.0017159199237
SH600026,20250717,0.0,0.0,0.0,0.21
SH600026,20241213,0.0,0.0,0.0,0.22
SH600026,20240717,0.0,0.0,0.0,0.0024544179523
SH600026,20230718,0.0,0.0,0.0,0.15
SH600026,20210716,0.0,0.0,0.0,0.2
SH600026,20200710,0.0,0.0,0.0,0.04
SH600026,20190628,0.0,0.0,0.0,0.02
SH600026,20180713,0.0,0.0,0.0,0.05
SH600026,20170703,0.0,0.0,0.0,0.19
SH600026,20160614,0.0,0.0,0.0,0.1
SH600026,20150703,0.0,0.0,0.0,0.03
SH600026,20120601,0.0,0.0,0.0,0.1
SH600026,20110613,0.0,0.0,0.0,0.17
SH600026,20100702,0.0,0.0,0.0,0.1
SH600026,20090622,0.0,0.0,0.0,0.3
SH600026,20080625,0.0,0.0,0.0,0.5
SH600026,20070625,0.0,0.0,0.0,0.3
SH600026,20060612,0.0,0.0,0.0,0.3
SH600026,20051230,0.29,0.0,0.0,0.0
SH600026,20050621,0.0,0.0,0.0,0.15
SH600026,20040621,0.0,0.0,0.0,0.15
SH600026,20030621,0.0,0.0,0.0,0.1
SH600026,20030618,0.0,0.0,0.0,0.1
SH600027,20240725,0.0,0.0,0.0,0.0024671052632
SH600028,20240716,0.0,0.0,0.0,0.0030534351145
SH600030,20240826,0.0,0.0,0.0,0.0024869109948
SH600031,20240621,0.0,0.0,0.0,0.0014003819222999
SH600032,20240705,0.0,0.0,0.0,0.0009708737864
SH600033,20240627,0.0,0.0,0.0,0.0034985422741
SH600035,20240607,0.0,0.0,0.0,0.0043577981651
SH600036,20260116,0.0,0.0,0.0,1.013
SH600036,20250711,0.0,0.0,0.0,2.0
SH600036,20240711,0.0,0.0,0.0,0.0056862745098
SH600036,20230713,0.0,0.0,0.0,1.738
SH600036,20220715,0.0,0.0,0.0,1.522
SH600036,20210713,0.0,0.0,0.0,1.253
SH600036,20200710,0.0,0.0,0.0,1.2
SH600036,20190712,0.0,0.0,0.0,0.94
SH600036,20180712,0.0,0.0,0.0,0.84
SH600036,20170614,0.0,0.0,0.0,0.74
SH600036,20160713,0.0,0.0,0.0,0.69
SH600036,20150703,0.0,0.0,0.0,0.67
SH600036,20140711,0.0,0.0,0.0,0.62
SH600036,20130905,0.0,0.174,9.29,0.0
SH600036,20130613,0.0,0.0,0.0,0.63
SH600036,20120607,0.0,0.0,0.0,0.42
SH600036,20110610,0.0,0.0,0.0,0.29
SH600036,20100701,0.0,0.0,0.0,0.21
SH600036,20100315,0.0,0.13,8.85,0.0
SH600036,20090703,0.3,0.0,0.0,0.1
SH600036,20080728,0.0,0.0,0.0,0.28
SH600036,20070704,0.0,0.0,0.0,0.12
SH600036,20060921,0.0,0.0,0.0,0.18
SH600036,20060616,0.0,0.0,0.0,0.08
SH600036,20060227,0.25963,0.0,0.0,0.0
SH600036,20060224,0.0858,0.0,0.0,0.0
SH600036,20050620,0.5,0.0,0.0,0.11
SH600036,20040511,0.2,0.0,0.0,0.092
SH600036,20030716,0.0,0.0,0.0,0.12
SH600037,20240621,0.0,0.0,0.0,0.0004448105437
SH600038,20240425,0.0,0.0,0.0,0.0004587155963
SH600039,20240716,0.0,0.0,0.0,0.0068026315788999
SH600048,20240730,0.0,0.0,0.0,0.0047729918509999
SH600050,20240719,0.0,0.0,0.0,0.0010893970894
SH600051,20240607,0.0,0.0,0.0,0.0022641509434
SH600052,20240711,0.0,0.0,0.0,0.0012077294686
SH600054,20240627,0.0,0.0,0.0,0.0018644067797
SH600055,20240517,0.0,0.0,0.0,0.0008904109589
SH600056,20250926,0.0,0.0,0.0,0.01966
SH600056,20250710,0.0,0.0,0.0,0.08565
SH600056,20240927,0.0,0.0,0.0,0.02174
SH600056,20240627,0.0,0.0,0.0,0.0020426627794
SH600056,20230628,0.0,0.0,0.0,0.1475
SH600056,20220624,0.4,0.0,0.0,0.1816
SH600056,20210625,0.0,0.0,0.0,0.368
SH600056,20200630,0.0,0.0,0.0,0.2755
SH600056,20190614,0.0,0.0,0.0,0.4336
SH600056,20180615,0.0,0.0,0.0,0.3645
SH600056,20170614,0.0,0.0,0.0,0.2662
SH600056,20160530,0.0,0.0,0.0,0.182
SH600056,20150619,0.0,0.0,0.0,0.163
SH600056,20140619,1.0,0.0,0.0,0.2873
SH600056,20130509,0.0,0.0,0.0,0.35
SH600056,20120621,0.0,0.0,0.0,0.1
SH600056,20110525,0.0,0.0,0.0,0.05
SH600056,20100513,0.3,0.0,0.0,0.2
SH600056,20080610,0.0,0.0,0.0,0.4
SH600056,20060613,0.491,0.0,0.0,0.0
SH600056,20060612,0.491,0.0,0.0,0.0
SH600056,20060519,0.0,0.0,0.0,0.6
SH600056,20040525,0.0,0.0,0.0,0.1
SH600056,20030610,0.6,0.0,0.0,0.1
SH600056,20020611,0.0,0.0,0.0,0.1
SH600056,20010619,0.0,0.0,0.0,0.1
SH600056,20001030,0.0,0.3,12.5,0.0
SH600056,20000607,0.0,0.0,0.0,0.2
SH600056,19981113,0.0,0.0,0.0,0.4
SH600057,20240621,0.0,0.0,0.0,0.0041095890411
SH600059,20240531,0.0,0.0,0.0,0.0016222479722
SH600060,20240731,0.0,0.0,0.0,0.0045600226501
SH600061,20240703,0.0,0.0,0.0,0.0019455026455
SH600062,20240715,0.0,0.0,0.0,0.0014503386005
SH600063,20240628,0.0,0.0,0.0,0.0013927576602
SH600064,20240717,0.0,0.0,0.0,0.0045826513912
SH600066,20250911,0.0,0.0,0.0,0.5
SH600066,20250514,0.0,0.0,0.0,1.0
SH600066,20241205,0.0,0.0,0.0,0.5
SH600066,20240516,0.0,0.0,0.0,0.0052429220552
SH600066,20230519,0.0,0.0,0.0,1.0
SH600066,20220525,0.0,0.0,0.0,0.5
SH600066,20210521,0.0,0.0,0.0,0.5
SH600066,20200520,0.0,0.0,0.0,1.0
SH600066,20190515,0.0,0.0,0.0,0.5
SH600066,20180727,0.0,0.0,0.0,0.5
SH600066,20170614,0.0,0.0,0.0,1.0
SH600066,20160523,0.0,0.0,0.0,1.5
SH600066,20150520,0.5,0.0,0.0,1.0
SH600066,20140526,0.0,0.0,0.0,0.5
SH600066,20130515,0.8,0.0,0.0,0.7
SH600066,20120509,0.0,0.0,0.0,0.3
SH600066,20120221,0.0,0.3,14.38,0.0
SH600066,20110516,0.0,0.0,0.0,0.3
SH600066,20100518,0.0,0.0,0.0,1.0
SH600066,20090515,0.0,0.0,0.0,0.6
SH600066,20080515,0.3,0.0,0.0,0.7
SH600066,20070405,0.0,0.0,0.0,0.5
SH600066,20060420,0.5,0.0,0.0,1.0
SH600066,20060306,0.02,0.0,0.0,0.65
SH600066,20050419,0.3,0.0,0.0,0.5
SH600066,20040415,0.5,0.0,0.0,0.4
SH600066,20020412,0.0,0.0,0.0,0.6
SH600066,20010710,0.0,0.0,0.0,0.6
SH600066,20001019,0.0,0.3,10.0,0.0
SH600066,19990706,0.0,0.0,0.0,0.5
SH600066,19981012,0.3,0.0,0.0,0.0
SH600066,19980821,0.0,0.3,12.0,0.0
SH600066,19980605,0.0,0.0,0.0,0.6
SH600072,20240822,0.0,0.0,0.0,0.000285467128
SH600073,20240606,0.0,0.0,0.0,0.0012066115702
SH600076,20190805,0.0,0.0,0.0,0.02
SH600076,20180625,0.0,0.0,0.0,0.11
SH600076,20060808,0.9,0.0,0.0,0.0
SH600076,20060807,0.9,0.0,0.0,0.0
SH600076,20020722,0.0,0.0,0.0,0.053
SH600076,20011217,0.0,0.3,11.98,0.0
SH600076,20010522,0.0,0.0,0.0,0.06
SH600076,19980827,0.6,0.0,0.0,0.0
SH600078,20240710,0.0,0.0,0.0,0.0005192629816
SH600079,20240624,0.0,0.0,0.0,0.0026136363636
SH600081,20240823,0.0,0.0,0.0,0.0008937728938
SH600082,20240725,0.0,0.0,0.0,0.0003278688525
SH600085,20240628,0.0,0.0,0.0,0.0012966804979
SH600086,20170801,0.0,0.0,0.0,0.022
SH600086,20151022,2.0,0.0,0.0,0.0
SH600086,20060529,0.05,0.0,0.0,0.0
SH600086,20020620,0.0,0.0,0.0,0.01
SH600086,20010418,0.6,0.0,0.0,0.025
SH600086,20000302,0.0,0.1666,7.28,0.0
SH600086,19990505,0.8,0.0,0.0,0.075
SH600086,19980527,0.0,0.0,0.0,0.3
SH600088,20240725,0.0,0.0,0.0,0.0001550387597
SH600089,20240704,0.0,0.0,0.0,0.001458789205
SH600095,20240527,0.0,0.0,0.0,0.0005239520957999
SH600096,20250919,0.0,0.0,0.0,0.2
SH600096,20250522,0.0,0.0,0.0,1.39135
SH600096,20240522,0.0,0.0,0.0,0.0046511627907
SH600096,20230519,0.0,0.0,0.0,1.0
SH600096,20140822,0.0,0.0,0.0,0.1
SH600096,20120703,0.0,0.0,0.0,0.2
SH600096,20110704,0.0,0.0,0.0,0.2
SH600096,20100607,0.0,0.0,0.0,0.1
SH600096,20090629,0.0,0.0,0.0,0.4
SH600096,20081110,0.0,0.0,0.0,0.4
SH600096,20080611,0.0,0.0,0.0,0.4
SH600096,20070611,0.0,0.0,0.0,0.4
SH600096,20070130,0.0,0.0,0.0,0.438926
SH600096,20060405,0.12,0.0,0.0,2.714
SH600096,20060404,0.0,0.0,0.0,1.0
SH600096,20050620,0.0,0.0,0.0,0.4
SH600096,20041115,0.3,0.0,0.0,0.075
SH600096,20030819,0.0,0.0,0.0,0.4
SH600096,20011108,0.0,0.0,0.0,0.2
SH600096,20000916,0.0,0.0,0.0,0.2
SH600096,19990916,0.0,0.0,0.0,0.2
SH600096,19980423,0.0,0.0,0.0,0.17
SH600097,20240606,0.0,0.0,0.0,0.0022565320665
SH600098,20240627,0.0,0.0,0.0,0.0038699690401999
SH600099,20240724,0.0,0.0,0.0,0.0003486529319
SH600101,20240705,0.0,0.0,0.0,0.0007651109411
SH600103,20240605,0.0,0.0,0.0,0.0008345
SH600104,20240816,0.0,0.0,0.0,0.0027521545319
SH600105,20240718,0.0,0.0,0.0,0.0010169491524999
SH600106,20250625,0.0,0.0,0.0,0.036
SH600106,20240619,0.0,0.0,0.0,0.0009266409265999
SH600106,20230707,0.0,0.0,0.0,0.046
SH600106,20220621,0.0,0.0,0.0,0.058
SH600106,20210625,0.0,0.0,0.0,0.052
SH600106,20200608,0.1,0.0,0.0,0.067
SH600106,20190614,0.1,0.0,0.0,0.067
SH600106,20180607,0.1,0.0,0.0,0.085
SH600106,20170602,0.1,0.0,0.0,0.098
SH600106,20160513,0.0,0.0,0.0,0.075
SH600106,20150630,0.0,0.0,0.0,0.082
SH600106,20140618,0.0,0.0,0.0,0.091
SH600106,20130528,0.0,0.0,0.0,0.08
SH600106,20120424,1.0,0.0,0.0,0.07
SH600106,20100525,0.1,0.0,0.0,0.06
SH600106,20090417,0.1,0.0,0.0,0.1
SH600106,20080617,0.1,0.0,0.0,0.091
SH600106,20070613,0.1,0.0,0.0,0.079
SH600106,20060522,0.0,0.0,0.0,0.1071
SH600106,20051024,0.38,0.0,0.0,0.0
SH600106,20050622,0.0,0.0,0.0,0.1
SH600106,20040419,0.0,0.0,0.0,0.1
SH600106,20020612,0.0,0.0,0.0,0.1
SH600106,20010614,0.0,0.0,0.0,0.1
SH600106,20000620,0.0,0.0,0.0,0.2
SH600106,19990618,0.0,0.0,0.0,0.16
SH600106,19980519,0.0,0.0,0.0,0.13
SH600108,20240719,0.0,0.0,0.0,0.0002244897959
SH600109,20240709,0.0,0.0,0.0,0.0019553072626
SH600111,20240621,0.0,0.0,0.0,0.0004046242775
SH600113,20240520,0.0,0.0,0.0,0.0021978021978
SH600114,20240606,0.0,0.0,0.0,0.0014134275618
SH600116,20260209,0.0,0.0,0.0,0.0495
SH600116,20250801,0.0,0.0,0.0,0.0396
SH600116,20250108,0.0,0.0,0.0,0.0495
SH600116,20240719,0.0,0.0,0.0,0.0020463847203
SH600116,20230630,0.0,0.0,0.0,0.15
SH600116,20220801,0.0,0.0,0.0,0.15
SH600116,20210519,0.0,0.0,0.0,0.1
SH600116,20200519,0.0,0.0,0.0,0.1
SH600116,20190618,0.0,0.0,0.0,0.1
SH600116,20180706,0.0,0.0,0.0,0.11
SH600116,20170629,0.0,0.0,0.0,0.07
SH600116,20160418,2.0,0.0,0.0,0.15
SH600116,20150714,0.0,0.0,0.0,0.15
SH600116,20140704,0.0,0.0,0.0,0.12
SH600116,20130531,0.0,0.0,0.0,0.2
SH600116,20120509,0.0,0.0,0.0,0.1
SH600116,20110603,0.0,0.0,0.0,0.1
SH600116,20100513,0.0,0.0,0.0,0.1
SH600116,20090601,0.0,0.0,0.0,0.05
SH600116,20090526,0.0,0.0,0.0,0.05
SH600116,20080819,0.0,0.0,0.0,0.1
SH600116,20061227,0.6,0.0,0.0,0.0
SH600116,20061226,0.6,0.0,0.0,0.0
SH600116,20020712,0.0,0.0,0.0,0.03
SH600116,20000714,0.1,0.0,0.0,0.05
SH600116,19980618,0.0,0.0,0.0,0.12
SH600118,20240628,0.0,0.0,0.0,0.0001819836215
SH600120,20240614,0.0,0.0,0.0,0.0017008797653999
SH600125,20240719,0.0,0.0,0.0,0.0018803418802999
SH600126,20240611,0.0,0.0,0.0,0.0011160714286
SH600126,20230619,0.0,0.0,0.0,0.05
SH600126,20220617,0.0,0.0,0.0,0.25
SH600126,20210531,0.0,0.0,0.0,0.2
SH600126,20201125,0.0,0.0,0.0,0.12
SH600126,20191023,0.0,0.0,0.0,0.12
SH600126,20180716,0.3,0.0,0.0,0.0
SH600126,20150806,0.0,0.0,0.0,0.005
SH600126,20140620,0.0,0.0,0.0,0.01
SH600126,20120521,0.0,0.0,0.0,0.05
SH600126,20110520,0.0,0.0,0.0,0.06
SH600126,20100621,0.0,0.0,0.0,0.08
SH600126,20090703,0.0,0.0,0.0,0.1
SH600126,20080528,0.3,0.0,0.0,0.26
SH600126,20070706,0.0,0.0,0.0,0.2
SH600126,20060616,0.0,0.0,0.0,0.17
SH600126,20060119,0.36,0.0,0.0,0.0
SH600126,20050419,0.0,0.0,0.0,0.3
SH600126,20040325,0.0,0.0,0.0,0.35
SH600126,20030529,0.0,0.0,0.0,0.2
SH600126,20020719,0.0,0.0,0.0,0.15
SH600126,20010516,0.0,0.0,0.0,0.15
SH600126,20001114,0.0,0.3,8.0,0.0
SH600126,20000609,0.0,0.0,0.0,0.36
SH600126,19981021,0.5,0.0,0.0,0.0
SH600128,20240726,0.0,0.0,0.0,0.0016181229772999
SH600129,20240607,0.0,0.0,0.0,0.0007959671
SH600131,20240807,0.0,0.0,0.0,0.0011940599769
SH600132,20240619,0.0,0.0,0.0,0.0041784808238
SH600133,20240718,0.0,0.0,0.0,0.0015544041450999
SH600136,20231221,2.5,0.0,0.0,0.0
SH600136,20190823,0.0,0.0,0.0,0.023
SH600136,20180803,0.0,0.0,0.0,0.07
SH600136,20160512,1.0,0.0,0.0,0.0
SH600136,20061016,0.1,0.0,0.0,0.0
SH600136,20020718,0.0,0.0,0.0,0.05
SH600136,20010816,0.0,0.0,0.0,0.1
SH600136,20000719,0.0,0.3,14.0,0.0
SH600136,20000518,0.0,0.0,0.0,0.1
SH600136,19980720,0.0,0.0,0.0,0.1
SH600137,20240628,0.0,0.0,0.0,0.0015050167224
SH600138,20240516,0.0,0.0,0.0,0.0008220502901
SH600141,20240620,0.0,0.0,0.0,0.0028943560058
SH600143,20240710,0.0,0.0,0.0,0.0016286644951
SH600146,20060223,0.32,0.0,0.0,0.0
SH600148,20240725,0.0,0.0,0.0,0.000253164557
SH600150,20240809,0.0,0.0,0.0,0.0005153311001999
SH600153,20240521,0.0,0.0,0.0,0.0063063063062999
SH600156,20250605,0.0,0.0,0.0,0.01
SH600156,20160701,0.0,0.0,0.0,0.015
SH600156,20120531,0.0,0.0,0.0,0.02
SH600156,20060627,0.37,0.0,0.0,0.0
SH600156,20020725,0.0,0.0,0.0,0.03
SH600156,20010530,0.0,0.0,0.0,0.15
SH600156,20000719,0.0,0.2307,9.0,0.0
SH600156,19990622,0.3,0.0,0.0,0.0
SH600157,20241115,0.0,0.0,0.0,0.0003518987341999
SH600158,20240718,0.0,0.0,0.0,0.0003095558546
SH600160,20240605,0.0,0.0,0.0,0.0004541701073
SH600161,20240620,0.0,0.0,0.0,0.0004980079681
SH600162,20240606,0.0,0.0,0.0,0.0087431693989
SH600163,20240710,0.0,0.0,0.0,0.000946969697
SH600166,20180726,0.0,0.0,0.0,0.0051
SH600166,20170720,0.0,0.0,0.0,0.026
SH600166,20160707,1.0,0.0,0.0,0.037
SH600166,20150716,0.0,0.0,0.0,0.043
SH600166,20140717,0.0,0.0,0.0,0.098
SH600166,20130617,0.0,0.0,0.0,0.16
SH600166,20120329,0.0,0.0,0.0,0.12
SH600166,20110516,1.0,0.0,0.0,0.28
SH600166,20100514,0.0,0.0,0.0,0.18
SH600166,20090612,0.0,0.0,0.0,0.02
SH600166,20081212,0.0,0.0,0.0,0.18
SH600166,20080605,0.0,0.0,0.0,0.1
SH600166,20060629,0.5,0.0,0.0,0.0
SH600166,20060531,0.54,0.0,0.0,0.0
SH600166,20060530,0.54,0.0,0.0,0.0
SH600166,20050718,0.0,0.0,0.0,0.1
SH600166,20041118,0.0,0.0,0.0,0.12
SH600166,20031021,0.5,0.0,0.0,0.11
SH600166,20030311,0.0,0.3,9.35,0.0
SH600166,20020513,0.0,0.0,0.0,0.1
SH600166,20010622,0.0,0.0,0.0,0.14
SH600166,20000811,0.0,0.2307,10.0,0.0
SH600166,19991025,0.3,0.0,0.0,0.11
SH600166,19980901,0.0,0.0,0.0,0.215
SH600167,20240723,0.0,0.0,0.0,0.0037735849056999
SH600168,20240620,0.0,0.0,0.0,0.0010508474576
SH600170,20240621,0.0,0.0,0.0,0.0027027027027
SH600171,20240620,0.0,0.0,0.0,0.0005081300813
SH600173,20240529,0.0,0.0,0.0,0.0014184397163
SH600176,20251015,0.0,0.0,0.0,0.17
SH600176,20250521,0.0,0.0,0.0,0.24
SH600176,20240529,0.0,0.0,0.0,0.0022954924875
SH600176,20230525,0.0,0.0,0.0,0.521
SH600176,20220526,0.0,0.0,0.0,0.48
SH600176,20210521,0.143,0.0,0.0,0.224
SH600176,20200522,0.0,0.0,0.0,0.193
SH600176,20190524,0.0,0.0,0.0,0.225
SH600176,20180517,0.2,0.0,0.0,0.25
SH600176,20170516,0.2,0.0,0.0,0.25
SH600176,20160516,1.2,0.0,0.0,0.312
SH600176,20150423,0.0,0.0,0.0,0.165
SH600176,20140522,0.0,0.0,0.0,0.12
SH600176,20130603,0.0,0.0,0.0,0.1
SH600176,20120531,0.5,0.0,0.0,0.138
SH600176,20070712,0.0,0.0,0.0,0.1
SH600176,20060817,0.2,0.0,0.0,0.35
SH600176,20060710,0.0,0.0,0.0,0.1
SH600176,20060705,0.0,0.0,0.0,0.1
SH600176,20050602,0.0,0.0,0.0,0.05
SH600176,20040630,0.2,0.0,0.0,0.05
SH600176,20031105,0.6,0.0,0.0,0.0
SH600176,20030626,0.0,0.0,0.0,0.05
SH600176,20010814,0.0,0.0,0.0,0.1
SH600176,20000825,0.06,0.0,0.0,0.06
SH600177,20240613,0.0,0.0,0.0,0.006435006435
SH600178,20240726,0.0,0.0,0.0,3.2378580299999995e-05
SH600180,20240709,0.0,0.0,0.0,0.0023936170212999
SH600182,20240708,0.0,0.0,0.0,0.0019285714286
SH600183,20240524,0.0,0.0,0.0,0.0022048015678999
SH600184,20240620,0.0,0.0,0.0,0.0006375838925999
SH600186,20200121,0.2993,0.0,0.0,0.0
SH600186,20070216,0.25,0.0,0.0,0.0
SH600186,20061120,0.5,0.0,0.0,0.0
SH600186,20020711,0.3,0.0,0.0,0.3
SH600186,20010111,0.0,0.15,9.45,0.0
SH600186,19990908,1.0,0.0,0.0,0.0
SH600188,20240708,0.0,0.0,0.0,0.0063921063921
SH600195,20240705,0.0,0.0,0.0,0.0016391184573
SH600196,20250804,0.0,0.0,0.0,0.317
SH600196,20240806,0.0,0.0,0.0,0.0011421319797
SH600196,20230809,0.0,0.0,0.0,0.42
SH600196,20220616,0.0,0.0,0.0,0.56
SH600196,20210719,0.0,0.0,0.0,0.43
SH600196,20200730,0.0,0.0,0.0,0.39
SH600196,20190802,0.0,0.0,0.0,0.32
SH600196,20180803,0.0,0.0,0.0,0.38
SH600196,20170809,0.0,0.0,0.0,0.35
SH600196,20160623,0.0,0.0,0.0,0.32
SH600196,20150812,0.0,0.0,0.0,0.28
SH600196,20140819,0.0,0.0,0.0,0.27
SH600196,20130819,0.0,0.0,0.0,0.21
SH600196,20120611,0.0,0.0,0.0,0.1
SH600196,20110711,0.0,0.0,0.0,0.1
SH600196,20100726,0.5,0.0,0.0,0.1
SH600196,20090819,0.0,0.0,0.0,0.1
SH600196,20080710,0.0,0.0,0.0,0.1
SH600196,20070608,0.3,0.0,0.0,0.1
SH600196,20060426,0.0,0.0,0.0,0.77143
SH600196,20060425,0.0,0.0,0.0,0.77143
SH600196,20050621,0.0,0.0,0.0,0.15
SH600196,20040624,1.0,0.0,0.0,0.2
SH600196,20030606,0.0,0.0,0.0,0.16
SH600196,20020618,0.3,0.0,0.0,0.15
SH600196,20010531,0.0,0.0,0.0,0.18
SH600196,20000728,0.0,0.25,20.0,0.0
SH600196,20000331,0.2,0.0,0.0,0.0
SH600196,19990202,0.5,0.0,0.0,0.0
SH600197,20240808,0.0,0.0,0.0,0.0023255813953
SH600201,20240715,0.0,0.0,0.0,0.0011958146487
SH600206,20250627,0.0,0.0,0.0,0.109
SH600206,20240606,0.0,0.0,0.0,0.0014838709677
SH600206,20230627,0.0,0.0,0.0,0.096
SH600206,20220705,0.0,0.0,0.0,0.085
SH600206,20210624,0.0,0.0,0.0,0.119
SH600206,20200612,0.0,0.0,0.0,0.016
SH600206,20190521,0.0,0.0,0.0,0.0059
SH600206,20140512,1.0,0.0,0.0,0.0
SH600206,20090717,0.0,0.0,0.0,0.07
SH600206,20080730,0.5,0.0,0.0,0.0
SH600206,20060417,0.35,0.0,0.0,0.0
SH600206,20010808,0.0,0.0,0.0,0.2
SH600206,20000626,0.0,0.0,0.0,0.25
SH600210,20240703,0.0,0.0,0.0,0.0046382189238999
SH600211,20240430,0.0,0.0,0.0,0.0015489701555
SH600215,20240712,0.0,0.0,0.0,0.0014903129657
SH600216,20250721,0.0,0.0,0.0,0.3663
SH600216,20240710,0.0,0.0,0.0,0.0013464991023
SH600216,20230711,0.0,0.0,0.0,0.17
SH600216,20220706,0.0,0.0,0.0,0.33
SH600216,20210716,0.0,0.0,0.0,0.23
SH600216,20200629,0.0,0.0,0.0,1.0
SH600216,20190627,0.0,0.0,0.0,0.15
SH600216,20180719,0.0,0.0,0.0,0.08
SH600216,20170719,0.0,0.0,0.0,0.145
SH600216,20160718,0.0,0.0,0.0,0.05
SH600216,20150723,0.0,0.0,0.0,0.06
SH600216,20140526,0.0,0.0,0.0,0.15
SH600216,20131009,0.8,0.0,0.0,0.0
SH600216,20130617,0.0,0.0,0.0,0.5
SH600216,20120705,0.0,0.0,0.0,0.6
SH600216,20110613,0.0,0.0,0.0,0.7
SH600216,20100505,0.0,0.0,0.0,0.8
SH600216,20090527,0.0,0.0,0.0,0.7
SH600216,20080716,0.0,0.0,0.0,0.03
SH600216,20070815,0.0,0.0,0.0,0.03
SH600216,20070723,0.0,0.0,0.0,0.03
SH600216,20060824,0.0,0.0,0.0,0.03
SH600216,20060308,0.33,0.0,0.0,0.0
SH600216,20040625,0.0,0.0,0.0,0.03
SH600216,20020717,0.0,0.0,0.0,0.03
SH600216,20010525,0.5,0.0,0.0,0.0
SH600216,20001009,0.3,0.0,0.0,0.0
SH600216,20000223,0.0,0.0,0.0,0.12
SH600218,20240624,0.0,0.0,0.0,0.0010294117647
SH600219,20240423,0.0,0.0,0.0,0.0033994334277999
SH600223,20240731,0.0,0.0,0.0,0.0016051364366
SH600226,20190711,0.0,0.0,0.0,0.022
SH600226,20180326,0.3,0.0,0.0,0.0
SH600226,20170920,0.4,0.0,0.0,0.0
SH600226,20151012,1.7,0.0,0.0,0.25
SH600226,20150608,0.0,0.0,0.0,0.15
SH600226,20140508,0.0,0.0,0.0,0.03
SH600226,20130606,0.0,0.0,0.0,0.05
SH600226,20110527,0.0,0.0,0.0,0.15
SH600226,20100525,0.5,0.0,0.0,0.15
SH600226,20090518,0.0,0.0,0.0,0.22
SH600226,20080411,0.0,0.0,0.0,0.15
SH600226,20070601,0.0,0.0,0.0,0.13
SH600226,20060518,0.0,0.0,0.0,0.12
SH600226,20060210,0.3,0.0,0.0,0.0
SH600226,20050425,0.0,0.0,0.0,0.12
SH600226,20040525,0.0,0.0,0.0,0.15
SH600226,20030529,0.0,0.0,0.0,0.15
SH600226,20020819,0.0,0.2083,17.7,0.0
SH600226,20010907,0.2,0.0,0.0,0.15
SH600226,20010410,0.2,0.0,0.0,0.1
SH600226,20000928,0.6,0.0,0.0,0.025
SH600226,20000608,0.0,0.0,0.0,0.1
SH600229,20240718,0.0,0.0,0.0,0.0041538461538
SH600230,20240626,0.0,0.0,0.0,0.0013529411765
SH600232,20240513,0.0,0.0,0.0,0.003036437247
SH600233,20240613,0.0,0.0,0.0,0.0021685254027
SH600235,20240607,0.0,0.0,0.0,0.0003348214286
SH600236,20251017,0.0,0.0,0.0,0.05
SH600236,20250711,0.0,0.0,0.0,0.12
SH600236,20241022,0.0,0.0,0.0,0.085
SH600236,20240712,0.0,0.0,0.0,0.0014796547472
SH600236,20231129,0.0,0.0,0.0,0.08
SH600236,20230620,0.0,0.0,0.0,0.2
SH600236,20220621,0.0,0.0,0.0,0.15
SH600236,20210723,0.0,0.0,0.0,0.19
SH600236,20200622,0.0,0.0,0.0,0.19
SH600236,20190710,0.3,0.0,0.0,0.25
SH600236,20180626,0.0,0.0,0.0,0.33
SH600236,20170707,0.0,0.0,0.0,0.13
SH600236,20160623,0.0,0.0,0.0,0.3
SH600236,20150724,0.0,0.0,0.0,0.13
SH600236,20140623,0.0,0.0,0.0,0.05
SH600236,20130717,0.0,0.0,0.0,0.04
SH600236,20120608,0.0,0.0,0.0,0.03
SH600236,20110516,0.0,0.0,0.0,0.05
SH600236,20100506,0.4,0.0,0.0,0.11
SH600236,20090715,0.0,0.0,0.0,0.13
SH600236,20080620,0.0,0.0,0.0,0.12
SH600236,20070619,0.0,0.0,0.0,0.178
SH600236,20060706,0.25,0.0,0.0,0.0
SH600236,20060608,0.0,0.0,0.0,0.11
SH600236,20060606,0.0,0.0,0.0,0.11
SH600236,20050622,1.0,0.0,0.0,0.22
SH600236,20040610,0.0,0.0,0.0,0.3
SH600236,20030613,0.0,0.0,0.0,0.21
SH600236,20020705,0.0,0.0,0.0,0.17
SH600236,20010619,0.0,0.0,0.0,0.251
SH600236,20000809,0.0,0.0,0.0,0.307
SH600246,20200723,0.0,0.0,0.0,0.06
SH600246,20190724,0.0,0.0,0.0,0.048
SH600246,20180809,0.0,0.0,0.0,0.027
SH600246,20140423,0.0,0.0,0.0,0.07
SH600246,20130917,0.0,0.0,0.0,0.07
SH600246,20130517,0.0,0.0,0.0,0.07
SH600246,20120927,0.0,0.0,0.0,0.06
SH600246,20120524,0.0,0.0,0.0,0.06
SH600246,20110426,0.0,0.0,0.0,0.17
SH600246,20100917,0.0,0.0,0.0,0.085
SH600246,20100407,0.2,0.0,0.0,0.1
SH600246,20090416,1.0,0.0,0.0,0.35
SH600246,20080528,0.0,0.0,0.0,0.15
SH600246,20071023,0.5,0.0,0.0,0.0
SH600246,20070316,1.0,0.0,0.0,0.1
SH600246,20060908,0.33,0.0,0.0,0.0
SH600246,20060622,0.0,0.0,0.0,0.15
SH600246,20050517,0.0,0.0,0.0,0.15
SH600246,20040624,0.0,0.0,0.0,0.15
SH600246,20030714,0.0,0.0,0.0,0.1
SH600246,20020701,0.0,0.0,0.0,0.08
SH600246,20010608,0.0,0.0,0.0,0.08
SH600248,20240719,0.0,0.0,0.0,0.0041666666667
SH600249,20240808,0.0,0.0,0.0,0.0007751937984
SH600251,20240613,0.0,0.0,0.0,0.0055023923445
SH600252,20240624,0.0,0.0,0.0,0.0004587155963
SH600256,20250718,0.0,0.0,0.0,0.612
SH600256,20240627,0.0,0.0,0.0,0.0094086021505
SH600256,20230629,0.0,0.0,0.0,0.8
SH600256,20220627,0.0,0.0,0.0,0.4
SH600256,20190606,0.0,0.0,0.0,0.1
SH600256,20180628,0.0,0.0,0.0,0.05
SH600256,20180328,0.0,0.3,2.55,0.0
SH600256,20170615,0.0,0.0,0.0,0.03
SH600256,20150716,0.0,0.0,0.0,0.05
SH600256,20130624,0.5,0.0,0.0,0.05
SH600256,20120525,0.8,0.0,0.0,0.0
SH600256,20110330,0.5,0.0,0.0,0.06
SH600256,20100427,0.3,0.0,0.0,0.04
SH600256,20100426,0.3,0.0,0.0,0.04
SH600256,20090423,0.1,0.0,0.0,0.1
SH600256,20070608,0.0,0.0,0.0,0.1
SH600256,20060414,0.25,0.0,0.0,0.0
SH600256,20040623,0.2,0.0,0.0,0.05
SH600256,20020912,0.2,0.0,0.0,0.05
SH600256,20010928,0.7,0.0,0.0,0.15
SH600256,20001106,1.0,0.0,0.0,0.0
SH600258,20240628,0.0,0.0,0.0,0.001714731099
SH600261,20240613,0.0,0.0,0.0,0.0043624161074
SH600262,20240726,0.0,0.0,0.0,0.0012708860759
SH600266,20250822,0.0,0.0,0.0,0.05
SH600266,20240724,0.0,0.0,0.0,0.0025445292621
SH600266,20230704,0.0,0.0,0.0,0.1
SH600266,20220701,0.0,0.0,0.0,0.1
SH600266,20210714,0.0,0.0,0.0,0.1
SH600266,20200629,0.2,0.0,0.0,0.24
SH600266,20190617,0.2,0.0,0.0,0.24
SH600266,20180629,0.0,0.0,0.0,0.28
SH600266,20170721,0.0,0.0,0.0,0.28
SH600266,20160617,0.0,0.0,0.0,0.28
SH600266,20150623,0.0,0.0,0.0,0.27
SH600266,20140416,0.2,0.0,0.0,0.44
SH600266,20130816,0.0,0.0,0.0,0.37
SH600266,20120813,0.0,0.0,0.0,0.2
SH600266,20110725,0.0,0.0,0.0,0.15
SH600266,20100809,0.2,0.0,0.0,0.1
SH600266,20090819,0.0,0.0,0.0,0.05
SH600266,20080819,0.0,0.0,0.0,0.1
SH600266,20070813,0.0,0.0,0.0,0.05
SH600266,20060823,0.0,0.0,0.0,0.2
SH600266,20060209,0.39,0.0,0.0,0.0
SH600266,20030821,0.0,0.0,0.0,0.15
SH600266,20020822,0.0,0.0,0.0,0.13
SH600266,20010608,0.5,0.0,0.0,0.5
SH600268,20240628,0.0,0.0,0.0,0.0013432835821
SH600269,20240718,0.0,0.0,0.0,0.0031434184676
SH600271,20240625,0.0,0.0,0.0,0.0004526748971
SH600272,20240715,0.0,0.0,0.0,0.0005499438833
SH600273,20240516,0.0,0.0,0.0,0.002557544757
SH600276,20250523,0.0,0.0,0.0,0.19974
SH600276,20240712,0.0,0.0,0.0,0.0004926108373999
SH600276,20230608,0.0,0.0,0.0,0.16
SH600276,20220705,0.0,0.0,0.0,0.16
SH600276,20210610,0.2,0.0,0.0,0.2
SH600276,20200525,0.2,0.0,0.0,0.23
SH600276,20190328,0.2,0.0,0.0,0.22
SH600276,20180530,0.3,0.0,0.0,0.13
SH600276,20170531,0.2,0.0,0.0,0.135
SH600276,20160616,0.2,0.0,0.0,0.1
SH600276,20150615,0.3,0.0,0.0,0.1
SH600276,20140515,0.1,0.0,0.0,0.09
SH600276,20130607,0.1,0.0,0.0,0.08
SH600276,20120529,0.1,0.0,0.0,0.09
SH600276,20110426,0.5,0.0,0.0,0.1
SH600276,20100317,0.2,0.0,0.0,0.1
SH600276,20090430,0.2,0.0,0.0,0.1
SH600276,20080411,0.2,0.0,0.0,0.1
SH600276,20070402,0.3,0.0,0.0,0.16
SH600276,20060829,0.3,0.0,0.0,0.0
SH600276,20060718,0.0,0.0,0.0,0.22
SH600276,20060620,0.25,0.0,0.0,0.0
SH600276,20050616,0.0,0.0,0.0,0.2
SH600276,20040528,0.0,0.0,0.0,0.1
SH600276,20030807,0.0,0.0,0.0,0.1
SH600276,20020521,0.2,0.0,0.0,0.05
SH600276,20010511,0.6,0.0,0.0,0.1
SH600278,20240814,0.0,0.0,0.0,0.0016616071428999
SH600279,20240620,0.0,0.0,0.0,0.0011936339523
SH600282,20240510,0.0,0.0,0.0,0.0047438330171
SH600283,20240816,0.0,0.0,0.0,0.0016835016835
SH600284,20240523,0.0,0.0,0.0,0.003312788906
SH600285,20240620,0.0,0.0,0.0,0.0032128514056
SH600286,20020326,0.2,0.0,0.0,0.05
SH600286,20010516,0.0,0.0,0.0,0.1
SH600288,20240827,0.0,0.0,0.0,0.0001796407186
SH600292,20240621,0.0,0.0,0.0,0.0005702647658
SH600295,20240626,0.0,0.0,0.0,0.0072926162261
SH600296,20040527,0.3,0.0,0.0,0.0
SH600296,20030331,0.0,0.0,0.0,0.15
SH600296,20020606,0.0,0.0,0.0,0.1
SH600296,20010613,0.0,0.0,0.0,0.05
SH600298,20240528,0.0,0.0,0.0,0.0016077170418
SH600299,20240813,0.0,0.0,0.0,0.00054894785
SH600300,20240521,0.0,0.0,0.0,0.0021381578947
SH600305,20240621,0.0,0.0,0.0,0.0009320905459
SH600306,20231226,0.85,0.0,0.0,0.0
SH600306,20060317,0.3,0.0,0.0,0.0
SH600306,20050719,0.0,0.0,0.0,0.02
SH600306,20020610,0.0,0.0,0.0,0.05
SH600306,20011102,0.3,0.0,0.0,0.0
SH600306,20010529,0.0,0.0,0.0,0.2
SH600308,20240627,0.0,0.0,0.0,0.001475308642
SH600309,20240422,0.0,0.0,0.0,0.0018775274408
SH600310,20240617,0.0,0.0,0.0,0.0007853403141
SH600312,20240719,0.0,0.0,0.0,0.0010685483871
SH600315,20240816,0.0,0.0,0.0,0.0013233601841
SH600316,20250618,0.0,0.0,0.0,0.017
SH600316,20240604,0.0,0.0,0.0,8.16993464e-05
SH600316,20230707,0.0,0.0,0.0,0.059
SH600316,20220623,0.0,0.0,0.0,0.067
SH600316,20210716,0.0,0.0,0.0,0.057
SH600316,20200731,0.0,0.0,0.0,0.015
SH600316,20190724,0.0,0.0,0.0,0.012
SH600316,20180720,0.0,0.0,0.0,0.013
SH600316,20170719,0.0,0.0,0.0,0.007
SH600316,20160805,0.0,0.0,0.0,0.01
SH600316,20150710,0.0,0.0,0.0,0.01
SH600316,20140711,0.0,0.0,0.0,0.04
SH600316,20130709,0.0,0.0,0.0,0.01
SH600316,20110719,0.0,0.0,0.0,0.2
SH600316,20101011,0.6,0.0,0.0,0.03
SH600316,20090702,0.0,0.0,0.0,0.06
SH600316,20080401,0.4,0.0,0.0,0.2
SH600316,20070824,0.0,0.0,0.0,0.1
SH600316,20060919,0.225,0.0,0.0,0.0
SH600316,20060710,0.0,0.0,0.0,0.02
SH600316,20050811,0.0,0.0,0.0,0.02
SH600316,20040528,0.2,0.0,0.0,0.05
SH600316,20030513,0.0,0.0,0.0,0.3
SH600316,20020703,0.0,0.0,0.0,0.1
SH600316,20011012,0.5,0.0,0.0,0.0
SH600316,20010525,0.0,0.0,0.0,0.1
SH600320,20240801,0.0,0.0,0.0,0.0012787723785
SH600323,20240724,0.0,0.0,0.0,0.00219478738
SH600325,20240705,0.0,0.0,0.0,0.0054896142433
SH600326,20230808,0.3,0.0,0.0,0.0
SH600326,20220715,0.0,0.0,0.0,0.08
SH600326,20210730,0.0,0.0,0.0,0.08
SH600326,20200717,0.0,0.0,0.0,0.08
SH600326,20190620,0.0,0.0,0.0,0.08
SH600326,20180525,0.0,0.0,0.0,0.08
SH600326,20170703,0.3,0.0,0.0,0.08
SH600326,20160629,0.0,0.0,0.0,0.05
SH600326,20150528,0.0,0.0,0.0,0.05
SH600326,20100610,0.2,0.0,0.0,0.0
SH600326,20080605,1.0,0.0,0.0,0.0
SH600326,20070720,0.0,0.0,0.0,0.1
SH600326,20060608,0.28,0.0,0.0,0.0
SH600326,20040722,0.0,0.0,0.0,0.15
SH600326,20030611,0.0,0.0,0.0,0.15
SH600326,20020328,0.8,0.0,0.0,0.1
SH600326,20010629,0.0,0.0,0.0,0.05
SH600327,20240628,0.0,0.0,0.0,0.0018461538462
SH600328,20240523,0.0,0.0,0.0,0.0034037267081
SH600329,20240712,0.0,0.0,0.0,0.0038323353292999
SH600330,20240614,0.0,0.0,0.0,0.0011477761835999
SH600332,20240618,0.0,0.0,0.0,0.0024525212836
SH600335,20240628,0.0,0.0,0.0,8.69565217e-05
SH600336,20251113,0.0,0.0,0.0,0.01
SH600336,20241101,0.0,0.0,0.0,0.02
SH600336,20240617,0.0,0.0,0.0,0.0002188183807
SH600336,20231024,0.0,0.0,0.0,0.02
SH600336,20230630,0.0,0.0,0.0,0.07
SH600336,20220623,0.0,0.0,0.0,0.08
SH600336,20210726,0.0,0.0,0.0,0.12
SH600336,20200612,0.0,0.0,0.0,0.08
SH600336,20190621,0.0,0.0,0.0,0.03
SH600336,20180706,0.0,0.0,0.0,0.03
SH600336,20130718,1.0,0.0,0.0,0.0
SH600336,20051212,0.42,0.0,0.0,0.0
SH600336,20050819,0.0,0.0,0.0,0.05
SH600336,20040722,0.0,0.0,0.0,0.05
SH600336,20030619,0.0,0.0,0.0,0.08
SH600336,20020619,0.0,0.0,0.0,0.1
SH600336,20010816,0.0,0.0,0.0,0.2
SH600339,20240710,0.0,0.0,0.0,0.0013355048859999
SH600345,20240816,0.0,0.0,0.0,0.0004863221884
SH600346,20250924,0.0,0.0,0.0,0.08
SH600346,20250619,0.0,0.0,0.0,0.45
SH600346,20240527,0.0,0.0,0.0,0.00362080316
SH600346,20220601,0.0,0.0,0.0,1.01
SH600346,20210531,0.0,0.0,0.0,0.77
SH600346,20200618,0.0,0.0,0.0,0.4
SH600346,20190627,0.4,0.0,0.0,0.3
SH600346,20180928,0.0,0.0,0.0,0.25
SH600346,20170505,0.0,0.0,0.0,0.15
SH600346,20150715,1.3,0.0,0.0,0.0
SH600346,20110705,0.0,0.0,0.0,0.015
SH600346,20090609,1.0,0.0,0.0,0.0
SH600346,20080620,0.0,0.0,0.0,0.05
SH600346,20060711,0.38,0.0,0.0,0.0
SH600346,20060616,0.0,0.0,0.0,0.05
SH600346,20040715,0.0,0.0,0.0,0.05
SH600346,20030715,0.0,0.0,0.0,0.05
SH600346,20020715,0.0,0.0,0.0,0.1
SH600348,20240718,0.0,0.0,0.0,0.0086091127098
SH600350,20240625,0.0,0.0,0.0,0.0046666666667
SH600351,20240530,0.0,0.0,0.0,0.002380952381
SH600352,20240530,0.0,0.0,0.0,0.0027808676307
SH600353,20240624,0.0,0.0,0.0,0.0006230529595
SH600356,20250709,0.0,0.0,0.0,0.12
SH600356,20240522,0.0,0.0,0.0,0.0019854862119
SH600356,20230523,0.0,0.0,0.0,0.1298
SH600356,20220624,0.0,0.0,0.0,0.102
SH600356,20210628,0.0,0.0,0.0,0.133
SH600356,20200619,0.0,0.0,0.0,0.09
SH600356,20190710,0.0,0.0,0.0,0.068
SH600356,20180718,0.0,0.0,0.0,0.099
SH600356,20170526,0.0,0.0,0.0,0.096
SH600356,20160603,0.0,0.0,0.0,0.09
SH600356,20150717,0.0,0.0,0.0,0.0803
SH600356,20140718,0.0,0.0,0.0,0.088
SH600356,20130527,0.0,0.0,0.0,0.118
SH600356,20120313,0.0,0.0,0.0,0.101
SH600356,20110530,0.2,0.0,0.0,0.096
SH600356,20100817,0.0,0.0,0.0,0.381
SH600356,20090526,0.0,0.0,0.0,0.227
SH600356,20080523,0.0,0.0,0.0,0.126
SH600356,20070518,0.0,0.0,0.0,0.2
SH600356,20060525,0.0,0.0,0.0,0.05
SH600356,20060519,0.0,0.0,0.0,0.05
SH600356,20051129,0.33,0.0,0.0,0.0
SH600356,20050426,0.0,0.0,0.0,0.1
SH600356,20040603,0.0,0.0,0.0,0.2
SH600356,20030529,0.0,0.0,0.0,0.05
SH600356,20020607,0.0,0.0,0.0,0.05
SH600356,20010614,0.0,0.0,0.0,0.1
SH600360,20240717,0.0,0.0,0.0,0.0003169398907
SH600361,20240628,0.0,0.0,0.0,0.0018766756031999
SH600362,20240724,0.0,0.0,0.0,0.0027868091036
SH600363,20240628,0.0,0.0,0.0,0.0002774621911
SH600366,20250714,0.0,0.0,0.0,0.05
SH600366,20240712,0.0,0.0,0.0,0.0009124087591
SH600366,20230707,0.0,0.0,0.0,0.1
SH600366,20220608,0.0,0.0,0.0,0.1
SH600366,20210625,0.0,0.0,0.0,0.1
SH600366,20200708,0.0,0.0,0.0,0.04
SH600366,20190715,0.0,0.0,0.0,0.1
SH600366,20180523,0.8,0.0,0.0,0.3
SH600366,20170607,0.0,0.0,0.0,0.2
SH600366,20160509,0.0,0.0,0.0,0.2
SH600366,20150428,0.0,0.0,0.0,0.2
SH600366,20140617,0.0,0.0,0.0,0.15
SH600366,20130704,0.0,0.0,0.0,0.3
SH600366,20120702,0.0,0.0,0.0,0.15
SH600366,20110613,0.3,0.0,0.0,0.1
SH600366,20100525,0.0,0.0,0.0,0.2
SH600366,20090521,0.0,0.0,0.0,0.15
SH600366,20080623,0.0,0.0,0.0,0.15
SH600366,20070524,0.0,0.0,0.0,0.1
SH600366,20060612,0.3,0.0,0.0,0.1
SH600366,20051206,0.32,0.0,0.0,0.0
SH600366,20050511,0.0,0.0,0.0,0.2
SH600366,20030529,0.0,0.0,0.0,0.15
SH600366,20020520,0.5,0.0,0.0,0.15
SH600366,20010426,0.5,0.0,0.0,0.15
SH600367,20240618,0.0,0.0,0.0,9.63391137e-05
SH600368,20240620,0.0,0.0,0.0,0.0022814498934
SH600369,20240607,0.0,0.0,0.0,0.000935828877
SH600371,20240607,0.0,0.0,0.0,0.0027548209366
SH600372,20240614,0.0,0.0,0.0,0.0010194174757
SH600373,20240624,0.0,0.0,0.0,0.0049461001902
SH600376,20230619,0.0,0.0,0.0,0.1
SH600376,20220706,0.0,0.0,0.0,0.1
SH600376,20210707,0.0,0.0,0.0,0.4
SH600376,20200615,0.0,0.0,0.0,0.4
SH600376,20190708,0.0,0.0,0.0,0.4
SH600376,20180621,0.0,0.0,0.0,0.6
SH600376,20170605,0.0,0.0,0.0,0.35
SH600376,20160930,0.0,0.0,0.0,0.25
SH600376,20150518,0.0,0.0,0.0,0.24
SH600376,20140506,0.0,0.0,0.0,0.18
SH600376,20130520,0.5,0.0,0.0,0.24
SH600376,20120928,0.0,0.0,0.0,0.14
SH600376,20120515,0.0,0.0,0.0,0.15
SH600376,20110422,0.3,0.0,0.0,0.2
SH600376,20100914,0.0,0.0,0.0,0.05
SH600376,20100505,0.0,0.0,0.0,0.1
SH600376,20070703,0.0,0.0,0.0,0.05
SH600376,20060615,0.5,0.0,0.0,0.05
SH600376,20060216,0.3,0.0,0.0,0.0
SH600376,20050616,0.0,0.0,0.0,0.1
SH600376,20040610,0.0,0.0,0.0,0.15
SH600376,20030710,0.0,0.0,0.0,0.2
SH600376,20020520,0.6,0.0,0.0,0.2
SH600376,20011031,0.0,0.0,0.0,0.05
SH600377,20240726,0.0,0.0,0.0,0.0035205992509
SH600378,20240614,0.0,0.0,0.0,0.0011591289782
SH600379,20240705,0.0,0.0,0.0,0.0008104738154999
SH600380,20240718,0.0,0.0,0.0,0.0016917293233
SH600382,20240712,0.0,0.0,0.0,0.0048877005347999
SH600383,20240621,0.0,0.0,0.0,0.0005502793296
SH600386,20250826,0.0,0.0,0.0,0.01
SH600386,20240821,0.0,0.0,0.0,0.0006024096386
SH600386,20230825,0.0,0.0,0.0,0.08
SH600386,20220809,0.0,0.0,0.0,0.08
SH600386,20210810,0.0,0.0,0.0,0.08
SH600386,20200820,0.0,0.0,0.0,0.04
SH600386,20190816,0.0,0.0,0.0,0.11
SH600386,20180824,0.0,0.0,0.0,0.1
SH600386,20170824,1.0,0.0,0.0,0.12
SH600386,20160628,0.0,0.0,0.0,0.19
SH600386,20150626,0.0,0.0,0.0,0.28
SH600386,20140718,0.0,0.0,0.0,0.27
SH600386,20130522,0.0,0.0,0.0,0.26
SH600386,20060405,0.4,0.0,0.0,0.0
SH600386,20050812,0.6,0.0,0.0,0.06
SH600386,20040723,0.0,0.0,0.0,0.16
SH600386,20030718,0.0,0.0,0.0,0.32
SH600386,20020801,0.0,0.0,0.0,0.18
SH600386,20010731,0.0,0.0,0.0,0.1
SH600388,20240530,0.0,0.0,0.0,0.0016638935107999
SH600390,20240712,0.0,0.0,0.0,0.002784503632
SH600392,20240703,0.0,0.0,0.0,0.0006009615385
SH600395,20240814,0.0,0.0,0.0,0.0048359240069
SH600396,20170726,0.0,0.0,0.0,0.005
SH600396,20160712,0.0,0.0,0.0,0.055
SH600396,20150715,0.0,0.0,0.0,0.1
SH600396,20140516,1.0,0.0,0.0,0.15
SH600396,20130725,0.0,0.0,0.0,0.1
SH600396,20120813,0.0,0.0,0.0,0.03
SH600396,20100528,0.0,0.0,0.0,0.02
SH600396,20090618,0.0,0.0,0.0,0.02
SH600396,20080711,0.0,0.0,0.0,0.02
SH600396,20070913,0.3,0.0,0.0,0.0
SH600396,20070606,0.0,0.0,0.0,0.025
SH600396,20060802,0.0,0.0,0.0,0.02
SH600396,20051031,0.38,0.0,0.0,0.0
SH600396,20050525,0.0,0.0,0.0,0.025
SH600396,20040527,0.7,0.0,0.0,0.05
SH600398,20240606,0.0,0.0,0.0,0.0058151609553
SH600399,20240619,0.0,0.0,0.0,0.0009491525424
SH600400,20240710,0.0,0.0,0.0,0.0004651162791
SH600406,20250930,0.0,0.0,0.0,0.146
SH600406,20250627,0.0,0.0,0.0,0.433
SH600406,20241025,0.0,0.0,0.0,0.135
SH600406,20240614,0.0,0.0,0.0,0.0022369511185
SH600406,20230621,0.2,0.0,0.0,0.39
SH600406,20220622,0.2,0.0,0.0,0.41
SH600406,20210623,0.2,0.0,0.0,0.42
SH600406,20200709,0.0,0.0,0.0,0.29
SH600406,20190723,0.0,0.0,0.0,0.37
SH600406,20180629,0.0,0.0,0.0,0.36
SH600406,20170622,0.0,0.0,0.0,0.3
SH600406,20160531,0.0,0.0,0.0,0.27
SH600406,20150602,0.0,0.0,0.0,0.16
SH600406,20140619,0.0,0.0,0.0,0.1
SH600406,20130606,0.4,0.0,0.0,0.21
SH600406,20120405,0.5,0.0,0.0,0.1
SH600406,20110325,1.0,0.0,0.0,0.1
SH600406,20100324,1.0,0.0,0.0,0.15
SH600406,20090428,0.0,0.0,0.0,0.1
SH600406,20080403,0.0,0.0,0.0,0.2
SH600406,20070327,0.2,0.0,0.0,0.0
SH600406,20061218,0.18,0.0,0.0,0.0
SH600406,20060531,0.0,0.0,0.0,0.1
SH600406,20050519,0.0,0.0,0.0,0.2
SH600406,20041014,0.3,0.0,0.0,0.0
SH600406,20040402,0.5,0.0,0.0,0.2
SH600409,20240624,0.0,0.0,0.0,0.0016179337232
SH600415,20240626,0.0,0.0,0.0,0.0025510204082
SH600416,20180611,0.0,0.0,0.0,0.03
SH600416,20170615,0.0,0.0,0.0,0.05
SH600416,20160512,0.0,0.0,0.0,0.03
SH600416,20150708,0.0,0.0,0.0,0.03
SH600416,20140709,0.0,0.0,0.0,0.03
SH600416,20120605,0.0,0.0,0.0,0.1
SH600416,20110613,1.0,0.0,0.0,0.0
SH600416,20100831,0.0,0.3,13.6,0.0
SH600416,20100423,0.0,0.0,0.0,0.15
SH600416,20090513,0.0,0.0,0.0,0.1
SH600416,20080613,0.0,0.0,0.0,0.08
SH600416,20070619,0.0,0.0,0.0,0.21
SH600416,20060519,0.0,0.0,0.0,0.2
SH600416,20051208,0.31,0.0,0.0,0.0
SH600416,20050422,0.0,0.0,0.0,0.19
SH600416,20040603,0.0,0.0,0.0,0.15
SH600416,20030528,0.0,0.0,0.0,0.22
SH600418,20240719,0.0,0.0,0.0,9.95260664e-05
SH600419,20240705,0.0,0.0,0.0,0.0017324840763999
SH600420,20240618,0.0,0.0,0.0,0.0009182736455
SH600422,20240731,0.0,0.0,0.0,0.0013783597519
SH600425,20240517,0.0,0.0,0.0,0.0026809651475
SH600426,20251104,0.0,0.0,0.0,0.24934
SH600426,20250630,0.0,0.0,0.0,0.29968
SH600426,20241115,0.0,0.0,0.0,0.3
SH600426,20240619,0.0,0.0,0.0,0.0021436227224
SH600426,20230607,0.0,0.0,0.0,0.8
SH600426,20220608,0.0,0.0,0.0,0.8
SH600426,20210521,0.3,0.0,0.0,0.3
SH600426,20200618,0.0,0.0,0.0,0.35
SH600426,20190613,0.0,0.0,0.0,0.2
SH600426,20180525,0.0,0.0,0.0,0.15
SH600426,20170608,0.3,0.0,0.0,0.1
SH600426,20160623,0.3,0.0,0.0,0.1
SH600426,20150623,0.0,0.0,0.0,0.15
SH600426,20140526,0.0,0.0,0.0,0.08
SH600426,20130704,0.0,0.0,0.0,0.15
SH600426,20110812,0.5,0.0,0.0,0.1
SH600426,20100512,0.0,0.0,0.0,0.1
SH600426,20090525,0.0,0.0,0.0,0.1
SH600426,20071105,0.5,0.0,0.0,0.0
SH600426,20070604,0.0,0.0,0.0,0.1
SH600426,20060613,0.0,0.0,0.0,0.1
SH600426,20060222,0.33,0.0,0.0,0.0
SH600426,20050322,0.5,0.0,0.0,0.1
SH600426,20040618,0.0,0.0,0.0,0.15
SH600426,20030530,0.0,0.0,0.0,0.12
SH600428,20240722,0.0,0.0,0.0,0.0041610738255
SH600429,20240712,0.0,0.0,0.0,0.0012827225131
SH600435,20240628,0.0,0.0,0.0,0.0004733727811
SH600436,20250930,0.0,0.0,0.0,1.4
SH600436,20250731,0.0,0.0,0.0,1.82
SH600436,20241022,0.0,0.0,0.0,1.15
SH600436,20240607,0.0,0.0,0.0,0.0010043724836999
SH600436,20230712,0.0,0.0,0.0,1.25
SH600436,20220715,0.0,0.0,0.0,1.21
SH600436,20210625,0.0,0.0,0.0,0.9
SH600436,20200624,0.0,0.0,0.0,0.82
SH600436,20190627,0.0,0.0,0.0,0.6
SH600436,20180608,0.0,0.0,0.0,0.43
SH600436,20170612,0.0,0.0,0.0,0.27
SH600436,20160524,0.5,0.0,0.0,0.35
SH600436,20150604,1.5,0.0,0.0,0.9
SH600436,20140626,0.0,0.0,0.0,1.1
SH600436,20130701,0.0,0.15,37.14,0.0
SH600436,20130603,0.0,0.0,0.0,0.8
SH600436,20120531,0.0,0.0,0.0,0.7
SH600436,20110623,0.0,0.0,0.0,0.7
SH600436,20100622,0.0,0.0,0.0,0.5
SH600436,20090611,0.0,0.0,0.0,0.55
SH600436,20080704,0.0,0.0,0.0,0.5
SH600436,20070528,0.0,0.0,0.0,0.4
SH600436,20060522,0.28,0.0,0.0,0.0
SH600436,20060427,0.0,0.0,0.0,0.5
SH600436,20050530,0.0,0.0,0.0,0.26
SH600436,20040528,0.0,0.0,0.0,0.42
SH600438,20240614,0.0,0.0,0.0,0.0041840036986
SH600439,20240718,0.0,0.0,0.0,0.0004761904762
SH600444,20240724,0.0,0.0,0.0,0.0009276437848
SH600446,20240705,0.0,0.0,0.0,0.0006256517205
SH600446,20230606,0.0,0.0,0.0,0.029
SH600446,20220822,0.0,0.0,0.0,0.027
SH600446,20210609,0.0,0.0,0.0,0.076
SH600446,20200713,0.0,0.0,0.0,0.028
SH600446,20180619,0.0,0.0,0.0,0.031
SH600446,20170720,0.0,0.0,0.0,0.085
SH600446,20160520,0.0,0.0,0.0,0.057
SH600446,20150917,2.0,0.0,0.0,0.112
SH600446,20150526,0.0,0.0,0.0,0.116
SH600446,20140505,0.0,0.0,0.0,0.084
SH600446,20130422,0.0,0.0,0.0,0.028
SH600446,20120823,0.0,0.0,0.0,0.1
SH600446,20110923,0.9,0.0,0.0,0.0
SH600446,20090522,0.0,0.0,0.0,0.25
SH600446,20060824,1.0,0.0,0.0,0.0
SH600446,20050627,0.0,0.0,0.0,0.25
SH600449,20240613,0.0,0.0,0.0,0.0019936204147
SH600452,20240710,0.0,0.0,0.0,0.0011836734693999
SH600456,20250723,0.0,0.0,0.0,0.39
SH600456,20240822,0.0,0.0,0.0,0.0013883379611
SH600456,20230824,0.0,0.0,0.0,0.45
SH600456,20220817,0.0,0.0,0.0,0.85
SH600456,20210729,0.0,0.0,0.0,1.05
SH600456,20200528,0.0,0.0,0.0,0.2
SH600456,20190613,0.0,0.0,0.0,0.1
SH600456,20180705,0.0,0.0,0.0,0.05
SH600456,20170622,0.0,0.0,0.0,0.05
SH600456,20160708,0.0,0.0,0.0,0.05
SH600456,20150624,0.0,0.0,0.0,0.05
SH600456,20140618,0.0,0.0,0.0,0.05
SH600456,20130516,0.0,0.0,0.0,0.05
SH600456,20120509,0.0,0.0,0.0,0.05
SH600456,20110613,0.0,0.0,0.0,0.1
SH600456,20100507,0.0,0.0,0.0,0.25
SH600456,20090615,0.0,0.0,0.0,0.25
SH600456,20080707,0.0,0.0,0.0,0.47
SH600456,20070604,0.0,0.0,0.0,0.31
SH600456,20060920,0.8,0.0,0.0,0.0
SH600456,20060614,0.0,0.0,0.0,0.3
SH600456,20051230,0.26,0.0,0.0,0.0
SH600456,20050525,0.0,0.0,0.0,0.2
SH600456,20040614,0.0,0.0,0.0,0.25
SH600456,20030528,0.0,0.0,0.0,0.15
SH600458,20240710,0.0,0.0,0.0,0.0018630412889999
SH600459,20240704,0.0,0.0,0.0,0.0014057692308
SH600461,20240704,0.0,0.0,0.0,0.0037255283177999
SH600466,20200706,0.0,0.0,0.0,0.287
SH600466,20190508,0.0,0.0,0.0,0.26
SH600466,20180613,0.4,0.0,0.0,0.1
SH600466,20170717,0.0,0.0,0.0,0.1
SH600466,20160617,0.0,0.0,0.0,0.12
SH600466,20150618,0.0,0.0,0.0,0.01
SH600466,20110408,1.5,0.0,0.0,0.0
SH600466,20070123,0.6694,0.0,0.0,0.0
SH600466,20070122,0.168,0.0,0.0,0.0
SH600466,20070118,0.6694,0.0,0.0,0.0
SH600466,20030619,0.0,0.0,0.0,0.1
SH600466,20020613,0.0,0.0,0.0,0.1
SH600467,20240712,0.0,0.0,0.0,0.0007034482759
SH600468,20240703,0.0,0.0,0.0,0.0007568807339
SH600469,20240607,0.0,0.0,0.0,0.0030630630631
SH600475,20240620,0.0,0.0,0.0,0.0037715517241
SH600476,20080522,0.3,0.0,0.0,0.0
SH600476,20070614,0.2,0.0,0.0,0.0
SH600476,20060428,0.3,0.0,0.0,0.0
SH600476,20050624,0.0,0.0,0.0,0.05
SH600476,20040604,0.0,0.0,0.0,0.05
SH600477,20240611,0.0,0.0,0.0,0.0019455252918
SH600479,20240627,0.0,0.0,0.0,0.0033653846154
SH600480,20240712,0.0,0.0,0.0,0.0025278058645
SH600481,20240612,0.0,0.0,0.0,0.0021857923497
SH600482,20240808,0.0,0.0,0.0,0.0004620495007
SH600483,20240708,0.0,0.0,0.0,0.0025535420099
SH600486,20250930,0.0,0.0,0.0,0.24
SH600486,20250725,0.0,0.0,0.0,0.68
SH600486,20240726,0.0,0.0,0.0,0.0016761904762
SH600486,20230717,0.3,0.0,0.0,1.3
SH600486,20220811,0.0,0.0,0.0,0.65
SH600486,20210713,0.0,0.0,0.0,0.65
SH600486,20200828,0.0,0.0,0.0,0.65
SH600486,20190715,0.0,0.0,0.0,0.87
SH600486,20180605,0.0,0.0,0.0,0.56
SH600486,20170705,0.0,0.0,0.0,0.43
SH600486,20160608,0.0,0.0,0.0,0.45
SH600486,20150707,0.2,0.0,0.0,0.2
SH600486,20140424,0.5,0.0,0.0,0.22
SH600486,20130522,0.0,0.0,0.0,0.34
SH600486,20120528,0.0,0.0,0.0,0.2
SH600486,20110518,0.0,0.0,0.0,0.2
SH600486,20100520,0.3,0.0,0.0,0.2
SH600486,20090602,0.0,0.0,0.0,0.2
SH600486,20080515,0.0,0.0,0.0,0.2
SH600486,20070719,0.0,0.0,0.0,0.2
SH600486,20060705,0.33,0.0,0.0,0.0
SH600486,20050622,0.0,0.0,0.0,0.23
SH600486,20040525,0.0,0.0,0.0,0.22
SH600486,20030530,0.0,0.0,0.0,0.2
SH600487,20240716,0.0,0.0,0.0,0.0009357454772
SH600488,20240614,0.0,0.0,0.0,0.0023076923077
SH600489,20240718,0.0,0.0,0.0,0.0022124380848
SH600493,20240719,0.0,0.0,0.0,0.002358490566
SH600495,20240612,0.0,0.0,0.0,0.0003715170279
SH600496,20250623,0.0,0.0,0.0,0.08
SH600496,20240701,0.0,0.0,0.0,0.00234375
SH600496,20230613,0.0,0.0,0.0,0.036
SH600496,20220616,0.0,0.0,0.0,0.036
SH600496,20210820,0.0,0.0,0.0,0.03
SH600496,20200805,0.0,0.0,0.0,0.023
SH600496,20190715,0.0,0.0,0.0,0.013
SH600496,20170713,0.0,0.0,0.0,0.01
SH600496,20160615,0.0,0.0,0.0,0.02
SH600496,20150522,1.2,0.0,0.0,0.04
SH600496,20140704,0.0,0.0,0.0,0.05
SH600496,20130530,0.0,0.0,0.0,0.04
SH600496,20120524,0.0,0.0,0.0,0.07
SH600496,20110413,0.5,0.0,0.0,0.05
SH600496,20100629,0.0,0.0,0.0,0.03
SH600496,20090520,0.0,0.0,0.0,0.07
SH600496,20080620,0.5,0.0,0.0,0.03
SH600496,20060608,0.5,0.0,0.0,0.1
SH600496,20051110,0.23,0.0,0.0,0.0
SH600496,20050524,0.0,0.0,0.0,0.05
SH600496,20030806,0.0,0.0,0.0,0.05
SH600497,20240621,0.0,0.0,0.0,0.0025594149909
SH600498,20240712,0.0,0.0,0.0,0.0008010012516
SH600499,20240705,0.0,0.0,0.0,0.0040441176471
SH600501,20240724,0.0,0.0,0.0,0.0004970198675
SH600502,20240625,0.0,0.0,0.0,0.0056892778993
SH600503,20240614,0.0,0.0,0.0,0.0002083333333
SH600505,20240712,0.0,0.0,0.0,0.0001204819276999
SH600506,20060718,0.32,0.0,0.0,0.0
SH600506,20020606,0.0,0.0,0.0,0.06
SH600507,20240509,0.0,0.0,0.0,0.0023866348449
SH600508,20240718,0.0,0.0,0.0,0.003203125
SH600509,20240705,0.0,0.0,0.0,0.002953271028
SH600510,20240705,0.0,0.0,0.0,0.0032981530342999
SH600511,20240613,0.0,0.0,0.0,0.0025500149297999
SH600512,20240628,0.0,0.0,0.0,0.0010471204188
SH600513,20240524,0.0,0.0,0.0,0.0016393442623
SH600516,20250716,0.0,0.0,0.0,0.02
SH600516,20240724,0.0,0.0,0.0,0.032
SH600516,20210622,0.0,0.0,0.0,0.5
SH600516,20200604,0.4,0.0,0.0,0.0
SH600516,20190628,0.49,0.0,0.0,0.0
SH600516,20180525,0.0,0.0,0.0,1.9
SH600516,20170602,0.0,0.0,0.0,0.022
SH600516,20140519,0.0,0.0,0.0,0.05
SH600516,20130319,0.2,0.0,0.0,0.3
SH600516,20090714,1.0,0.0,0.0,0.246
SH600516,20070125,1.2096,0.0,0.0,0.0
SH600516,20070124,1.2096,0.0,0.0,0.0
SH600516,20030610,0.0,0.0,0.0,0.1
SH600517,20240717,0.0,0.0,0.0,0.001760391198
SH600519,20240619,0.0,0.0,0.0,0.0020293131778
SH600521,20240710,0.0,0.0,0.0,0.0011363636364
SH600522,20240715,0.0,0.0,0.0,0.0014608233732
SH600523,20240604,0.0,0.0,0.0,0.00106271777
SH600526,20250609,0.0,0.0,0.0,0.1
SH600526,20170707,0.0,0.0,0.0,0.05
SH600526,20160718,0.0,0.0,0.0,0.1
SH600526,20150709,0.0,0.0,0.0,0.1
SH600526,20140527,1.0,0.0,0.0,0.1
SH600526,20130613,0.0,0.0,0.0,0.1
SH600526,20100713,0.0,0.0,0.0,0.1
SH600526,20060616,0.0,0.0,0.0,0.1
SH600526,20060308,0.3,0.0,0.0,0.0
SH600526,20040616,0.4,0.0,0.0,0.0
SH600526,20030530,0.0,0.0,0.0,0.2
SH600527,20240527,0.0,0.0,0.0,0.0027932960894
SH600528,20240823,0.0,0.0,0.0,0.0014167832167999
SH600529,20240705,0.0,0.0,0.0,0.0016286644951
SH600531,20240705,0.0,0.0,0.0,0.0024767801858
SH600535,20240529,0.0,0.0,0.0,0.0023354564756
SH600536,20230602,0.3,0.0,0.0,0.021
SH600536,20220614,0.3,0.0,0.0,0.05
SH600536,20210528,0.0,0.0,0.0,0.042
SH600536,20200605,0.0,0.0,0.0,0.04
SH600536,20190529,0.0,0.0,0.0,0.07
SH600536,20180529,0.0,0.0,0.0,0.046
SH600536,20170602,0.0,0.0,0.0,0.063
SH600536,20160617,0.0,0.0,0.0,0.036
SH600536,20150601,0.0,0.0,0.0,0.021
SH600536,20140521,1.0,0.0,0.0,0.08
SH600536,20130531,0.0,0.0,0.0,0.07
SH600536,20120531,0.0,0.0,0.0,0.1
SH600536,20110609,0.0,0.0,0.0,0.11
SH600536,20100702,0.0,0.0,0.0,0.02
SH600536,20090717,0.0,0.0,0.0,0.0143
SH600536,20080703,0.0,0.0,0.0,0.06
SH600536,20070705,0.0,0.0,0.0,0.1
SH600536,20060711,0.0,0.0,0.0,0.1596
SH600536,20060515,0.331,0.0,0.0,0.0
SH600536,20060508,0.33148,0.0,0.0,0.0
SH600536,20050704,0.5,0.0,0.0,0.25
SH600536,20040521,0.0,0.0,0.0,0.25
SH600536,20030530,0.2,0.0,0.0,0.3
SH600546,20250604,0.0,0.0,0.0,0.69
SH600546,20240515,0.0,0.0,0.0,0.0044217687075
SH600546,20230505,0.0,0.0,0.0,1.8
SH600546,20220927,0.0,0.0,0.0,0.45
SH600546,20220602,0.0,0.0,0.0,1.567
SH600546,20210723,0.0,0.0,0.0,0.066
SH600546,20200727,0.0,0.0,0.0,0.06
SH600546,20140618,0.0,0.0,0.0,0.05
SH600546,20130805,1.0,0.0,0.0,0.3
SH600546,20120629,0.0,0.0,0.0,0.3
SH600546,20110524,0.0,0.0,0.0,0.3
SH600546,20100608,0.0,0.0,0.0,0.2
SH600546,20060921,0.8181,0.0,0.0,0.0
SH600546,20060727,0.34,0.0,0.0,0.0
SH600546,20060629,0.5,0.0,0.0,0.02
SH600546,20060622,0.5,0.0,0.0,0.02
SH600546,20050627,0.0,0.0,0.0,0.13
SH600546,20040531,0.0,0.0,0.0,0.1
SH600547,20240717,0.0,0.0,0.0,0.000453661698
SH600548,20240710,0.0,0.0,0.0,0.0050412465628
SH600549,20240607,0.0,0.0,0.0,0.0021493820526999
SH600551,20240527,0.0,0.0,0.0,0.0044052863436
SH600552,20240708,0.0,0.0,0.0,0.0005561735261
SH600556,20250703,0.0,0.0,0.0,0.0086
SH600556,20240705,0.0,0.0,0.0,0.0004305555556
SH600556,20230706,0.0,0.0,0.0,0.01
SH600556,20220706,0.0,0.0,0.0,0.02
SH600556,20210706,0.0,0.0,0.0,0.0164
SH600556,20200709,0.0,0.0,0.0,0.0154
SH600556,20061226,0.0,0.0,0.0,0.05
SH600556,20060314,1.37327,0.0,0.0,0.0
SH600556,20060313,0.758,0.0,0.0,0.0
SH600556,20050704,0.0,0.0,0.0,0.1
SH600556,20040917,0.0,0.5,6.37,0.0
SH600556,20040419,0.0,0.0,0.0,0.1
SH600556,20030522,0.4,0.0,0.0,0.1
SH600556,20020627,0.0,0.0,0.0,0.1
SH600557,20240531,0.0,0.0,0.0,0.0021186218679
SH600558,20240809,0.0,0.0,0.0,0.0015277777778
SH600559,20240621,0.0,0.0,0.0,0.0022727272727
SH600560,20240625,0.0,0.0,0.0,0.0005503875969
SH600562,20240711,0.0,0.0,0.0,0.0010959939531
SH600563,20240614,0.0,0.0,0.0,0.0023204548091
SH600566,20250630,0.0,0.0,0.0,2.08
SH600566,20240617,0.0,0.0,0.0,0.0035616438356
SH600566,20230703,0.0,0.0,0.0,0.88
SH600566,20220526,0.0,0.0,0.0,0.68
SH600566,20210526,0.0,0.0,0.0,0.45
SH600566,20200424,0.0,0.0,0.0,1.23
SH600566,20190603,0.0,0.0,0.0,1.23
SH600566,20180601,0.0,0.0,0.0,1.0
SH600566,20170428,0.0,0.0,0.0,0.73
SH600566,20160420,0.0,0.0,0.0,0.7
SH600566,20150407,0.0,0.0,0.0,0.4
SH600566,20120516,0.0,0.0,0.0,0.01
SH600566,20110712,0.0,0.0,0.0,0.01
SH600566,20100518,0.3,0.0,0.0,0.01
SH600566,20090527,0.0,0.0,0.0,0.01
SH600566,20080612,0.0,0.0,0.0,0.01
SH600566,20070528,0.0,0.0,0.0,0.01
SH600566,20060526,0.0,0.0,0.0,0.02
SH600566,20060412,0.35,0.0,0.0,0.0
SH600566,20050527,0.0,0.0,0.0,0.02
SH600566,20030529,0.0,0.0,0.0,0.05
SH600566,20020523,0.0,0.0,0.0,0.1
SH600567,20240805,0.0,0.0,0.0,0.0007586206897
SH600570,20240611,0.0,0.0,0.0,0.0006704486848999
SH600571,20240729,0.0,0.0,0.0,0.0027168234065
SH600572,20240531,0.0,0.0,0.0,0.0038535645472
SH600573,20240627,0.0,0.0,0.0,0.0006726457398999
SH600575,20240618,0.0,0.0,0.0,0.0030927835052
SH600576,20150928,1.2,0.0,0.0,0.0
SH600576,20120719,0.0,0.0,0.0,0.015
SH600576,20070125,0.4,0.0,0.0,0.0
SH600576,20070124,0.4,0.0,0.0,0.0
SH600576,20040719,0.0,0.0,0.0,0.1
SH600577,20240426,0.0,0.0,0.0,0.0028697571743999
SH600578,20240723,0.0,0.0,0.0,0.0031818181818
SH600580,20240715,0.0,0.0,0.0,0.0008453085375999
SH600582,20240517,0.0,0.0,0.0,0.0038620689655
SH600583,20240618,0.0,0.0,0.0,0.0024297520661
SH600584,20240627,0.0,0.0,0.0,0.0003191828918
SH600585,20240624,0.0,0.0,0.0,0.0039103869654
SH600586,20250618,0.0,0.0,0.0,0.01467
SH600586,20240605,0.0,0.0,0.0,0.0015527950311
SH600586,20230606,0.0,0.0,0.0,0.03
SH600586,20220706,0.0,0.0,0.0,0.281
SH600586,20210629,0.0,0.0,0.0,0.03
SH600586,20200715,0.0,0.0,0.0,0.03
SH600586,20190719,0.0,0.0,0.0,0.06
SH600586,20180703,0.0,0.0,0.0,0.06
SH600586,20120717,0.0,0.0,0.0,0.025
SH600586,20110603,1.0,0.0,0.0,0.0
SH600586,20100629,0.0,0.0,0.0,0.06
SH600586,20080429,1.0,0.0,0.0,0.05
SH600586,20060712,0.18,0.0,0.0,0.0
SH600586,20060110,0.3,0.0,0.0,0.0
SH600586,20050629,0.5,0.0,0.0,0.1
SH600586,20030619,0.3,0.0,0.0,0.3
SH600587,20240606,0.0,0.0,0.0,0.0021123785382
SH600592,20240627,0.0,0.0,0.0,0.0014048672566
SH600594,20240607,0.0,0.0,0.0,0.0021086261980999
SH600596,20250611,0.0,0.0,0.0,0.1
SH600596,20240530,0.0,0.0,0.0,0.0011286681716
SH600596,20230621,0.0,0.0,0.0,0.75
SH600596,20220427,0.4,0.0,0.0,0.5
SH600596,20210604,0.0,0.0,0.0,0.25
SH600596,20200702,0.0,0.0,0.0,0.2
SH600596,20190613,0.0,0.0,0.0,0.53
SH600596,20180530,0.0,0.0,0.0,0.2
SH600596,20170518,0.0,0.0,0.0,0.1
SH600596,20160629,0.0,0.0,0.0,0.05
SH600596,20150618,0.0,0.0,0.0,0.1
SH600596,20140618,0.0,0.0,0.0,0.22
SH600596,20130603,0.0,0.0,0.0,0.12
SH600596,20120529,0.0,0.0,0.0,0.06
SH600596,20110525,0.0,0.0,0.0,0.1
SH600596,20100430,1.2,0.0,0.0,0.4
SH600596,20090514,0.0,0.0,0.0,1.1
SH600596,20080417,0.0,0.0,0.0,0.6
SH600596,20070601,0.0,0.0,0.0,0.5
SH600596,20060705,0.0,0.0,0.0,0.31
SH600596,20060411,0.57,0.0,0.0,0.0
SH600596,20060410,0.57,0.0,0.0,0.0
SH600596,20050707,0.0,0.0,0.0,0.3
SH600596,20040601,0.7,0.0,0.0,0.12
SH600596,20030619,0.0,0.0,0.0,0.18
SH600596,20020627,0.0,0.0,0.0,0.05
SH600597,20240628,0.0,0.0,0.0,0.0027329192547
SH600598,20240524,0.0,0.0,0.0,0.0033157498116
SH600600,20240716,0.0,0.0,0.0,0.0028661507595
SH600602,20240628,0.0,0.0,0.0,0.0003926940639
SH600605,20240410,0.0,0.0,0.0,0.0022488755622
SH600606,20220802,0.1,0.0,0.0,0.0
SH600606,20210720,0.05,0.0,0.0,0.25
SH600606,20200710,0.0,0.0,0.0,0.4
SH600606,20190710,0.0,0.0,0.0,0.3
SH600606,20180712,0.0,0.0,0.0,0.25
SH600606,20170622,0.0,0.0,0.0,0.25
SH600606,20160629,0.0,0.0,0.0,0.2
SH600606,20140714,0.0,0.0,0.0,0.041
SH600606,20130703,0.0,0.0,0.0,0.062
SH600606,20120704,0.05,0.0,0.0,0.05
SH600606,20110512,0.15,0.0,0.0,0.05
SH600606,20100506,0.1,0.0,0.0,0.05
SH600606,20090506,0.0,0.0,0.0,0.1
SH600606,20080709,0.1,0.0,0.0,0.05
SH600606,20070517,0.15,0.0,0.0,0.0
SH600606,20060713,0.1,0.0,0.0,0.1
SH600606,20060607,0.37,0.0,0.0,0.0
SH600606,20050729,0.1,0.0,0.0,0.1
SH600606,20040730,0.0,0.0,0.0,0.1
SH600606,20030728,0.0,0.0,0.0,0.1
SH600606,20020806,0.1484,0.0,0.0,0.0
SH600606,20010822,0.0,0.0,0.0,0.12
SH600606,20000411,0.9,0.0,0.0,0.0
SH600606,19950713,0.1,0.0,0.0,0.0
SH600606,19930621,0.0,0.7,2.5,0.0
SH600606,19921210,9.0,0.0,0.0,0.0
SH600611,20240812,0.0,0.0,0.0,0.0005263157895
SH600612,20240709,0.0,0.0,0.0,0.0032537960954
SH600613,20240618,0.0,0.0,0.0,0.0017667844523
SH600616,20250711,0.0,0.0,0.0,0.05
SH600616,20240614,0.0,0.0,0.0,0.001002004008
SH600616,20230616,0.0,0.0,0.0,0.03
SH600616,20220715,0.0,0.0,0.0,0.03
SH600616,20210618,0.0,0.0,0.0,0.03
SH600616,20200710,0.3,0.0,0.0,0.03
SH600616,20180622,0.0,0.0,0.0,0.05
SH600616,20170720,0.0,0.0,0.0,0.05
SH600616,20160708,0.0,0.0,0.0,0.05
SH600616,20150717,0.0,0.0,0.0,0.05
SH600616,20140709,0.0,0.0,0.0,0.1
SH600616,20130709,0.0,0.0,0.0,0.1
SH600616,20120611,0.0,0.0,0.0,0.1
SH600616,20110613,0.0,0.0,0.0,0.15
SH600616,20100610,0.2,0.0,0.0,0.0
SH600616,20090521,0.0,0.0,0.0,0.2
SH600616,20070524,0.0,0.0,0.0,0.17
SH600616,20060524,0.2,0.0,0.0,0.1
SH600616,20051124,0.35,0.0,0.0,0.0
SH600616,20050426,0.0,0.0,0.0,0.2
SH600616,20040412,0.6,0.0,0.0,0.0
SH600616,20030630,0.0,0.0,0.0,0.14
SH600616,20021023,0.5,0.0,0.0,0.0
SH600616,20020812,0.0,0.0,0.0,0.18
SH600616,20010803,0.0,0.0,0.0,0.11
SH600616,20000712,0.0,0.3,7.5,0.0
SH600616,20000704,0.0,0.0,0.0,0.05
SH600616,19990708,0.0,0.0,0.0,0.1
SH600616,19980807,0.5,0.0,0.0,0.184
SH600616,19970722,0.0,0.0,0.0,0.136
SH600616,19960604,0.16,0.0,0.0,0.0
SH600616,19950515,0.2,0.0,0.0,0.16
SH600616,19940627,0.2,0.0,0.0,0.0
SH600616,19940418,0.2,0.0,0.0,0.16
SH600616,19930712,0.0,0.6,4.0,0.0
SH600616,19921210,9.0,0.0,0.0,0.0
SH600617,20240627,0.0,0.0,0.0,0.0039402173913
SH600618,20240716,0.0,0.0,0.0,0.0021810250818
SH600619,20240710,0.0,0.0,0.0,0.0001996007984
SH600620,20240724,0.0,0.0,0.0,0.0002136752137
SH600621,20240812,0.0,0.0,0.0,0.0008573596358
SH600623,20240806,0.0,0.0,0.0,0.0021207177814
SH600626,20220714,0.0,0.0,0.0,0.01
SH600626,20200709,0.0,0.0,0.0,0.025
SH600626,20190628,0.0,0.0,0.0,0.05
SH600626,20180711,0.0,0.0,0.0,0.1
SH600626,20170629,0.0,0.0,0.0,0.1
SH600626,20160630,0.0,0.0,0.0,0.1
SH600626,20150618,0.0,0.0,0.0,0.1
SH600626,20140619,0.0,0.0,0.0,0.1
SH600626,20130603,0.0,0.0,0.0,0.1
SH600626,20120619,0.0,0.0,0.0,0.1
SH600626,20110603,0.5,0.0,0.0,0.1
SH600626,20100607,0.0,0.0,0.0,0.1
SH600626,20090612,0.0,0.0,0.0,0.1
SH600626,20080620,0.0,0.0,0.0,0.15
SH600626,20070720,0.0,0.0,0.0,0.1
SH600626,20060818,0.0,0.0,0.0,0.1
SH600626,20060119,0.33,0.0,0.0,0.0
SH600626,20050614,0.4,0.0,0.0,0.1
SH600626,20040816,0.0,0.0,0.0,0.1
SH600626,20030722,0.0,0.0,0.0,0.2
SH600626,20020627,0.0,0.0,0.0,0.2
SH600626,20010625,0.0,0.0,0.0,0.09
SH600626,20010219,0.0,0.2727,7.4,0.0
SH600626,20000721,0.1,0.0,0.0,0.1
SH600626,19980813,0.0,0.0,0.0,0.1
SH600626,19980714,0.0,0.5,4.1,0.0
SH600626,19980513,0.0,0.0,0.0,0.1
SH600626,19970609,0.1,0.0,0.0,0.0
SH600626,19950522,0.0,0.0,0.0,0.1
SH600626,19940509,0.2,0.0,0.0,0.1
SH600626,19930621,0.0,0.6,2.5,0.0
SH600628,20240816,0.0,0.0,0.0,0.0005110732538
SH600629,20240620,0.0,0.0,0.0,0.0029850746269
SH600630,20240705,0.0,0.0,0.0,0.0001534526854
SH600633,20240524,0.0,0.0,0.0,0.0013224821974
SH600635,20240808,0.0,0.0,0.0,0.0010324483776
SH600636,20250925,0.0,0.0,0.0,0.01
SH600636,20250619,0.0,0.0,0.0,0.04
SH600636,20240620,0.0,0.0,0.0,0.0005115089514
SH600636,20230621,0.0,0.0,0.0,0.1
SH600636,20220629,0.0,0.0,0.0,0.04
SH600636,20210702,0.0,0.0,0.0,0.11
SH600636,20200703,0.0,0.0,0.0,0.1
SH600636,20190628,0.0,0.0,0.0,0.37
SH600636,20150430,0.0,0.0,0.0,0.01
SH600636,20140616,0.0,0.0,0.0,0.06
SH600636,20130618,0.0,0.0,0.0,0.11
SH600636,20120709,0.1,0.0,0.0,0.02
SH600636,20080721,0.1,0.0,0.0,0.0
SH600636,20070608,0.0,0.0,0.0,0.1
SH600636,20060612,0.3,0.0,0.0,0.1
SH600636,20060522,0.28,0.0,0.0,0.0
SH600636,20050718,0.0,0.0,0.0,0.05
SH600636,20040429,0.3,0.0,0.0,0.1
SH600636,20030701,0.0,0.0,0.0,0.1
SH600636,20021111,0.2,0.0,0.0,0.0
SH600636,20020510,0.1752,0.0,0.0,0.175
SH600636,20020116,0.0,0.3,8.0,0.0
SH600636,20010509,0.0,0.0,0.0,0.1
SH600636,19990507,0.3,0.0,0.0,0.0
SH600636,19980515,0.2,0.0,0.0,0.0
SH600636,19970714,0.0,0.0,0.0,0.05
SH600636,19960725,0.0,0.0,0.0,0.06
SH600636,19950605,0.0,0.0,0.0,0.07
SH600636,19940418,0.2,0.0,0.0,0.0
SH600636,19930802,0.0,0.6,2.4,0.0
SH600636,19930531,0.0,0.0,0.0,0.04
SH600637,20240716,0.0,0.0,0.0,0.0030100334448
SH600638,20240827,0.0,0.0,0.0,0.0007466666667
SH600639,20240711,0.0,0.0,0.0,0.0056324110672
SH600640,20240725,0.0,0.0,0.0,2.0639834900000003e-05
SH600641,20240822,0.0,0.0,0.0,0.0005050505051
SH600642,20240626,0.0,0.0,0.0,0.0045095828636
SH600643,20240711,0.0,0.0,0.0,0.0005347593583
SH600646,19990603,0.25,0.0,0.0,0.0
SH600646,19990419,0.6599,0.0,0.0,0.0
SH600646,19970627,0.1,0.0,0.0,0.0
SH600646,19960531,0.1,0.0,0.0,0.0
SH600646,19950628,0.1,0.0,0.0,0.06
SH600646,19940503,0.1,0.0,0.0,0.0
SH600646,19930927,0.0,1.0,2.9,0.0
SH600648,20240711,0.0,0.0,0.0,0.0046275395034
SH600649,20240718,0.0,0.0,0.0,0.0016806722689
SH600650,20240802,0.0,0.0,0.0,0.0006001446132
SH600655,20240621,0.0,0.0,0.0,0.0034798534798999
SH600656,20080630,0.3,0.0,0.0,0.0
SH600656,20040419,0.15,0.0,0.0,0.04
SH600656,20030428,0.4,0.0,0.0,0.04
SH600656,20020624,0.0,0.0,0.0,0.04
SH600656,19960617,0.2,0.0,0.0,0.0
SH600656,19951225,0.0,0.0,0.0,0.1
SH600656,19941010,0.2,0.3,2.02,0.0
SH600656,19930621,0.5,3.0,3.3,0.0
SH600656,19921210,9.0,0.0,0.0,0.0
SH600660,20240517,0.0,0.0,0.0,0.0025850069596
SH600662,20240815,0.0,0.0,0.0,0.0030878859857
SH600663,20240603,0.0,0.0,0.0,0.001124260355
SH600666,20230220,1.5,0.0,0.0,0.0
SH600666,20170526,0.6,0.0,0.0,0.0
SH600666,20150421,0.0,0.0,0.0,0.011
SH600666,20140613,0.0,0.0,0.0,0.014
SH600666,20130606,0.0,0.0,0.0,0.011
SH600666,20110516,0.5,0.0,0.0,0.1
SH600666,20080520,0.3,0.0,0.0,0.0
SH600666,20060412,0.3,0.0,0.0,0.0
SH600666,20030617,0.0,0.0,0.0,0.1
SH600666,20010518,0.0,0.0,0.0,0.05
SH600666,20000608,0.0,0.0,0.0,0.1
SH600666,19980331,0.5,0.0,0.0,0.0
SH600666,19970117,0.0,0.2727,3.0,0.0
SH600666,19960704,0.1,0.0,0.0,0.0
SH600666,19950417,0.0,0.0,0.0,0.2
SH600666,19930927,0.0,0.6,3.3,0.0
SH600667,20240628,0.0,0.0,0.0,0.0018356643357
SH600668,20240716,0.0,0.0,0.0,0.0012820512821
SH600673,20240613,0.0,0.0,0.0,0.0041635687732
SH600674,20240716,0.0,0.0,0.0,0.0020356234097
SH600675,20240731,0.0,0.0,0.0,0.0010687022901
SH600676,20200721,0.0,0.0,0.0,0.04
SH600676,20190618,0.0,0.0,0.0,0.1
SH600676,20180719,0.0,0.0,0.0,0.14
SH600676,20170609,0.0,0.0,0.0,0.1
SH600676,20160519,0.0,0.0,0.0,0.12
SH600676,20150528,0.0,0.0,0.0,0.12
SH600676,20140617,0.0,0.0,0.0,0.11
SH600676,20130701,0.0,0.0,0.0,0.1
SH600676,20120720,0.0,0.0,0.0,0.1
SH600676,20110607,0.0,0.0,0.0,0.12
SH600676,20100517,0.0,0.0,0.0,0.1
SH600676,20090514,0.3,0.0,0.0,0.0
SH600676,20080722,0.0,0.0,0.0,0.15
SH600676,20070717,0.0,0.0,0.0,0.08
SH600676,20060530,0.15,0.0,0.0,0.08
SH600676,20051227,0.35,0.0,0.0,0.0
SH600676,20050613,0.0,0.0,0.0,0.1
SH600676,20041018,1.0,0.0,0.0,0.0
SH600676,20040621,0.0,0.0,0.0,0.2
SH600676,20030623,0.0,0.0,0.0,0.15
SH600676,20020626,0.0,0.0,0.0,0.1
SH600676,20010529,0.0,0.0,0.0,0.2
SH600676,20000818,0.0,0.0,0.0,0.0
SH600676,19990423,0.3,0.0,0.0,0.0
SH600676,19980603,0.5,0.0,0.0,0.0
SH600676,19950522,0.2,0.0,0.0,0.0
SH600681,20240618,0.0,0.0,0.0,0.003661971831
SH600682,20240717,0.0,0.0,0.0,0.0006097560976
SH600685,20240726,0.0,0.0,0.0,3.90070922e-05
SH600686,20251022,0.0,0.0,0.0,0.03
SH600686,20250612,0.0,0.0,0.0,0.06
SH600686,20250306,0.0,0.0,0.0,0.02
SH600686,20240711,0.0,0.0,0.0,0.0004353233831
SH600686,20210719,0.0,0.0,0.0,0.005
SH600686,20200717,0.0,0.0,0.0,0.025
SH600686,20190627,0.0,0.0,0.0,0.027
SH600686,20180716,0.0,0.0,0.0,0.1
SH600686,20160606,0.0,0.0,0.0,0.16
SH600686,20151030,0.0,0.0,0.0,0.05
SH600686,20140627,0.0,0.0,0.0,0.2
SH600686,20130624,0.0,0.0,0.0,0.15
SH600686,20120703,0.0,0.0,0.0,0.1
SH600686,20120702,0.0,0.0,0.0,0.1
SH600686,20110701,0.0,0.0,0.0,0.1
SH600686,20100629,0.0,0.0,0.0,0.05
SH600686,20090624,0.0,0.0,0.0,0.05
SH600686,20080610,0.5,0.0,0.0,0.15
SH600686,20070523,0.3,0.0,0.0,0.15
SH600686,20060522,0.3,0.0,0.0,0.15
SH600686,20060330,0.3,0.0,0.0,0.0
SH600686,20050602,0.0,0.0,0.0,0.15
SH600686,20040624,0.0,0.0,0.0,0.13
SH600686,20030710,0.0,0.0,0.0,0.2
SH600686,20020701,0.0,0.0,0.0,0.15
SH600686,20020628,0.0,0.0,0.0,0.15
SH600686,20010516,0.0,0.0,0.0,0.2
SH600686,19990517,0.5,0.0,0.0,0.0
SH600686,19960820,0.2,0.0,0.0,0.0
SH600686,19950515,0.0,0.0,0.0,0.175
SH600686,19940516,0.0,0.0,0.0,0.05
SH600686,19931220,0.2,0.0,0.0,0.0
SH600690,20240816,0.0,0.0,0.0,0.003215529695
SH600693,20240704,0.0,0.0,0.0,0.0012307692308
SH600694,20240611,0.0,0.0,0.0,0.0050994390617
SH600696,20060628,0.27,0.0,0.0,0.0
SH600696,20031022,0.3,0.0,0.0,0.0
SH600696,19980727,0.0,0.0,0.0,0.05
SH600696,19960712,0.0,0.0,0.0,0.14
SH600696,19951113,0.0,0.2727,2.5,0.0
SH600696,19950628,0.1,0.0,0.0,0.189
SH600696,19940606,0.5,0.0,0.0,0.0
SH600697,20240708,0.0,0.0,0.0,0.0010880316518
SH600699,20240607,0.0,0.0,0.0,0.0016763378466
SH600702,20240522,0.0,0.0,0.0,0.0026858213616
SH600703,20240613,0.0,0.0,0.0,0.0002388535032
SH600704,20240705,0.0,0.0,0.0,0.0047727272727
SH600706,20200611,0.0,0.0,0.0,0.017
SH600706,20190708,0.2,0.0,0.0,0.045
SH600706,20060511,0.3,0.0,0.0,0.0
SH600706,19971023,0.0,0.3,4.0,0.0
SH600706,19970617,0.0,0.0,0.0,0.1
SH600706,19960711,0.3,0.0,0.0,0.0
SH600708,20240725,0.0,0.0,0.0,0.0002873563218
SH600710,20240705,0.0,0.0,0.0,0.0043080939948
SH600711,20240621,0.0,0.0,0.0,0.000658974359
SH600713,20240628,0.0,0.0,0.0,0.0036613272311
SH600716,20210813,0.0,0.0,0.0,0.03
SH600716,20200709,0.0,0.0,0.0,0.1
SH600716,20190718,0.0,0.0,0.0,0.1
SH600716,20170706,0.0,0.0,0.0,0.1
SH600716,20150730,0.0,0.0,0.0,0.1
SH600716,20140731,0.0,0.0,0.0,0.1
SH600716,20060721,0.4,0.0,0.0,0.0
SH600716,20050822,0.0,0.0,0.0,0.02
SH600716,20041203,0.6,0.0,0.0,0.03
SH600716,20030820,0.0,0.0,0.0,0.03
SH600716,20020625,0.0,0.0,0.0,0.08
SH600716,20010622,0.0,0.0,0.0,0.1
SH600716,19990826,0.0,0.0,0.0,0.05
SH600716,19970709,0.0,0.0,0.0,0.13
SH600716,19970708,0.0,0.0,0.0,0.13
SH600716,19970117,0.8,0.0,0.0,0.0
SH600717,20240620,0.0,0.0,0.0,0.0023556581986
SH600718,20240717,0.0,0.0,0.0,0.0015950920245
SH600720,20240613,0.0,0.0,0.0,0.0026854754441
SH600724,20240614,0.0,0.0,0.0,0.0035885167464
SH600726,20080618,0.0,0.0,0.0,0.02
SH600726,20070620,0.0,0.0,0.0,0.04
SH600726,20060927,0.32,0.0,0.0,0.0
SH600726,20060616,0.0,0.0,0.0,0.04
SH600726,20050620,0.0,0.0,0.0,0.07
SH600726,20040720,0.0,0.0,0.0,0.07
SH600726,20030717,0.0,0.0,0.0,0.1
SH600726,20020522,0.0,0.0,0.0,0.12
SH600726,20010329,0.6,0.0,0.0,0.12
SH600726,20001215,0.0,0.0,0.0,0.0
SH600726,19990604,0.0,0.0,0.0,0.15
SH600726,19980515,0.5,0.0,0.0,0.0
SH600726,19970425,0.0,0.0,0.0,0.231
SH600727,20240607,0.0,0.0,0.0,0.0015290519878
SH600728,20240612,0.0,0.0,0.0,0.0004845953002999
SH600729,20240627,0.0,0.0,0.0,0.005622305141
SH600731,20240625,0.0,0.0,0.0,0.0042735042735
SH600735,20240607,0.0,0.0,0.0,0.000987012987
SH600736,20250711,0.0,0.0,0.0,0.018
SH600736,20240712,0.0,0.0,0.0,0.0006506024096
SH600736,20230714,0.0,0.0,0.0,0.047
SH600736,20220708,0.0,0.0,0.0,0.07
SH600736,20210709,0.0,0.0,0.0,0.04
SH600736,20200709,0.0,0.0,0.0,0.052
SH600736,20180511,0.0,0.0,0.0,0.145
SH600736,20170512,0.0,0.0,0.0,0.078
SH600736,20160520,0.0,0.0,0.0,0.05
SH600736,20150507,0.0,0.0,0.0,0.049
SH600736,20140617,0.0,0.0,0.0,0.066
SH600736,20130513,0.0,0.0,0.0,0.052
SH600736,20120524,0.0,0.0,0.0,0.04
SH600736,20110506,0.2,0.0,0.0,0.012
SH600736,20100525,0.0,0.0,0.0,0.1
SH600736,20090521,0.0,0.0,0.0,0.09
SH600736,20080505,0.8,0.0,0.0,0.023
SH600736,20070615,0.0,0.0,0.0,0.18
SH600736,20060622,0.0,0.0,0.0,0.18
SH600736,20060324,0.34,0.0,0.0,0.0
SH600736,20050630,0.0,0.0,0.0,0.15
SH600736,20040604,0.0,0.0,0.0,0.12
SH600736,20030521,0.0,0.0,0.0,0.12
SH600736,20020619,0.0,0.0,0.0,0.1
SH600736,20020618,0.0,0.0,0.0,0.1
SH600736,20010718,0.0,0.0,0.0,0.15
SH600736,20010222,0.0,0.3,11.1,0.0
SH600736,20000720,0.0,0.0,0.0,0.1
SH600736,19990527,0.5,0.0,0.0,0.0
SH600736,19980526,0.0,0.1111,8.3,0.0
SH600736,19980318,0.8,0.0,0.0,0.0
SH600736,19970423,0.5,0.0,0.0,0.0
SH600736,19961023,0.6,0.0,0.0,0.0
SH600737,20240730,0.0,0.0,0.0,0.0069154774973
SH600738,20240627,0.0,0.0,0.0,0.0010810810811
SH600739,20240809,0.0,0.0,0.0,0.0011918951132
SH600740,20240620,0.0,0.0,0.0,0.0012019230769
SH600741,20240712,0.0,0.0,0.0,0.0047229219144
SH600742,20240620,0.0,0.0,0.0,0.0030637254902
SH600745,20240805,0.0,0.0,0.0,0.0004310344828
SH600746,20250716,0.0,0.0,0.0,0.0493
SH600746,20230620,0.0,0.0,0.0,0.2
SH600746,20220511,0.0,0.0,0.0,1.0
SH600746,20210621,0.0,0.0,0.0,0.17
SH600746,20180622,0.0,0.0,0.0,0.12
SH600746,20170712,0.0,0.0,0.0,0.035
SH600746,20140704,0.0,0.0,0.0,0.028
SH600746,20080101,0.8,0.0,0.0,0.05
SH600746,20060725,0.32,0.0,0.0,0.0
SH600746,20010404,0.8,0.0,0.0,0.05
SH600746,20000315,0.0,0.1666,6.9,0.0
SH600746,19990712,0.2,0.0,0.0,0.0
SH600746,19980923,0.5,0.0,0.0,0.0
SH600746,19980522,0.15,0.0,0.0,0.0
SH600746,19970521,0.35,0.0,0.0,0.0
SH600748,20240731,0.0,0.0,0.0,0.0007865168539
SH600750,20240613,0.0,0.0,0.0,0.0026525198939
SH600754,20240712,0.0,0.0,0.0,0.0021626297578
SH600755,20240626,0.0,0.0,0.0,0.0064850843061
SH600756,20240531,0.0,0.0,0.0,0.0003181818182
SH600756,20230608,0.0,0.0,0.0,0.03
SH600756,20200525,0.0,0.0,0.0,0.03
SH600756,20190514,0.0,0.0,0.0,0.115
SH600756,20180529,0.0,0.0,0.0,0.115
SH600756,20170531,0.0,0.0,0.0,0.11
SH600756,20160617,0.0,0.0,0.0,0.06
SH600756,20140526,0.0,0.0,0.0,0.01
SH600756,20130823,0.0,0.0,0.0,0.043
SH600756,20120510,0.5,0.0,0.0,0.05
SH600756,20060524,0.24,0.0,0.0,0.0
SH600756,20041203,0.0,0.3,8.35,0.0
SH600756,20040426,0.0,0.0,0.0,0.05
SH600756,20020808,0.0,0.0,0.0,0.05
SH600756,20010420,0.5,0.0,0.0,0.1
SH600756,19980701,0.0,0.0,0.0,0.2
SH600756,19970224,0.6,0.0,0.0,0.0
SH600757,20240620,0.0,0.0,0.0,0.0047505938242
SH600760,20240620,0.0,0.0,0.0,0.0009765625
SH600761,20240607,0.0,0.0,0.0,0.0024844720497
SH600763,20240705,0.0,0.0,0.0,0.000811719769
SH600764,20240809,0.0,0.0,0.0,0.000675257732
SH600765,20240614,0.0,0.0,0.0,0.0013168379834
SH600766,20120606,0.31,0.0,0.0,0.0
SH600766,20060921,0.13,0.0,0.0,0.0
SH600766,20010302,0.0,0.2,11.0,0.0
SH600766,20001016,0.5,0.0,0.0,0.0
SH600766,19980702,0.0,0.1764,6.0,0.0
SH600766,19980429,0.7,0.0,0.0,0.0
SH600773,20240719,0.0,0.0,0.0,8.04505229e-05
SH600776,20250804,0.0,0.0,0.0,0.061
SH600776,20240805,0.0,0.0,0.0,0.0006531049251
SH600776,20230703,0.0,0.0,0.0,0.055
SH600776,20220707,0.0,0.0,0.0,0.04
SH600776,20210621,0.0,0.0,0.0,0.04
SH600776,20200618,0.0,0.0,0.0,0.04
SH600776,20190718,0.0,0.0,0.0,0.06
SH600776,20180717,0.0,0.0,0.0,0.06
SH600776,20170711,0.0,0.0,0.0,0.06
SH600776,20160622,0.0,0.0,0.0,0.06
SH600776,20150813,0.0,0.0,0.0,0.06
SH600776,20140709,0.0,0.0,0.0,0.06
SH600776,20130708,0.0,0.0,0.0,0.08
SH600776,20120531,0.0,0.0,0.0,0.08
SH600776,20110527,0.0,0.0,0.0,0.12
SH600776,20091208,0.0,0.0,0.0,0.07
SH600776,20060908,1.0,0.0,0.0,0.0
SH600776,20060726,0.33,0.0,0.0,0.0
SH600776,20050624,0.0,0.0,0.0,0.035
SH600776,20020702,0.0,0.0,0.0,0.2
SH600776,20010622,0.0,0.0,0.0,0.3
SH600776,20000907,0.0,0.0,0.0,0.0
SH600776,20000711,0.0,0.0,0.0,0.15
SH600776,19990817,0.0,0.0,0.0,0.14
SH600776,19980807,0.0,0.0,0.0,0.3
SH600776,19971024,0.5,0.0,0.0,0.0
SH600776,19970516,0.0,0.0,0.0,0.048
SH600779,20240801,0.0,0.0,0.0,0.0024380495604
SH600780,20240725,0.0,0.0,0.0,0.003515625
SH600782,20240703,0.0,0.0,0.0,0.0043604651163
SH600783,20240710,0.0,0.0,0.0,0.0012074643249
SH600784,20240712,0.0,0.0,0.0,0.0013071895425
SH600785,20240621,0.0,0.0,0.0,0.0014275517487999
SH600786,20070622,0.0,0.0,0.0,0.2
SH600786,20070323,0.25,0.0,0.0,0.0
SH600786,20060420,0.0,0.0,0.0,0.24
SH600786,20050608,0.0,0.0,0.0,0.252
SH600786,20040928,0.9,0.0,0.0,0.0
SH600786,19970610,0.0,0.0,0.0,0.28
SH600787,20240606,0.0,0.0,0.0,0.0025
SH600789,20240621,0.0,0.0,0.0,0.0012345679012
SH600790,20240614,0.0,0.0,0.0,0.002994011976
SH600792,20240628,0.0,0.0,0.0,0.0020474777448
SH600794,20240517,0.0,0.0,0.0,0.0022911051213
SH600795,20240705,0.0,0.0,0.0,0.0011647254576
SH600796,20250704,0.0,0.0,0.0,0.031
SH600796,20240627,0.0,0.0,0.0,0.0006981981982
SH600796,20230616,0.0,0.0,0.0,0.102
SH600796,20220629,0.0,0.0,0.0,0.1
SH600796,20180627,0.0,0.0,0.0,0.03
SH600796,20170620,0.0,0.0,0.0,0.05
SH600796,20140626,0.0,0.0,0.0,0.03
SH600796,20110506,0.1,0.0,0.0,0.02
SH600796,20110501,0.1,0.0,0.0,0.02
SH600796,20070704,0.0,0.0,0.0,0.05
SH600796,20060601,0.3,0.0,0.0,0.0
SH600796,20060511,0.38,0.0,0.0,0.0
SH600796,20050622,0.0,0.0,0.0,0.1
SH600796,20040520,0.8,0.0,0.0,0.0
SH600796,20030612,0.0,0.0,0.0,0.2
SH600796,20020716,0.0,0.0,0.0,0.182
SH600796,20020514,0.0,0.3,12.1,0.0
SH600796,20010620,0.0,0.0,0.0,0.15
SH600796,20000707,0.0,0.0,0.0,0.3
SH600796,19990915,0.0,0.1515,10.0,0.0
SH600796,19990316,0.8,0.0,0.0,0.0
SH600796,19980421,0.1,0.0,0.0,0.0
SH600797,20240626,0.0,0.0,0.0,0.0008869179600999
SH600798,20240621,0.0,0.0,0.0,0.0010638297872
SH600801,20240618,0.0,0.0,0.0,0.0037830121341999
SH600803,20240801,0.0,0.0,0.0,0.0033622007131999
SH600806,20120605,0.0,0.0,0.0,0.02
SH600806,20110607,0.0,0.0,0.0,0.05
SH600806,20100716,0.25,0.0,0.0,0.05
SH600806,20090706,0.0,0.0,0.0,0.0943
SH600806,20080701,0.0,0.0,0.0,0.27
SH600806,20071120,0.5,0.0,0.0,0.0
SH600806,20070307,0.42606,0.0,0.0,0.0
SH600806,20070227,0.156,0.0,0.0,0.0
SH600806,19960624,0.0,0.0,0.0,0.03
SH600806,19950619,0.0,0.0,0.0,0.1
SH600806,19940627,0.0,0.0,0.0,0.1
SH600809,20240705,0.0,0.0,0.0,0.0021703501366
SH600810,20240708,0.0,0.0,0.0,0.0022025723473
SH600812,20240718,0.0,0.0,0.0,0.0002222222222
SH600814,20240618,0.0,0.0,0.0,0.0023139158576
SH600816,20180504,0.2,0.0,0.0,0.5
SH600816,20170306,1.2,0.0,0.0,0.6
SH600816,20160413,0.0,0.0,0.0,0.35
SH600816,20150923,1.5,0.0,0.0,0.0
SH600816,20150608,0.0,0.0,0.0,0.7
SH600816,20140721,0.0,0.0,0.0,0.2
SH600816,20130624,0.0,0.0,0.0,0.1
SH600816,20010625,0.3,0.0,0.0,0.075
SH600816,19980605,0.1,0.0,0.0,0.0
SH600816,19980218,0.1,0.0,0.0,0.0
SH600816,19970724,0.0,0.25,4.3,0.0
SH600816,19970506,0.2,0.0,0.0,0.0
SH600816,19960311,0.4,0.0,0.0,0.0
SH600816,19940307,0.2,0.0,0.0,0.0
SH600817,20240620,0.0,0.0,0.0,0.0043230944255
SH600819,20240717,0.0,0.0,0.0,0.0001152073733
SH600820,20240816,0.0,0.0,0.0,0.0032670454545
SH600821,20240528,0.0,0.0,0.0,0.0012886597938
SH600824,20240816,0.0,0.0,0.0,0.0005519480519
SH600825,20240607,0.0,0.0,0.0,0.0003430079156
SH600826,20251014,0.0,0.0,0.0,0.0591
SH600826,20250624,0.0,0.0,0.0,0.2166
SH600826,20241105,0.0,0.0,0.0,0.0591
SH600826,20240628,0.0,0.0,0.0,0.0035220125786
SH600826,20230704,0.0,0.0,0.0,0.109
SH600826,20220719,0.0,0.0,0.0,0.113
SH600826,20210629,0.0,0.0,0.0,0.13
SH600826,20200624,0.0,0.0,0.0,0.13
SH600826,20190621,0.0,0.0,0.0,0.17
SH600826,20180731,0.0,0.0,0.0,0.21
SH600826,20170714,0.0,0.0,0.0,0.6
SH600826,20160629,0.0,0.0,0.0,0.38
SH600826,20150722,0.0,0.0,0.0,0.38
SH600826,20140721,0.0,0.0,0.0,0.05
SH600826,20130527,0.0,0.0,0.0,0.04
SH600826,20120731,0.0,0.0,0.0,0.03
SH600826,20110531,0.5,0.0,0.0,0.03
SH600826,20060119,0.4,0.0,0.0,0.0
SH600826,20020627,0.0,0.0,0.0,0.1
SH600826,20000711,0.0,0.0,0.0,0.2
SH600826,19980615,0.0,0.0,0.0,0.55
SH600826,19961211,0.0,0.1785,3.9,0.0
SH600826,19961126,0.4,0.0,0.0,0.0
SH600826,19960624,0.2,0.0,0.0,0.11
SH600826,19950424,0.0,0.0,0.0,0.4
SH600827,20240722,0.0,0.0,0.0,0.0015503875969
SH600828,20240425,0.0,0.0,0.0,0.0009854014599
SH600829,20240725,0.0,0.0,0.0,0.0025668449198
SH600830,20240531,0.0,0.0,0.0,0.0002407704655
SH600833,20240621,0.0,0.0,0.0,0.0011649580615
SH600834,20240719,0.0,0.0,0.0,0.0007344632768
SH600835,20240604,0.0,0.0,0.0,0.0034029389017999
SH600836,20180604,0.0,0.0,0.0,0.015
SH600836,20160519,1.0,0.0,0.0,0.02
SH600836,20150512,0.0,0.0,0.0,0.02
SH600836,20140620,0.0,0.0,0.0,0.02
SH600836,20130717,0.0,0.0,0.0,0.03
SH600836,20100611,0.0,0.0,0.0,0.03
SH600836,20080514,0.8,0.0,0.0,0.0
SH600836,20060616,0.3,0.0,0.0,0.1
SH600836,20051102,0.3,0.0,0.0,0.0
SH600836,19970606,0.25,0.0,0.0,0.1
SH600836,19960603,0.15,0.0,0.0,0.0
SH600836,19951023,0.3,0.0,0.0,0.0
SH600838,20240816,0.0,0.0,0.0,0.0008173913043
SH600843,20240730,0.0,0.0,0.0,0.0007142857143
SH600845,20240612,0.0,0.0,0.0,0.0023912003826
SH600846,20250815,0.0,0.0,0.0,0.1986
SH600846,20240809,0.0,0.0,0.0,0.0027777777778
SH600846,20231027,0.0,0.0,0.0,0.17
SH600846,20220826,0.0,0.0,0.0,0.28
SH600846,20210716,0.0,0.0,0.0,0.32
SH600846,20200728,0.0,0.0,0.0,0.34
SH600846,20190807,0.0,0.0,0.0,0.15
SH600846,20180809,0.0,0.0,0.0,0.13
SH600846,20170818,0.0,0.0,0.0,0.1
SH600846,20160707,0.0,0.0,0.0,0.1
SH600846,20150723,0.0,0.0,0.0,0.1
SH600846,20140710,0.0,0.0,0.0,0.08
SH600846,20130708,0.0,0.0,0.0,0.02
SH600846,20120614,0.0,0.0,0.0,0.02
SH600846,20101129,0.2,0.0,0.0,0.02
SH600846,20100607,0.5,0.0,0.0,0.03
SH600846,20080717,0.0,0.0,0.0,0.06
SH600846,20080716,0.0,0.0,0.0,0.06
SH600846,20070718,0.0,0.0,0.0,0.05
SH600846,20060623,0.0,0.0,0.0,0.07
SH600846,20060310,0.3,0.0,0.0,0.0
SH600846,20050819,0.0,0.0,0.0,0.06
SH600846,20030812,0.0,0.0,0.0,0.1
SH600846,20010511,0.0,0.0,0.0,0.1
SH600846,20000620,0.6,0.0,0.0,0.0
SH600846,19990601,0.5,0.0,0.0,0.0
SH600846,19980617,0.0,0.0,0.0,0.19
SH600846,19970901,0.0,0.166,4.2,0.0
SH600846,19970617,0.2,0.0,0.0,0.21
SH600846,19960730,0.05,0.0,0.0,0.15
SH600846,19950911,0.4,0.3,4.2,0.0
SH600848,20240729,0.0,0.0,0.0,0.0021390374332
SH600850,20240621,0.0,0.0,0.0,0.0024064171123
SH600851,20240731,0.0,0.0,0.0,0.0013713080169
SH600853,20240725,0.0,0.0,0.0,0.0011326860841
SH600854,20240607,0.0,0.0,0.0,0.0038356164383999
SH600856,20180622,0.0,0.0,0.0,0.12
SH600856,20160822,1.0,0.0,0.0,0.0
SH600856,20060831,0.6063,0.0,0.0,0.0
SH600856,20060830,0.6063,0.0,0.0,0.0
SH600856,20010628,0.0,0.0,0.0,0.05
SH600856,20000706,0.0,0.0,0.0,0.24
SH600856,19991102,0.0,0.0,0.0,0.12
SH600856,19980707,0.4,0.0,0.0,0.0
SH600856,19960510,0.0,0.3,2.8,0.0
SH600856,19960426,0.0,0.0,0.0,0.166
SH600856,19950622,0.0,0.0,0.0,0.16
SH600856,19940530,0.0,0.0,0.0,0.1786
SH600857,20240614,0.0,0.0,0.0,0.0014166666667
SH600859,20240710,0.0,0.0,0.0,0.0014992503748
SH600861,20240712,0.0,0.0,0.0,0.0029440389294
SH600862,20240628,0.0,0.0,0.0,0.0012034538585999
SH600863,20240726,0.0,0.0,0.0,0.004185520362
SH600865,20240509,0.0,0.0,0.0,0.0029411764706
SH600866,20250623,0.0,0.0,0.0,0.38
SH600866,20240617,0.0,0.0,0.0,0.0059748427673
SH600866,20100518,0.0,0.0,0.0,0.15
SH600866,20070720,0.0,0.0,0.0,0.03
SH600866,20051128,0.35,0.0,0.0,0.0
SH600866,20051125,0.35,0.0,0.0,0.0
SH600866,20050524,0.0,0.0,0.0,0.05
SH600866,20040521,0.6,0.0,0.0,0.15
SH600866,20020624,0.0,0.0,0.0,0.1
SH600866,20010425,0.3,0.0,0.0,0.1
SH600866,20000721,0.3,0.0,0.0,0.2
SH600866,19990727,0.0,0.3,9.0,0.0
SH600866,19990618,0.0,0.0,0.0,0.15
SH600866,19980610,0.3,0.0,0.0,0.0
SH600866,19970702,0.0,0.1875,9.0,0.0
SH600866,19970331,0.6,0.0,0.0,0.0
SH600866,19960624,0.0,0.0,0.0,0.16
SH600866,19960322,0.0,0.25,5.5,0.0
SH600866,19950508,0.2,0.0,0.0,0.1
SH600866,19941017,0.2,0.0,0.0,0.0
SH600867,20240523,0.0,0.0,0.0,0.0025
SH600869,20240726,0.0,0.0,0.0,0.0019830028329
SH600872,20240522,0.0,0.0,0.0,0.0014295925661
SH600873,20240606,0.0,0.0,0.0,0.0037940379404
SH600874,20240705,0.0,0.0,0.0,0.0029380530973
SH600875,20240726,0.0,0.0,0.0,0.0029393564356
SH600876,20060608,0.42,0.0,0.0,0.0
SH600876,19960618,0.0,0.0,0.0,0.037
SH600879,20240712,0.0,0.0,0.0,0.0006486486486
SH600880,20240726,0.0,0.0,0.0,0.0002915451895
SH600883,20240704,0.0,0.0,0.0,0.0008305647841
SH600884,20240606,0.0,0.0,0.0,0.0020304568528
SH600885,20240620,0.0,0.0,0.0,0.0015269565217
SH600886,20250808,0.0,0.0,0.0,0.4565
SH600886,20240809,0.0,0.0,0.0,0.0029123013537
SH600886,20230804,0.0,0.0,0.0,0.275
SH600886,20220729,0.0,0.0,0.0,0.1635
SH600886,20210818,0.0,0.0,0.0,0.28
SH600886,20200814,0.0,0.0,0.0,0.2453
SH600886,20190730,0.0,0.0,0.0,0.225
SH600886,20180807,0.0,0.0,0.0,0.1667
SH600886,20170825,0.0,0.0,0.0,0.202
SH600886,20160705,0.0,0.0,0.0,0.2799
SH600886,20150626,0.0,0.0,0.0,0.2886
SH600886,20140626,0.0,0.0,0.0,0.1461
SH600886,20130522,0.6,0.0,0.0,0.0843
SH600886,20120625,0.5,0.0,0.0,0.015
SH600886,20110704,0.0,0.0,0.0,0.025
SH600886,20100705,0.0,0.0,0.0,0.2197
SH600886,20090519,0.0,0.0,0.0,0.306
SH600886,20080512,0.0,0.0,0.0,0.116
SH600886,20070917,0.0,0.3,6.14,0.0
SH600886,20070604,0.0,0.0,0.0,0.18
SH600886,20060421,0.0,0.0,0.0,0.13
SH600886,20051104,0.0,0.0,0.0,0.5
SH600886,20050809,0.26,0.0,0.0,0.0
SH600886,20050419,0.0,0.0,0.0,0.1
SH600886,20040930,1.0,0.0,0.0,0.0
SH600886,19980724,0.0,0.15,15.0,0.0
SH600886,19980527,1.0,0.0,0.0,0.0
SH600886,19961125,0.4,0.0,0.0,0.0
SH600886,19960604,0.5,0.0,0.0,0.3
SH600887,20240605,0.0,0.0,0.0,0.0041928721174
SH600888,20240531,0.0,0.0,0.0,0.0015286624204
SH600893,20240627,0.0,0.0,0.0,0.0004432132963999
SH600894,20240614,0.0,0.0,0.0,0.004451772465
SH600895,20240808,0.0,0.0,0.0,0.0010371179039
SH600896,20140521,0.0,0.0,0.0,0.009
SH600896,20110614,0.0,0.0,0.0,0.02
SH600896,20110326,0.0,0.0,0.0,0.02
SH600896,20100618,0.0,0.0,0.0,0.02
SH600896,20090612,0.0,0.0,0.0,0.04
SH600896,20080530,0.3,0.0,0.0,0.04
SH600896,20070628,0.0,0.0,0.0,0.08
SH600896,20060616,0.0,0.0,0.0,0.1
SH600896,20060424,0.83217,0.0,0.0,0.0
SH600896,20060421,0.83217,0.0,0.0,0.0
SH600896,20050622,0.0,0.0,0.0,0.06
SH600896,20040615,0.0,0.0,0.0,0.06
SH600896,20030623,0.0,0.0,0.0,0.1
SH600896,20020620,0.0,0.0,0.0,0.1
SH600896,20010613,0.0,0.0,0.0,0.1
SH600896,20000616,0.0,0.0,0.0,0.15
SH600896,19990922,0.0,0.2,6.0,0.0
SH600896,19980417,0.5,0.0,0.0,0.0
SH600896,19970829,0.0,0.3,4.5,0.0
SH600896,19970611,0.0,0.0,0.0,0.12
SH600897,20240718,0.0,0.0,0.0,0.0019938650307
SH600900,20240719,0.0,0.0,0.0,0.0026147959184
SH600901,20240614,0.0,0.0,0.0,0.0061185468451
SH600903,20240607,0.0,0.0,0.0,0.0005389221557
SH600905,20240814,0.0,0.0,0.0,0.0016525423729
SH600906,20251024,0.0,0.0,0.0,0.03
SH600906,20250815,0.0,0.0,0.0,0.1
SH600906,20240726,0.0,0.0,0.0,0.0017605633803
SH600906,20230811,0.0,0.0,0.0,0.05
SH600906,20220812,0.0,0.0,0.0,0.1
SH600906,20210813,0.0,0.0,0.0,0.08
SH600908,20240705,0.0,0.0,0.0,0.0037037037037
SH600909,20240628,0.0,0.0,0.0,0.0022831050228
SH600916,20250610,0.0,0.0,0.0,0.35
SH600916,20240604,0.0,0.0,0.0,0.0041899441341
SH600916,20230602,0.0,0.0,0.0,0.3
SH600916,20220607,0.0,0.0,0.0,0.24
SH600916,20210629,0.0,0.0,0.0,0.16
SH600917,20240619,0.0,0.0,0.0,0.0017468805704
SH600918,20240620,0.0,0.0,0.0,0.0005016722407999
SH600919,20240614,0.0,0.0,0.0,0.0062005277045
SH600925,20240618,0.0,0.0,0.0,0.0038321167883
SH600926,20251118,0.0,0.0,0.0,0.38
SH600926,20250721,0.0,0.0,0.0,0.28
SH600926,20241106,0.0,0.0,0.0,0.37
SH600926,20240711,0.0,0.0,0.0,0.0039039039039
SH600926,20230713,0.0,0.0,0.0,0.4
SH600926,20220713,0.0,0.0,0.0,0.35
SH600926,20210625,0.0,0.0,0.0,0.35
SH600926,20200709,0.0,0.0,0.0,0.35
SH600926,20190704,0.0,0.0,0.0,0.25
SH600926,20180704,0.4,0.0,0.0,0.3
SH600926,20170606,0.4,0.0,0.0,0.3
SH600927,20240614,0.0,0.0,0.0,0.0006917164816
SH600928,20240801,0.0,0.0,0.0,0.001686746988
SH600929,20240715,0.0,0.0,0.0,0.0035842293907
SH600933,20240710,0.0,0.0,0.0,0.0020984081041999
SH600935,20240717,0.0,0.0,0.0,0.0001339285714
SH600936,20200728,0.0,0.0,0.0,0.02
SH600936,20180710,0.0,0.0,0.0,0.05
SH600936,20161219,0.0,0.0,0.0,0.13
SH600938,20240712,0.0,0.0,0.0,0.0017762130178
SH600939,20240809,0.0,0.0,0.0,0.0004366812227
SH600941,20240606,0.0,0.0,0.0,0.0021488001574
SH600955,20240425,0.0,0.0,0.0,0.0003405572755
SH600956,20250818,0.0,0.0,0.0,0.21
SH600956,20240729,0.0,0.0,0.0,0.0027684346701
SH600956,20230619,0.0,0.0,0.0,0.193
SH600956,20220721,0.0,0.0,0.0,0.167
SH600956,20210609,0.0,0.0,0.0,0.136
SH600956,20201102,0.0,0.0,0.0,0.125
SH600958,20240628,0.0,0.0,0.0,0.0019108280255
SH600959,20240823,0.0,0.0,0.0,0.000752688172
SH600965,20240703,0.0,0.0,0.0,0.0012894736842
SH600966,20250710,0.0,0.0,0.0,0.02631
SH600966,20240703,0.0,0.0,0.0,0.0006051440329
SH600966,20230706,0.0,0.0,0.0,0.0184
SH600966,20220825,0.0,0.0,0.0,0.2705
SH600966,20210629,0.0,0.0,0.0,0.1264
SH600966,20200716,0.0,0.0,0.0,0.017
SH600966,20190716,0.0,0.0,0.0,0.017
SH600966,20181019,0.0,0.0,0.0,0.06
SH600966,20170525,0.0,0.0,0.0,0.022
SH600966,20150514,1.0,0.0,0.0,0.0
SH600966,20130628,0.0,0.0,0.0,0.005
SH600966,20110601,0.0,0.0,0.0,0.05
SH600966,20090504,0.0,0.0,0.0,0.08
SH600966,20080429,0.6,0.0,0.0,0.1
SH600966,20070402,0.0,0.0,0.0,0.05
SH600966,20060516,0.3,0.0,0.0,0.0
SH600966,20051107,0.3,0.0,0.0,0.0
SH600966,20050711,0.2,0.0,0.0,0.1
SH600967,20240711,0.0,0.0,0.0,0.0035765379112999
SH600968,20240621,0.0,0.0,0.0,0.002736318408
SH600970,20240605,0.0,0.0,0.0,0.0030627871363
SH600971,20240524,0.0,0.0,0.0,0.0064935064934999
SH600976,20250430,0.0,0.0,0.0,0.9
SH600976,20240426,0.0,0.0,0.0,0.0021242697822999
SH600976,20230519,0.0,0.0,0.0,1.0
SH600976,20220523,0.0,0.0,0.0,0.806
SH600976,20210618,0.0,0.0,0.0,0.366
SH600976,20200701,0.0,0.0,0.0,0.2
SH600976,20190606,0.0,0.0,0.0,0.2
SH600976,20180601,0.0,0.0,0.0,0.2
SH600976,20170512,0.0,0.0,0.0,0.1
SH600976,20160601,0.0,0.0,0.0,0.2
SH600976,20150508,0.0,0.0,0.0,0.38
SH600976,20140526,0.0,0.0,0.0,0.38
SH600976,20130516,0.0,0.0,0.0,0.38
SH600976,20120515,0.0,0.0,0.0,0.4
SH600976,20110613,0.0,0.0,0.0,0.3
SH600976,20100426,0.0,0.0,0.0,0.15
SH600976,20090629,0.0,0.0,0.0,0.05
SH600976,20060712,1.0,0.0,0.0,0.0
SH600976,20060508,0.25,0.0,0.0,0.0
SH600976,20041111,0.0,0.0,0.0,0.1
SH600977,20240816,0.0,0.0,0.0,0.0006704438149
SH600979,20240620,0.0,0.0,0.0,0.0015517241379
SH600980,20240620,0.0,0.0,0.0,0.0003877703207
SH600982,20240529,0.0,0.0,0.0,0.0035128805621
SH600983,20240605,0.0,0.0,0.0,0.000872909699
SH600985,20240607,0.0,0.0,0.0,0.0053475935829
SH600986,20241218,0.0,0.0,0.0,0.05
SH600986,20190725,0.0,0.0,0.0,0.01
SH600986,20180718,0.4,0.0,0.0,0.05
SH600986,20170602,0.0,0.0,0.0,0.035
SH600986,20160720,0.0,0.0,0.0,0.03
SH600986,20130801,0.0,0.0,0.0,0.05
SH600986,20090622,1.0,0.0,0.0,0.06
SH600986,20070713,0.2,0.0,0.0,0.02
SH600986,20060407,0.27,0.0,0.0,0.0
SH600986,20040701,0.3,0.0,0.0,0.2
SH600987,20240517,0.0,0.0,0.0,0.0037974683544
SH600988,20240529,0.0,0.0,0.0,0.0002885170225
SH600989,20240724,0.0,0.0,0.0,0.0017188459177
SH600992,20240627,0.0,0.0,0.0,0.0002447552447999
SH600993,20240726,0.0,0.0,0.0,0.0014787430683999
SH600995,20240524,0.0,0.0,0.0,0.0008917525773
SH600996,20200717,0.0,0.0,0.0,0.1
SH600996,20190716,0.0,0.0,0.0,0.09
SH600996,20180711,0.0,0.0,0.0,0.133
SH600996,20170628,0.0,0.0,0.0,0.11
SH600997,20240517,0.0,0.0,0.0,0.0042186732187
SH600998,20240607,0.0,0.0,0.0,0.0034013605442
SH600999,20240716,0.0,0.0,0.0,0.0017746478873
SH601000,20240523,0.0,0.0,0.0,0.0046511627907
SH601001,20240627,0.0,0.0,0.0,0.004553314121
SH601002,20240620,0.0,0.0,0.0,0.0031948881789
SH601006,20251024,0.0,0.0,0.0,0.08
SH601006,20250711,0.0,0.0,0.0,0.14
SH601006,20241024,0.0,0.0,0.0,0.12924
SH601006,20240711,0.0,0.0,0.0,0.0053491596639
SH601006,20230713,0.0,0.0,0.0,0.48
SH601006,20220707,0.0,0.0,0.0,0.48
SH601006,20210708,0.0,0.0,0.0,0.48
SH601006,20200702,0.0,0.0,0.0,0.48
SH601006,20190627,0.0,0.0,0.0,0.48
SH601006,20180628,0.0,0.0,0.0,0.47
SH601006,20170629,0.0,0.0,0.0,0.25
SH601006,20160707,0.0,0.0,0.0,0.45
SH601006,20150619,0.0,0.0,0.0,0.48
SH601006,20140623,0.0,0.0,0.0,0.43
SH601006,20130605,0.0,0.0,0.0,0.39
SH601006,20120719,0.0,0.0,0.0,0.39
SH601006,20110629,0.0,0.0,0.0,0.35
SH601006,20100624,0.0,0.0,0.0,0.3
SH601006,20090701,0.0,0.0,0.0,0.3
SH601006,20080701,0.0,0.0,0.0,0.3
SH601006,20070618,0.0,0.0,0.0,0.3
SH601007,20240710,0.0,0.0,0.0,0.0019077901431
SH601008,20240510,0.0,0.0,0.0,0.0012315270936
SH601009,20240614,0.0,0.0,0.0,0.005377755511
SH601010,20240626,0.0,0.0,0.0,0.0028252941176
SH601012,20240715,0.0,0.0,0.0,0.0011988716502
SH601016,20251023,0.0,0.0,0.0,0.03518
SH601016,20250618,0.0,0.0,0.0,0.074
SH601016,20240619,0.0,0.0,0.0,0.0026837060703
SH601016,20230615,0.0,0.0,0.0,0.091
SH601016,20221128,0.0,0.3,2.28,0.0
SH601016,20220527,0.0,0.0,0.0,0.055
SH601016,20210526,0.0,0.0,0.0,0.044
SH601016,20200623,0.0,0.0,0.0,0.051
SH601016,20190624,0.0,0.0,0.0,0.0464
SH601016,20180620,0.0,0.0,0.0,0.044
SH601016,20170419,1.0,0.0,0.0,0.041
SH601016,20160526,0.0,0.0,0.0,0.045
SH601016,20150529,0.0,0.0,0.0,0.0461
SH601018,20240516,0.0,0.0,0.0,0.0024931506849
SH601019,20240614,0.0,0.0,0.0,0.0040875912409
SH601020,20240821,0.0,0.0,0.0,0.0002414570684999
SH601021,20240809,0.0,0.0,0.0,0.0012529085377
SH601022,20240529,0.0,0.0,0.0,0.0010593607305999
SH601026,20251205,0.0,0.0,0.0,0.15
SH601033,20240509,0.0,0.0,0.0,0.0032561051972
SH601038,20240614,0.0,0.0,0.0,0.0019369314736
SH601058,20240607,0.0,0.0,0.0,0.0011417058428
SH601059,20240821,0.0,0.0,0.0,0.0003448275861999
SH601061,20240708,0.0,0.0,0.0,0.0021186440678
SH601065,20240617,0.0,0.0,0.0,0.0036726128017
SH601066,20260108,0.0,0.0,0.0,0.165
SH601066,20250821,0.0,0.0,0.0,0.165
SH601066,20241227,0.0,0.0,0.0,0.09
SH601066,20240822,0.0,0.0,0.0,0.0012987012987
SH601066,20230822,0.0,0.0,0.0,0.27
SH601066,20220818,0.0,0.0,0.0,0.395
SH601066,20210819,0.0,0.0,0.0,0.375
SH601066,20200630,0.0,0.0,0.0,0.235
SH601066,20190809,0.0,0.0,0.0,0.18
SH601066,20181204,0.0,0.0,0.0,0.18
SH601077,20240628,0.0,0.0,0.0,0.0055057251908
SH601083,20240614,0.0,0.0,0.0,0.0026999059265999
SH601086,20250612,0.0,0.0,0.0,0.0793
SH601086,20240620,0.0,0.0,0.0,0.0044117647059
SH601086,20230609,0.0,0.0,0.0,0.1
SH601086,20220617,0.0,0.0,0.0,0.1
SH601086,20211014,0.0,0.0,0.0,0.5
SH601086,20210624,0.0,0.0,0.0,0.12
SH601086,20200701,0.0,0.0,0.0,0.1
SH601086,20191024,0.0,0.0,0.0,0.1
SH601086,20190621,0.0,0.0,0.0,0.1
SH601086,20180620,0.0,0.0,0.0,0.1
SH601088,20240708,0.0,0.0,0.0,0.0050110864745
SH601089,20240614,0.0,0.0,0.0,0.0034059945504
SH601096,20250924,0.0,0.0,0.0,0.0238
SH601096,20250606,0.0,0.0,0.0,0.0162
SH601096,20241022,0.0,0.0,0.0,0.0114
SH601096,20240708,0.0,0.0,0.0,0.0003422604423
SH601098,20240712,0.0,0.0,0.0,0.0045342126958
SH601100,20240628,0.0,0.0,0.0,0.0014699706006
SH601101,20240626,0.0,0.0,0.0,0.0037037037037
SH601106,20150721,0.0,0.0,0.0,0.0011
SH601106,20140708,0.0,0.0,0.0,0.0008
SH601106,20130702,0.0,0.0,0.0,0.0013
SH601106,20120626,0.0,0.0,0.0,0.0063
SH601106,20110620,0.0,0.0,0.0,0.0208
SH601107,20240613,0.0,0.0,0.0,0.0043010752687999
SH601108,20240607,0.0,0.0,0.0,0.0014204545455
SH601116,20250610,0.0,0.0,0.0,0.2
SH601116,20240611,0.0,0.0,0.0,0.0024009603841999
SH601116,20230529,0.0,0.0,0.0,0.2
SH601116,20220607,0.0,0.0,0.0,0.2
SH601116,20210531,0.0,0.0,0.0,0.2
SH601116,20200601,0.0,0.0,0.0,0.2
SH601116,20190603,0.0,0.0,0.0,0.2
SH601116,20180528,0.0,0.0,0.0,0.2
SH601116,20170512,0.0,0.0,0.0,0.2
SH601116,20160519,0.0,0.0,0.0,0.2
SH601116,20150525,0.0,0.0,0.0,0.2
SH601116,20140521,0.0,0.0,0.0,0.2
SH601116,20130523,0.0,0.0,0.0,0.2
SH601116,20120521,0.0,0.0,0.0,0.15
SH601116,20110527,0.0,0.0,0.0,0.1
SH601117,20240715,0.0,0.0,0.0,0.0023924731183
SH601118,20240717,0.0,0.0,0.0,0.0004644444444
SH601121,20240603,0.0,0.0,0.0,0.0018167701862999
SH601126,20250522,0.0,0.0,0.0,0.72
SH601126,20240426,0.0,0.0,0.0,0.0038910505837
SH601126,20230510,0.0,0.0,0.0,0.615
SH601126,20220520,0.0,0.0,0.0,0.5
SH601126,20210429,0.0,0.0,0.0,0.98
SH601126,20200708,0.0,0.0,0.0,0.178
SH601126,20190613,0.0,0.0,0.0,0.178
SH601126,20180524,0.0,0.0,0.0,0.178
SH601126,20170505,0.0,0.0,0.0,0.178
SH601126,20160624,0.0,0.0,0.0,0.16
SH601126,20151012,1.0,0.0,0.0,0.0
SH601126,20150527,0.0,0.0,0.0,0.25
SH601126,20140630,0.0,0.0,0.0,0.275
SH601126,20130530,0.0,0.0,0.0,0.25
SH601126,20120522,0.0,0.0,0.0,0.25
SH601126,20110603,0.0,0.0,0.0,0.2
SH601128,20240529,0.0,0.0,0.0,0.0028441410694
SH601133,20240614,0.0,0.0,0.0,0.0012549019608
SH601136,20251219,0.0,0.0,0.0,0.1
SH601136,20250822,0.0,0.0,0.0,0.095
SH601136,20241218,0.0,0.0,0.0,0.055
SH601136,20240722,0.0,0.0,0.0,0.0004965243297
SH601136,20230809,0.0,0.0,0.0,0.185
SH601137,20240619,0.0,0.0,0.0,0.0026627218935
SH601138,20240815,0.0,0.0,0.0,0.0027128157156
SH601139,20240619,0.0,0.0,0.0,0.0023121387282999
SH601156,20250620,0.0,0.0,0.0,0.288
SH601156,20241025,0.0,0.0,0.0,0.389
SH601156,20230531,0.0,0.0,0.0,0.35
SH601156,20220527,0.0,0.0,0.0,0.69
SH601158,20240621,0.0,0.0,0.0,0.0033799999999999
SH601163,20240822,0.0,0.0,0.0,0.0046592489569
SH601166,20260206,0.0,0.0,0.0,0.565
SH601166,20250620,0.0,0.0,0.0,1.06
SH601166,20240709,0.0,0.0,0.0,0.0060185185184999
SH601166,20230619,0.0,0.0,0.0,1.188
SH601166,20220616,0.0,0.0,0.0,1.035
SH601166,20210629,0.0,0.0,0.0,0.802
SH601166,20200715,0.0,0.0,0.0,0.762
SH601166,20190619,0.0,0.0,0.0,0.69
SH601166,20180615,0.0,0.0,0.0,0.65
SH601166,20170614,0.0,0.0,0.0,0.61
SH601166,20160606,0.0,0.0,0.0,0.61
SH601166,20150527,0.0,0.0,0.0,0.57
SH601166,20140718,0.0,0.0,0.0,0.46
SH601166,20130703,0.5,0.0,0.0,0.57
SH601166,20120507,0.0,0.0,0.0,0.37
SH601166,20110506,0.8,0.0,0.0,0.46
SH601166,20100602,0.0,0.2,18.0,0.0
SH601166,20100412,0.0,0.0,0.0,0.5
SH601166,20090611,0.0,0.0,0.0,0.45
SH601166,20080527,0.0,0.0,0.0,0.32
SH601166,20070521,0.0,0.0,0.0,0.26
SH601168,20240531,0.0,0.0,0.0,0.0026123301985
SH601169,20240710,0.0,0.0,0.0,0.0055172413793
SH601177,20240530,0.0,0.0,0.0,0.0006112469437999
SH601179,20240711,0.0,0.0,0.0,0.0008483290488
SH601186,20250722,0.0,0.0,0.0,0.3
SH601186,20240723,0.0,0.0,0.0,0.0041128084606
SH601186,20230802,0.0,0.0,0.0,0.28
SH601186,20220726,0.0,0.0,0.0,0.246
SH601186,20210804,0.0,0.0,0.0,0.23
SH601186,20200727,0.0,0.0,0.0,0.21
SH601186,20190725,0.0,0.0,0.0,0.21
SH601186,20180718,0.0,0.0,0.0,0.18
SH601186,20170719,0.0,0.0,0.0,0.16
SH601186,20160719,0.0,0.0,0.0,0.15
SH601186,20150624,0.0,0.0,0.0,0.15
SH601186,20140728,0.0,0.0,0.0,0.13
SH601186,20130722,0.0,0.0,0.0,0.11
SH601186,20120730,0.0,0.0,0.0,0.1
SH601186,20110718,0.0,0.0,0.0,0.05
SH601186,20110214,0.0,0.0,0.0,0.05
SH601186,20100719,0.0,0.0,0.0,0.16
SH601186,20090713,0.0,0.0,0.0,0.1
SH601187,20240614,0.0,0.0,0.0,0.0056672760512
SH601188,20240625,0.0,0.0,0.0,0.0021404682274
SH601198,20240809,0.0,0.0,0.0,0.0011985898942
SH601199,20240628,0.0,0.0,0.0,0.0021052631579
SH601200,20240726,0.0,0.0,0.0,0.0011286681716
SH601208,20240605,0.0,0.0,0.0,0.0019206145967
SH601211,20240628,0.0,0.0,0.0,0.0028530670471
SH601212,20240822,0.0,0.0,0.0,0.0001287878788
SH601216,20250606,0.0,0.0,0.0,0.15
SH601216,20240606,0.0,0.0,0.0,0.0074418604651
SH601216,20230602,0.0,0.0,0.0,0.18
SH601216,20220607,0.0,0.0,0.0,0.162
SH601216,20210611,0.0,0.0,0.0,0.3
SH601216,20200526,0.0,0.0,0.0,0.35
SH601216,20181022,0.0,0.0,0.0,0.16
SH601216,20180727,0.0,0.0,0.0,0.03
SH601216,20170810,0.0,0.0,0.0,0.02
SH601216,20160810,1.0,0.0,0.0,0.02
SH601216,20150715,0.8,0.0,0.0,0.04
SH601216,20140707,0.6,0.0,0.0,0.06
SH601216,20130821,0.0,0.0,0.0,0.05
SH601216,20120524,1.0,0.0,0.0,0.1
SH601218,20240507,0.0,0.0,0.0,0.0030303030303
SH601222,20240619,0.0,0.0,0.0,0.0044363103953
SH601225,20240628,0.0,0.0,0.0,0.0049380398047
SH601226,20250707,0.0,0.0,0.0,0.03403
SH601226,20240715,0.0,0.0,0.0,0.0005439330543999
SH601226,20230707,0.0,0.0,0.0,0.1
SH601226,20220729,0.0,0.0,0.0,0.085
SH601226,20210730,0.0,0.0,0.0,0.0257
SH601226,20200731,0.0,0.0,0.0,0.03
SH601226,20190731,0.0,0.0,0.0,0.015
SH601226,20180731,0.0,0.0,0.0,0.01
SH601226,20160805,0.0,0.0,0.0,0.1
SH601226,20150611,0.5,0.0,0.0,0.15
SH601228,20240712,0.0,0.0,0.0,0.0013870967741999
SH601229,20240627,0.0,0.0,0.0,0.0061497326202999
SH601231,20240605,0.0,0.0,0.0,0.0017940199335999
SH601233,20240717,0.0,0.0,0.0,0.0002897574123999
SH601236,20251016,0.0,0.0,0.0,0.05
SH601236,20250512,0.0,0.0,0.0,0.103
SH601236,20241011,0.0,0.0,0.0,0.047
SH601236,20240516,0.0,0.0,0.0,0.0008426966292
SH601236,20230602,0.0,0.0,0.0,0.05
SH601236,20220623,0.0,0.0,0.0,0.1002
SH601236,20210804,0.0,0.3,7.33,0.0
SH601236,20210511,0.0,0.0,0.0,0.155
SH601236,20200617,0.0,0.0,0.0,0.1
SH601238,20240613,0.0,0.0,0.0,0.0011764705882
SH601279,20240611,0.0,0.0,0.0,0.0004395604396
SH601288,20240607,0.0,0.0,0.0,0.0052121896163
SH601298,20240731,0.0,0.0,0.0,0.0031574973031
SH601311,20240704,0.0,0.0,0.0,0.0034351145038
SH601318,20240726,0.0,0.0,0.0,0.0035236081747999
SH601319,20240809,0.0,0.0,0.0,0.0027807486631
SH601326,20250718,0.0,0.0,0.0,0.085
SH601326,20240717,0.0,0.0,0.0,0.0025227963526
SH601326,20230719,0.0,0.0,0.0,0.071
SH601326,20220719,0.0,0.0,0.0,0.056
SH601326,20210714,0.0,0.0,0.0,0.064
SH601326,20200624,0.0,0.0,0.0,0.09
SH601326,20190705,0.0,0.0,0.0,0.077
SH601326,20180706,0.0,0.0,0.0,0.062
SH601326,20180111,0.0,0.0,0.0,0.05
SH601328,20240710,0.0,0.0,0.0,0.0048449612403
SH601330,20240626,0.0,0.0,0.0,0.0025167785235
SH601333,20240816,0.0,0.0,0.0,0.0019943019943
SH601336,20251212,0.0,0.0,0.0,0.67
SH601336,20250808,0.0,0.0,0.0,1.99
SH601336,20241129,0.0,0.0,0.0,0.54
SH601336,20240809,0.0,0.0,0.0,0.0028466175486
SH601336,20230810,0.0,0.0,0.0,1.08
SH601336,20220810,0.0,0.0,0.0,1.44
SH601336,20210806,0.0,0.0,0.0,1.39
SH601336,20200807,0.0,0.0,0.0,1.41
SH601336,20190809,0.0,0.0,0.0,0.77
SH601336,20180810,0.0,0.0,0.0,0.52
SH601336,20170810,0.0,0.0,0.0,0.48
SH601336,20160810,0.0,0.0,0.0,0.28
SH601336,20150820,0.0,0.0,0.0,0.21
SH601336,20140715,0.0,0.0,0.0,0.15
SH601336,20120816,0.0,0.0,0.0,0.3205
SH601336,20120705,0.0,0.0,0.0,0.09
SH601339,20240605,0.0,0.0,0.0,0.0053859964093
SH601360,20240606,0.0,0.0,0.0,0.001246882793
SH601366,20250619,0.0,0.0,0.0,0.019
SH601366,20240611,0.0,0.0,0.0,0.0006315789474
SH601366,20230710,0.0,0.0,0.0,0.1
SH601366,20220720,0.0,0.0,0.0,0.15
SH601366,20200720,0.0,0.0,0.0,0.15
SH601366,20190708,0.0,0.0,0.0,0.2
SH601366,20180827,0.0,0.0,0.0,0.2
SH601366,20170619,0.0,0.0,0.0,0.1
SH601368,20240607,0.0,0.0,0.0,0.00065
SH601369,20240606,0.0,0.0,0.0,0.0045034642032
SH601375,20240806,0.0,0.0,0.0,0.0003921568627
SH601377,20240821,0.0,0.0,0.0,0.0019342359768
SH601388,20240603,0.0,0.0,0.0,0.0004868913858
SH601390,20240726,0.0,0.0,0.0,0.0033227848100999
SH601398,20240716,0.0,0.0,0.0,0.0049419354839
SH601456,20250805,0.0,0.0,0.0,0.056
SH601456,20240805,0.0,0.0,0.0,0.0014143426295
SH601456,20220728,0.0,0.0,0.0,0.1
SH601456,20210623,0.0,0.0,0.0,0.12
SH601500,20240627,0.0,0.0,0.0,0.0010053859964
SH601512,20240708,0.0,0.0,0.0,0.0035732984293
SH601515,20240726,0.0,0.0,0.0,0.0009803921569
SH601518,20240704,0.0,0.0,0.0,0.0035856573705
SH601528,20240509,0.0,0.0,0.0,0.003515625
SH601555,20240613,0.0,0.0,0.0,0.0029559748428
SH601566,20250609,0.0,0.0,0.0,0.3
SH601566,20240606,0.0,0.0,0.0,0.0030769230769
SH601566,20230602,0.0,0.0,0.0,0.1
SH601566,20220530,0.0,0.0,0.0,0.5
SH601566,20210608,0.0,0.0,0.0,0.5
SH601566,20200529,0.0,0.0,0.0,0.65
SH601566,20190604,0.0,0.0,0.0,1.0
SH601566,20180601,0.0,0.0,0.0,1.0
SH601566,20170525,0.0,0.0,0.0,1.0
SH601566,20160601,0.0,0.0,0.0,0.5
SH601566,20150527,0.0,0.0,0.0,1.0
SH601566,20140523,0.0,0.0,0.0,0.7
SH601566,20130619,0.0,0.0,0.0,0.7
SH601566,20120531,0.0,0.0,0.0,0.6
SH601567,20240619,0.0,0.0,0.0,0.0017520215632999
SH601568,20240626,0.0,0.0,0.0,0.0026109660574
SH601577,20240716,0.0,0.0,0.0,0.0046855733662
SH601579,20240523,0.0,0.0,0.0,0.0018010291594999
SH601588,20240708,0.0,0.0,0.0,0.0014285714286
SH601595,20240731,0.0,0.0,0.0,0.0006326304107
SH601598,20240722,0.0,0.0,0.0,0.0028543307087
SH601600,20240726,0.0,0.0,0.0,0.0011887072808
SH601601,20240712,0.0,0.0,0.0,0.003610619469
SH601606,20240716,0.0,0.0,0.0,8.91861761e-05
SH601606,20230712,0.0,0.0,0.0,0.023
SH601606,20220622,0.0,0.0,0.0,0.038
SH601606,20210716,0.0,0.0,0.0,0.049
SH601606,20200716,0.0,0.0,0.0,0.042
SH601606,20190709,0.0,0.0,0.0,0.042
SH601607,20240722,0.0,0.0,0.0,0.0020317145689
SH601608,20240424,0.0,0.0,0.0,0.0006506849315
SH601609,20240606,0.0,0.0,0.0,0.002
SH601611,20240801,0.0,0.0,0.0,0.0010847880299
SH601615,20240705,0.0,0.0,0.0,0.0032804746494
SH601616,20250711,0.0,0.0,0.0,0.07
SH601616,20240716,0.0,0.0,0.0,0.0024475524476
SH601616,20230628,0.0,0.0,0.0,0.07
SH601616,20210719,0.0,0.0,0.0,0.1005
SH601616,20200615,0.0,0.0,0.0,0.05
SH601616,20190712,0.0,0.0,0.0,0.04
SH601616,20180712,0.0,0.0,0.0,0.02
SH601616,20160711,0.0,0.0,0.0,0.05
SH601616,20150612,0.0,0.0,0.0,0.05
SH601616,20140515,0.0,0.0,0.0,0.05
SH601616,20130524,0.0,0.0,0.0,0.1
SH601616,20120515,0.8,0.0,0.0,0.1
SH601616,20110622,0.0,0.0,0.0,0.3
SH601618,20240719,0.0,0.0,0.0,0.0023076923077
SH601619,20240531,0.0,0.0,0.0,0.0030726256983
SH601628,20240711,0.0,0.0,0.0,0.0013751199232
SH601633,20240612,0.0,0.0,0.0,0.0011928429423
SH601636,20250626,0.0,0.0,0.0,0.0446
SH601636,20240711,0.0,0.0,0.0,0.0051968503937
SH601636,20230707,0.0,0.0,0.0,0.25
SH601636,20220527,0.0,0.0,0.0,0.8
SH601636,20210618,0.0,0.0,0.0,0.35
SH601636,20200618,0.0,0.0,0.0,0.3
SH601636,20190524,0.0,0.0,0.0,0.3
SH601636,20180523,0.0,0.0,0.0,0.3
SH601636,20170628,0.0,0.0,0.0,0.15
SH601636,20150923,1.5,0.0,0.0,0.1
SH601636,20140404,0.0,0.0,0.0,0.18
SH601636,20130419,0.0,0.0,0.0,0.1
SH601636,20120604,0.0,0.0,0.0,0.15
SH601658,20240711,0.0,0.0,0.0,0.0050877192981999
SH601665,20240705,0.0,0.0,0.0,0.0043737574553
SH601666,20250609,0.0,0.0,0.0,0.57
SH601666,20240524,0.0,0.0,0.0,0.0071947674419
SH601666,20230530,0.0,0.0,0.0,0.87
SH601666,20220531,0.0,0.0,0.0,0.76
SH601666,20210610,0.0,0.0,0.0,0.36
SH601666,20200612,0.0,0.0,0.0,0.302
SH601666,20150630,0.0,0.0,0.0,0.026
SH601666,20140711,0.0,0.0,0.0,0.085
SH601666,20130620,0.0,0.0,0.0,0.143
SH601666,20120606,0.0,0.0,0.0,0.2
SH601666,20110620,0.3,0.0,0.0,0.2
SH601666,20100618,0.3,0.0,0.0,0.2
SH601666,20090624,0.3,0.0,0.0,1.115
SH601666,20080625,0.0,0.0,0.0,0.508
SH601666,20070625,0.0,0.0,0.0,0.174
SH601668,20240627,0.0,0.0,0.0,0.0049716117216
SH601669,20240719,0.0,0.0,0.0,0.0024861566485
SH601677,20240627,0.0,0.0,0.0,0.0010942760943
SH601678,20240620,0.0,0.0,0.0,0.0013850415512
SH601686,20260121,0.0,0.0,0.0,0.2912
SH601686,20250613,0.0,0.0,0.0,0.1455
SH601686,20250123,0.0,0.0,0.0,0.1461
SH601686,20240129,0.0,0.0,0.0,0.3
SH601686,20230120,0.0,0.0,0.0,0.15
SH601686,20220126,0.0,0.0,0.0,0.15
SH601686,20210205,0.0,0.0,0.0,0.45
SH601688,20240816,0.0,0.0,0.0,0.0033307513555
SH601689,20240719,0.0,0.0,0.0,0.0009637718841999
SH601696,20251107,0.0,0.0,0.0,0.0204
SH601696,20250819,0.0,0.0,0.0,0.018
SH601696,20241108,0.0,0.0,0.0,0.017
SH601696,20240819,0.0,0.0,0.0,0.0003756906077
SH601696,20230818,0.0,0.0,0.0,0.03
SH601696,20220819,0.0,0.0,0.0,0.036
SH601696,20210819,0.0,0.0,0.0,0.096
SH601696,20200819,0.0,0.0,0.0,0.03
SH601698,20240627,0.0,0.0,0.0,0.0001741573034
SH601699,20240619,0.0,0.0,0.0,0.0073259566621
SH601700,20240619,0.0,0.0,0.0,0.0010570824523999
SH601702,20240618,0.0,0.0,0.0,0.0010460251046
SH601717,20240626,0.0,0.0,0.0,0.0054830287206
SH601718,20240809,0.0,0.0,0.0,0.0011857707509999
SH601728,20240613,0.0,0.0,0.0,0.0015463917526
SH601766,20251120,0.0,0.0,0.0,0.11
SH601766,20250814,0.0,0.0,0.0,0.21
SH601766,20240814,0.0,0.0,0.0,0.0026109660574
SH601766,20230811,0.0,0.0,0.0,0.2
SH601766,20220812,0.0,0.0,0.0,0.18
SH601766,20210813,0.0,0.0,0.0,0.18
SH601766,20200814,0.0,0.0,0.0,0.15
SH601766,20190815,0.0,0.0,0.0,0.15
SH601766,20180716,0.0,0.0,0.0,0.15
SH601766,20170811,0.0,0.0,0.0,0.21
SH601766,20160805,0.0,0.0,0.0,0.15
SH601766,20151216,0.0,0.0,0.0,0.12
SH601766,20140729,0.0,0.0,0.0,0.09
SH601766,20130708,0.0,0.0,0.0,0.09
SH601766,20120709,0.0,0.0,0.0,0.18
SH601766,20110623,0.0,0.0,0.0,0.04
SH601766,20100708,0.0,0.0,0.0,0.04
SH601766,20090708,0.0,0.0,0.0,0.032
SH601778,20240614,0.0,0.0,0.0,0.0004182509506
SH601788,20240725,0.0,0.0,0.0,0.0019411357341
SH601789,20240704,0.0,0.0,0.0,0.0026455026455
SH601799,20240606,0.0,0.0,0.0,0.0009463722397
SH601800,20240710,0.0,0.0,0.0,0.0034459363957999
SH601801,20240701,0.0,0.0,0.0,0.0044011544011999
SH601808,20240612,0.0,0.0,0.0,0.0012195121951
SH601811,20240606,0.0,0.0,0.0,0.0027643400138
SH601816,20251027,0.0,0.0,0.0,0.0385
SH601816,20250715,0.0,0.0,0.0,0.1182
SH601816,20240628,0.0,0.0,0.0,0.0020898876404
SH601816,20230728,0.0,0.0,0.0,0.0114
SH601816,20220729,0.0,0.0,0.0,0.0491
SH601816,20210730,0.0,0.0,0.0,0.0329
SH601816,20200819,0.0,0.0,0.0,0.0528
SH601818,20240724,0.0,0.0,0.0,0.0051951951952
SH601825,20240626,0.0,0.0,0.0,0.0055490483163
SH601827,20240607,0.0,0.0,0.0,0.0027517564402999
SH601838,20240705,0.0,0.0,0.0,0.0057858064516
SH601857,20240626,0.0,0.0,0.0,0.0022885572139
SH601858,20240715,0.0,0.0,0.0,0.0014285714286
SH601860,20240606,0.0,0.0,0.0,0.0038022813688
SH601865,20240719,0.0,0.0,0.0,0.0020507285483
SH601866,20250926,0.0,0.0,0.0,0.022
SH601866,20250731,0.0,0.0,0.0,0.019
SH601866,20241028,0.0,0.0,0.0,0.019
SH601866,20240730,0.0,0.0,0.0,0.0013389121339
SH601866,20230728,0.0,0.0,0.0,0.087
SH601866,20220728,0.0,0.0,0.0,0.226
SH601866,20210728,0.0,0.0,0.0,0.056
SH601866,20200728,0.0,0.0,0.0,0.045
SH601866,20190718,0.0,0.0,0.0,0.033
SH601866,20080707,0.0,0.0,0.0,0.04
SH601868,20240815,0.0,0.0,0.0,0.0011607142856999
SH601869,20240816,0.0,0.0,0.0,0.0021398834304999
SH601872,20240723,0.0,0.0,0.0,0.002934648582
SH601877,20240627,0.0,0.0,0.0,0.0027819929186
SH601878,20240725,0.0,0.0,0.0,0.0013474494706
SH601880,20240717,0.0,0.0,0.0,0.0015039370079
SH601881,20240716,0.0,0.0,0.0,0.0022044088176
SH601882,20240430,0.0,0.0,0.0,0.0009339328952
SH601886,20251013,0.0,0.0,0.0,0.15
SH601886,20250428,0.0,0.0,0.0,0.4
SH601886,20241011,0.0,0.0,0.0,0.15
SH601886,20240510,0.0,0.0,0.0,0.0032679738562
SH601886,20230530,0.0,0.0,0.0,0.02
SH601886,20220613,0.0,0.0,0.0,0.1
SH601886,20210525,0.0,0.0,0.0,0.4
SH601886,20200526,0.0,0.0,0.0,0.3
SH601886,20190516,0.0,0.0,0.0,0.3
SH601886,20180510,0.0,0.0,0.0,0.3
SH601886,20170602,0.0,0.0,0.0,0.1
SH601886,20160617,0.0,0.0,0.0,0.1
SH601886,20150615,0.0,0.0,0.0,0.08
SH601886,20140612,0.0,0.0,0.0,0.08
SH601886,20130514,1.0,0.0,0.0,0.26
SH601886,20120515,0.0,0.0,0.0,0.2
SH601888,20240614,0.0,0.0,0.0,0.0023305084746
SH601890,20240617,0.0,0.0,0.0,0.0013671875
SH601898,20240820,0.0,0.0,0.0,0.0032692307692
SH601899,20240611,0.0,0.0,0.0,0.0011261261260999
SH601900,20240701,0.0,0.0,0.0,0.0043443282381
SH601901,20240719,0.0,0.0,0.0,0.0003038309115
SH601908,20240718,0.0,0.0,0.0,0.0005439330543999
SH601916,20250627,0.0,0.0,0.0,0.156
SH601916,20240626,0.0,0.0,0.0,0.0058156028369
SH601916,20230627,0.0,0.3,2.02,0.0
SH601916,20230519,0.0,0.0,0.0,0.21
SH601916,20210730,0.0,0.0,0.0,0.161
SH601916,20200710,0.0,0.0,0.0,0.24
SH601918,20240621,0.0,0.0,0.0,0.0014705882353
SH601919,20240620,0.0,0.0,0.0,0.0014762516046
SH601921,20240621,0.0,0.0,0.0,0.0046318289786
SH601928,20240712,0.0,0.0,0.0,0.0046511627907
SH601939,20240712,0.0,0.0,0.0,0.0052015604681
SH601949,20240724,0.0,0.0,0.0,0.0027321428571
SH601952,20240627,0.0,0.0,0.0,0.0032051282051
SH601956,20250603,0.0,0.0,0.0,0.1
SH601956,20240614,0.0,0.0,0.0,0.0040733197556
SH601956,20230614,0.0,0.0,0.0,0.1
SH601956,20220610,0.0,0.0,0.0,0.05
SH601956,20210524,0.0,0.0,0.0,0.1
SH601958,20240702,0.0,0.0,0.0,0.0036068530207
SH601963,20240719,0.0,0.0,0.0,0.0050683229814
SH601965,20240718,0.0,0.0,0.0,0.0019230769230999
SH601966,20251219,0.0,0.0,0.0,0.065
SH601966,20251023,0.0,0.0,0.0,0.11
SH601966,20250710,0.0,0.0,0.0,0.084
SH601966,20241224,0.0,0.0,0.0,0.162
SH601966,20240927,0.0,0.0,0.0,0.09932
SH601966,20240614,0.0,0.0,0.0,0.0015310492505
SH601966,20230615,0.0,0.0,0.0,0.06
SH601966,20220610,0.0,0.0,0.0,0.16
SH601966,20210610,0.0,0.0,0.0,0.49
SH601966,20200611,0.0,0.0,0.0,0.43
SH601966,20190625,0.0,0.0,0.0,0.3
SH601966,20180615,0.0,0.0,0.0,0.262
SH601966,20170628,0.0,0.0,0.0,0.166
SH601968,20240613,0.0,0.0,0.0,0.0019758064515999
SH601969,20240521,0.0,0.0,0.0,0.0013245033113
SH601985,20240716,0.0,0.0,0.0,0.0017135325132
SH601988,20240717,0.0,0.0,0.0,0.0048442622951
SH601990,20240820,0.0,0.0,0.0,0.001045751634
SH601991,20240823,0.0,0.0,0.0,0.0002747252747
SH601992,20240726,0.0,0.0,0.0,0.0018939393939
SH601995,20240823,0.0,0.0,0.0,0.0006564551422
SH601996,20240607,0.0,0.0,0.0,0.0060913705584
SH601996,20220526,0.0,0.0,0.0,0.06
SH601996,20210524,0.0,0.0,0.0,0.1
SH601996,20200525,0.0,0.0,0.0,0.06
SH601996,20190516,0.0,0.0,0.0,0.06
SH601996,20180518,0.0,0.0,0.0,0.06
SH601996,20170504,1.0,0.0,0.0,0.1
SH601996,20160506,0.0,0.0,0.0,0.06
SH601996,20150507,0.0,0.0,0.0,0.06
SH601996,20140507,0.0,0.0,0.0,0.06
SH601996,20130517,0.0,0.0,0.0,0.05
SH601996,20120516,1.0,0.0,0.0,0.1
SH601997,20240612,0.0,0.0,0.0,0.0051601423488
SH601998,20240710,0.0,0.0,0.0,0.0048526785714
SH601999,20240816,0.0,0.0,0.0,0.0011439114391
SH603000,20240719,0.0,0.0,0.0,0.0008702368691999
SH603002,20240614,0.0,0.0,0.0,0.001
SH603004,20240712,0.0,0.0,0.0,0.0013112817484
SH603005,20240524,0.0,0.0,0.0,0.0002606232295
SH603006,20250930,0.0,0.0,0.0,0.38
SH603006,20250606,0.0,0.0,0.0,0.38
SH603006,20240604,0.0,0.0,0.0,0.0026365348399
SH603006,20230606,0.0,0.0,0.0,0.38
SH603006,20220607,0.0,0.0,0.0,0.38
SH603006,20210525,0.0,0.0,0.0,0.32
SH603006,20200623,0.0,0.0,0.0,0.12
SH603006,20170518,0.0,0.0,0.0,0.21
SH603006,20160526,1.0,0.0,0.0,0.32
SH603006,20150427,0.0,0.0,0.0,0.2
SH603008,20240606,0.0,0.0,0.0,0.0025176233635
SH603009,20240510,0.0,0.0,0.0,0.0003356481481
SH603010,20240516,0.0,0.0,0.0,0.0018481518482
SH603012,20240530,0.0,0.0,0.0,0.0028517110266
SH603013,20240513,0.0,0.0,0.0,0.0025300442758
SH603015,20240605,0.0,0.0,0.0,0.0019379844960999
SH603016,20250618,0.0,0.0,0.0,0.473
SH603016,20240607,0.0,0.0,0.0,0.0023470031546
SH603016,20230607,0.0,0.0,0.0,0.31
SH603016,20220608,0.0,0.0,0.0,0.31
SH603016,20210604,0.0,0.0,0.0,0.54
SH603016,20200526,0.0,0.0,0.0,0.54
SH603016,20190715,0.0,0.0,0.0,0.372
SH603016,20180711,0.0,0.0,0.0,0.302
SH603016,20170627,0.0,0.0,0.0,0.34
SH603018,20240705,0.0,0.0,0.0,0.0035469107551
SH603019,20240606,0.0,0.0,0.0,0.0004257450538
SH603020,20240618,0.0,0.0,0.0,0.0014814814815
SH603022,20240619,0.0,0.0,0.0,0.0010597826087
SH603025,20240613,0.0,0.0,0.0,0.002079002079
SH603026,20240702,0.0,0.0,0.0,0.0001177509567
SH603026,20230630,0.0,0.0,0.0,0.3
SH603026,20220630,0.0,0.0,0.0,0.3
SH603026,20210630,0.0,0.0,0.0,0.6
SH603026,20190517,0.0,0.0,0.0,0.6
SH603026,20180521,0.0,0.0,0.0,0.6
SH603026,20170626,0.0,0.0,0.0,0.6
SH603026,20160826,0.0,0.0,0.0,0.1
SH603027,20240611,0.0,0.0,0.0,0.002027027027
SH603028,20240627,0.0,0.0,0.0,0.000589137931
SH603029,20240520,0.0,0.0,0.0,0.0010526315789
SH603031,20240419,0.0,0.0,0.0,0.0010404624277
SH603033,20240719,0.0,0.0,0.0,0.0004524886878
SH603035,20240606,0.0,0.0,0.0,0.0030451977401
SH603036,20250523,0.0,0.0,0.0,0.2
SH603036,20240607,0.0,0.0,0.0,0.0018761726079
SH603036,20230531,0.0,0.0,0.0,0.19
SH603036,20220601,0.0,0.0,0.0,0.12
SH603036,20210616,0.0,0.0,0.0,0.15
SH603036,20200619,0.0,0.0,0.0,0.12
SH603036,20190627,0.0,0.0,0.0,0.058
SH603036,20180627,0.0,0.0,0.0,0.054
SH603036,20170525,0.0,0.0,0.0,0.1
SH603037,20240628,0.0,0.0,0.0,0.002688172043
SH603038,20240606,0.0,0.0,0.0,0.000512295082
SH603039,20240604,0.0,0.0,0.0,0.0004315304948
SH603040,20240614,0.0,0.0,0.0,0.0019714144899
SH603041,20240612,0.0,0.0,0.0,0.0019193857965
SH603043,20240530,0.0,0.0,0.0,0.0026996625422
SH603045,20240617,0.0,0.0,0.0,0.000606361829
SH603048,20240712,0.0,0.0,0.0,0.0023505708529
SH603050,20240607,0.0,0.0,0.0,0.0012670256573
SH603052,20240603,0.0,0.0,0.0,0.0011660447761
SH603053,20240705,0.0,0.0,0.0,0.0030674846626
SH603055,20240606,0.0,0.0,0.0,0.0013582342953999
SH603056,20250611,0.0,0.0,0.0,0.144
SH603056,20240719,0.0,0.0,0.0,0.078
SH603056,20210714,0.0,0.0,0.0,0.1501
SH603056,20200707,0.0,0.0,0.0,0.03
SH603056,20190628,0.0,0.0,0.0,0.219
SH603056,20180622,0.0,0.0,0.0,0.171
SH603057,20240524,0.0,0.0,0.0,0.0040837161817
SH603058,20240603,0.0,0.0,0.0,0.0010126582278
SH603059,20240715,0.0,0.0,0.0,0.0009837678308
SH603060,20240626,0.0,0.0,0.0,0.0018887015177
SH603061,20240726,0.0,0.0,0.0,0.000298226769
SH603062,20240527,0.0,0.0,0.0,0.003023255814
SH603063,20240606,0.0,0.0,0.0,0.0010905125409
SH603065,20240604,0.0,0.0,0.0,0.0010604453871
SH603066,20250604,0.0,0.0,0.0,0.052
SH603066,20240716,0.0,0.0,0.0,0.0016237402016
SH603066,20230703,0.0,0.0,0.0,0.091
SH603066,20220628,0.0,0.0,0.0,0.086
SH603066,20210524,0.0,0.0,0.0,0.065
SH603066,20200720,0.0,0.0,0.0,0.052
SH603066,20190627,0.0,0.0,0.0,0.062
SH603066,20180613,0.0,0.0,0.0,0.056
SH603066,20171107,0.0,0.0,0.0,0.01
SH603066,20170609,2.0,0.0,0.0,0.16
SH603066,20160624,0.0,0.0,0.0,0.136
SH603066,20151105,0.0,0.0,0.0,0.123
SH603067,20240606,0.0,0.0,0.0,0.0017054986021
SH603068,20240819,0.0,0.0,0.0,0.0002472799209
SH603070,20240606,0.0,0.0,0.0,0.0012583892617
SH603071,20240529,0.0,0.0,0.0,0.004707464694
SH603073,20240612,0.0,0.0,0.0,0.0019946808511
SH603075,20240521,0.0,0.0,0.0,0.0023663038333999
SH603076,20250529,0.0,0.0,0.0,0.4
SH603076,20240531,0.0,0.0,0.0,0.0005882352941
SH603076,20230601,0.0,0.0,0.0,0.08
SH603076,20220608,0.0,0.0,0.0,0.08
SH603076,20210617,0.4,0.0,0.0,0.15
SH603076,20190627,0.0,0.0,0.0,0.16
SH603076,20180711,0.0,0.0,0.0,0.3
SH603078,20240613,0.0,0.0,0.0,0.0006093189964
SH603079,20240612,0.0,0.0,0.0,0.0005819592629
SH603080,20240531,0.0,0.0,0.0,0.0031333333333
SH603081,20240704,0.0,0.0,0.0,0.000525210084
SH603082,20240606,0.0,0.0,0.0,0.0017261904761999
SH603083,20240712,0.0,0.0,0.0,0.0004129152437
SH603086,20230609,0.4,0.0,0.0,0.25
SH603086,20220606,0.4,0.0,0.0,0.25
SH603086,20210609,0.4,0.0,0.0,0.35
SH603086,20200617,0.4,0.0,0.0,0.3
SH603086,20180615,0.4,0.0,0.0,0.15
SH603087,20240618,0.0,0.0,0.0,0.0004232804233
SH603088,20240531,0.0,0.0,0.0,0.003602484472
SH603090,20240516,0.0,0.0,0.0,0.001332741004
SH603093,20240528,0.0,0.0,0.0,0.000640776699
SH603095,20240522,0.0,0.0,0.0,0.001601537476
SH603096,20250605,0.0,0.0,0.0,0.8
SH603096,20240607,0.0,0.0,0.0,0.005325443787
SH603096,20230613,0.0,0.0,0.0,0.8
SH603096,20220621,0.0,0.0,0.0,0.6
SH603096,20210610,0.2,0.0,0.0,0.75
SH603096,20200527,0.0,0.0,0.0,0.75
SH603096,20190612,0.0,0.0,0.0,0.6
SH603096,20180514,0.0,0.0,0.0,0.6
SH603096,20170622,0.0,0.0,0.0,0.36
SH603098,20240823,0.0,0.0,0.0,0.0007246376812
SH603099,20240517,0.0,0.0,0.0,0.0003488372093
SH603100,20240715,0.0,0.0,0.0,0.0032822757112
SH603101,20240711,0.0,0.0,0.0,0.0055124731183
SH603102,20240603,0.0,0.0,0.0,0.0022123893805
SH603105,20240517,0.0,0.0,0.0,0.0016741071428999
SH603106,20250603,0.0,0.0,0.0,0.03
SH603106,20210609,0.3,0.0,0.0,0.06
SH603106,20190620,0.3,0.0,0.0,0.06
SH603106,20180628,0.1,0.0,0.0,0.025
SH603107,20240619,0.0,0.0,0.0,0.0017172295362999
SH603108,20240719,0.0,0.0,0.0,0.0007651109411
SH603109,20240522,0.0,0.0,0.0,0.0023148148148
SH603111,20240717,0.0,0.0,0.0,0.0035778175313
SH603112,20240606,0.0,0.0,0.0,0.0027015437393
SH603113,20240604,0.0,0.0,0.0,0.00146875
SH603115,20240626,0.0,0.0,0.0,0.0047303689688
SH603116,20250612,0.0,0.0,0.0,0.2455
SH603116,20240702,0.0,0.0,0.0,0.0043859649123
SH603116,20230707,0.0,0.0,0.0,0.35
SH603116,20220705,0.0,0.0,0.0,0.25
SH603116,20210616,0.0,0.0,0.0,0.27
SH603116,20200619,0.0,0.0,0.0,0.18
SH603116,20190626,0.0,0.0,0.0,0.18
SH603116,20180717,0.4,0.0,0.0,0.4
SH603116,20170706,0.0,0.0,0.0,0.25
SH603116,20160701,0.0,0.0,0.0,0.08
SH603118,20240603,0.0,0.0,0.0,0.0017638888889
SH603119,20240618,0.0,0.0,0.0,0.0005870020964
SH603122,20240621,0.0,0.0,0.0,0.0011363636364
SH603125,20240521,0.0,0.0,0.0,0.0007210031348
SH603126,20250620,0.0,0.0,0.0,0.005
SH603126,20240628,0.0,0.0,0.0,0.0014981949458
SH603126,20230629,0.0,0.0,0.0,0.09
SH603126,20220617,0.0,0.0,0.0,0.085
SH603126,20210618,0.0,0.0,0.0,0.08
SH603126,20200618,0.0,0.0,0.0,0.07
SH603126,20190618,0.0,0.0,0.0,0.07
SH603126,20180620,0.0,0.0,0.0,0.07
SH603126,20170602,0.0,0.0,0.0,0.07
SH603126,20160615,0.0,0.0,0.0,0.053
SH603126,20150521,0.5,0.0,0.0,0.08
SH603127,20240731,0.0,0.0,0.0,0.0011502516175
SH603128,20240716,0.0,0.0,0.0,0.0035971223022
SH603129,20240607,0.0,0.0,0.0,0.0014043616231
SH603130,20240524,0.0,0.0,0.0,0.0014128728414
SH603132,20240507,0.0,0.0,0.0,0.0017021276596
SH603135,20240717,0.0,0.0,0.0,0.0016116035455
SH603136,20250530,0.0,0.0,0.0,0.235
SH603136,20240531,0.0,0.0,0.0,0.0028739946381
SH603136,20210616,0.45,0.0,0.0,0.3
SH603136,20201201,0.0,0.0,0.0,0.7
SH603136,20190412,0.45,0.0,0.0,0.75
SH603136,20180531,0.0,0.0,0.0,0.4
SH603137,20240618,0.0,0.0,0.0,0.0013531799729
SH603151,20240704,0.0,0.0,0.0,0.001733102253
SH603153,20240614,0.0,0.0,0.0,0.0013793103447999
SH603155,20240618,0.0,0.0,0.0,
SH603156,20250915,0.0,0.0,0.0,0.5
SH603156,20250606,0.0,0.0,0.0,1.36
SH603156,20240605,0.0,0.0,0.0,0.0062893081761
SH603156,20230529,0.0,0.0,0.0,1.8
SH603156,20220530,0.0,0.0,0.0,2.0
SH603156,20210601,0.0,0.0,0.0,1.2
SH603156,20200522,0.2,0.0,0.0,2.0
SH603156,20190509,0.4,0.0,0.0,3.0
SH603156,20180508,0.4,0.0,0.0,2.6
SH603158,20240704,0.0,0.0,0.0,0.0023154848046
SH603159,20240705,0.0,0.0,0.0,0.001116751269
SH603160,20240531,0.0,0.0,0.0,0.0002923501705
SH603161,20240710,0.0,0.0,0.0,0.0019846796657
SH603162,20240506,0.0,0.0,0.0,0.0010645848119
SH603163,20240614,0.0,0.0,0.0,0.002757669769
SH603165,20240510,0.0,0.0,0.0,0.0040630182421
SH603166,20250512,0.0,0.0,0.0,0.0985
SH603166,20240918,0.0,0.0,0.0,0.1
SH603166,20240123,0.0,0.0,0.0,0.08
SH603166,20230413,0.0,0.0,0.0,0.1
SH603166,20220510,0.0,0.0,0.0,0.5
SH603166,20210511,0.0,0.0,0.0,0.2
SH603166,20200429,0.0,0.0,0.0,0.15
SH603166,20190509,0.0,0.0,0.0,0.15
SH603166,20180515,0.0,0.0,0.0,0.2
SH603166,20170601,0.0,0.0,0.0,0.2
SH603166,20160414,0.2,0.0,0.0,0.07
SH603166,20150506,0.0,0.0,0.0,0.15
SH603167,20240531,0.0,0.0,0.0,0.005480868666
SH603168,20240613,0.0,0.0,0.0,0.0002654867257
SH603170,20240531,0.0,0.0,0.0,0.0027056277056
SH603171,20240528,0.0,0.0,0.0,0.0006651884701
SH603172,20240624,0.0,0.0,0.0,0.0006242197253
SH603173,20240524,0.0,0.0,0.0,0.0014566929134
SH603176,20250707,0.0,0.0,0.0,0.023
SH603176,20240704,0.0,0.0,0.0,0.0005221932115
SH603176,20230613,0.0,0.0,0.0,0.025
SH603176,20220617,0.0,0.0,0.0,0.03
SH603178,20240614,0.0,0.0,0.0,0.0003006872852
SH603179,20240627,0.0,0.0,0.0,0.0007438631292
SH603180,20240705,0.0,0.0,0.0,0.0030848329049
SH603181,20240614,0.0,0.0,0.0,0.0014985014985
SH603182,20240617,0.0,0.0,0.0,0.0035398230088
SH603183,20240529,0.0,0.0,0.0,0.0012711864407
SH603185,20240715,0.0,0.0,0.0,0.0001198322349
SH603186,20230516,0.0,0.0,0.0,0.08
SH603186,20220427,0.0,0.0,0.0,0.5
SH603186,20210423,0.0,0.0,0.0,0.28
SH603186,20200417,0.0,0.0,0.0,0.17
SH603186,20190509,0.0,0.0,0.0,0.15
SH603186,20180531,0.0,0.0,0.0,0.15
SH603186,20170512,0.0,0.0,0.0,0.15
SH603187,20240513,0.0,0.0,0.0,0.003708698584
SH603189,20240607,0.0,0.0,0.0,0.0009832841691
SH603190,20240620,0.0,0.0,0.0,0.0016326530612
SH603191,20240702,0.0,0.0,0.0,0.0010330578512
SH603192,20240603,0.0,0.0,0.0,0.0011658031088
SH603193,20240529,0.0,0.0,0.0,0.0008445106806
SH603195,20240606,0.0,0.0,0.0,0.0025312321385
SH603196,20240614,0.0,0.0,0.0,0.0002795425667
SH603196,20230613,0.0,0.0,0.0,0.08
SH603196,20221207,0.0,0.0,0.0,0.15
SH603196,20220610,0.0,0.0,0.0,0.18
SH603196,20210610,0.0,0.0,0.0,0.12
SH603196,20200612,0.0,0.0,0.0,0.2
SH603196,20190614,0.0,0.0,0.0,0.1
SH603196,20180615,0.0,0.0,0.0,0.105
SH603197,20240531,0.0,0.0,0.0,0.0016104680423
SH603198,20240606,0.0,0.0,0.0,0.0019350997321
SH603199,20240606,0.0,0.0,0.0,0.0022891915387
SH603200,20240425,0.0,0.0,0.0,0.0003315963998
SH603201,20240701,0.0,0.0,0.0,0.0026859504132
SH603203,20240708,0.0,0.0,0.0,0.0027063599459
SH603206,20240604,0.0,0.0,0.0,0.0014328808445999
SH603206,20230602,0.0,0.0,0.0,0.22
SH603206,20220706,0.0,0.0,0.0,0.21
SH603208,20240619,0.0,0.0,0.0,0.0074197582326
SH603209,20240606,0.0,0.0,0.0,0.0009615384615
SH603211,20240716,0.0,0.0,0.0,0.0004366812227
SH603212,20240605,0.0,0.0,0.0,0.0005797101449
SH603213,20240528,0.0,0.0,0.0,0.0031057268722
SH603214,20240521,0.0,0.0,0.0,0.0025289017341
SH603215,20240604,0.0,0.0,0.0,0.0025773195876
SH603216,20250603,0.0,0.0,0.0,0.2
SH603216,20240716,0.0,0.0,0.0,0.0033407572383
SH603216,20230706,0.0,0.0,0.0,0.3501
SH603216,20220608,0.0,0.0,0.0,0.25
SH603217,20240708,0.0,0.0,0.0,0.0028348688873
SH603218,20240725,0.0,0.0,0.0,0.0027888446215
SH603219,20240708,0.0,0.0,0.0,0.0020905923345
SH603220,20240724,0.0,0.0,0.0,0.0005854800937
SH603221,20240522,0.0,0.0,0.0,0.0009242144177
SH603223,20240603,0.0,0.0,0.0,0.0006527415144
SH603225,20240530,0.0,0.0,0.0,0.0017696044413999
SH603226,20230607,0.0,0.0,0.0,0.01
SH603226,20220608,0.3,0.0,0.0,0.03
SH603226,20210603,0.3,0.0,0.0,0.1
SH603226,20200609,0.39,0.0,0.0,0.0
SH603226,20190509,0.3,0.0,0.0,0.3
SH603226,20180709,0.3,0.0,0.0,0.3
SH603226,20170925,0.0,0.0,0.0,0.18
SH603227,20240710,0.0,0.0,0.0,0.0036390101892
SH603228,20240606,0.0,0.0,0.0,0.0019554165037
SH603229,20240712,0.0,0.0,0.0,0.0012487899322
SH603230,20240626,0.0,0.0,0.0,0.0038200339559
SH603231,20240628,0.0,0.0,0.0,0.0028248587571
SH603232,20240621,0.0,0.0,0.0,0.0005479452055
SH603233,20240621,0.0,0.0,0.0,0.0019820971867
SH603235,20240626,0.0,0.0,0.0,0.002
SH603236,20250828,0.0,0.0,0.0,0.55
SH603236,20250604,0.0,0.0,0.0,0.42
SH603236,20240926,0.0,0.0,0.0,0.26
SH603236,20240624,0.0,0.0,0.0,0.0002197363164
SH603236,20230615,0.4,0.0,0.0,1.0
SH603236,20220630,0.3,0.0,0.0,0.74
SH603236,20210611,0.3,0.0,0.0,0.51
SH603236,20200610,0.2,0.0,0.0,0.5
SH603237,20240708,0.0,0.0,0.0,0.0041858518208
SH603238,20240530,0.0,0.0,0.0,0.0026223776224
SH603239,20240523,0.0,0.0,0.0,0.0020343293071
SH603255,20240702,0.0,0.0,0.0,0.0001986183074
SH603256,20230718,0.0,0.0,0.0,0.03
SH603256,20220712,0.0,0.0,0.0,0.0984
SH603256,20210705,0.0,0.0,0.0,0.081
SH603256,20200623,0.0,0.0,0.0,0.072
SH603256,20191025,0.0,0.0,0.0,0.1
SH603258,20240521,0.0,0.0,0.0,0.0011273712737
SH603259,20240626,0.0,0.0,0.0,0.0024444060262
SH603260,20240819,0.0,0.0,0.0,0.0014517506405
SH603266,20250715,0.0,0.0,0.0,0.17
SH603266,20240618,0.0,0.0,0.0,0.0009792626728
SH603266,20230626,0.0,0.0,0.0,0.13
SH603266,20220609,0.0,0.0,0.0,0.11
SH603266,20210531,0.0,0.0,0.0,0.1
SH603266,20200630,0.0,0.0,0.0,0.07
SH603266,20190529,0.4,0.0,0.0,0.1
SH603266,20180604,0.4,0.0,0.0,0.25
SH603266,20170614,0.0,0.0,0.0,0.25
SH603267,20240514,0.0,0.0,0.0,0.0009929078014
SH603269,20240603,0.0,0.0,0.0,0.0020689655171999
SH603270,20240614,0.0,0.0,0.0,0.0009420631182
SH603272,20240715,0.0,0.0,0.0,0.0018075560803
SH603273,20240712,0.0,0.0,0.0,0.0005675368899
SH603275,20240628,0.0,0.0,0.0,0.0004677581022
SH603276,20250625,0.0,0.0,0.0,0.1237
SH603276,20240625,0.0,0.0,0.0,0.0011148272018
SH603277,20240620,0.0,0.0,0.0,0.0031836994588
SH603278,20240725,0.0,0.0,0.0,0.0006769825919
SH603280,20240604,0.0,0.0,0.0,0.0016634050881
SH603281,20240628,0.0,0.0,0.0,0.0042319023569
SH603282,20240614,0.0,0.0,0.0,0.0020108695652
SH603286,20250509,0.0,0.0,0.0,0.03
SH603286,20240607,0.0,0.0,0.0,0.0001956947162
SH603286,20210709,0.0,0.0,0.0,0.034
SH603286,20200629,0.0,0.0,0.0,0.061
SH603286,20190611,0.0,0.0,0.0,0.076
SH603286,20180620,0.0,0.0,0.0,0.118
SH603288,20240619,0.0,0.0,0.0,0.0018323153803
SH603289,20240603,0.0,0.0,0.0,0.0016483516484
SH603290,20240523,0.0,0.0,0.0,0.001207376058
SH603291,20240614,0.0,0.0,0.0,0.001083032491
SH603296,20250606,0.0,0.0,0.0,0.8974
SH603296,20240611,0.0,0.0,0.0,0.0014634146341
SH603297,20240606,0.0,0.0,0.0,0.001396811467
SH603298,20240531,0.0,0.0,0.0,0.0017391304348
SH603299,20240607,0.0,0.0,0.0,0.004376930999
SH603300,20240705,0.0,0.0,0.0,0.000416952381
SH603301,20240703,0.0,0.0,0.0,0.0023419203747
SH603303,20240531,0.0,0.0,0.0,0.0026199842644
SH603305,20240530,0.0,0.0,0.0,0.0017884914463
SH603306,20250623,0.0,0.0,0.0,0.087
SH603306,20240617,0.0,0.0,0.0,0.000999000999
SH603306,20230602,0.0,0.0,0.0,0.187
SH603306,20220615,0.0,0.0,0.0,0.1148
SH603306,20210625,0.0,0.0,0.0,0.1311
SH603306,20200603,0.0,0.0,0.0,0.45
SH603306,20190603,0.0,0.0,0.0,0.5
SH603306,20180518,0.3,0.0,0.0,0.5
SH603306,20170519,0.0,0.0,0.0,0.7
SH603306,20160602,0.5,0.0,0.0,0.5
SH603306,20150611,0.0,0.0,0.0,0.153
SH603307,20240621,0.0,0.0,0.0,0.0030892801977
SH603308,20240710,0.0,0.0,0.0,0.0010178117048
SH603309,20240523,0.0,0.0,0.0,0.00395256917
SH603311,20240701,0.0,0.0,0.0,0.0009389671362
SH603312,20240613,0.0,0.0,0.0,0.0022759103641
SH603315,20240726,0.0,0.0,0.0,0.0007203389831
SH603316,20220602,0.0,0.0,0.0,0.015
SH603316,20210624,0.3,0.0,0.0,0.1
SH603316,20200605,0.0,0.0,0.0,0.032
SH603316,20190523,0.0,0.0,0.0,0.056
SH603316,20180523,0.0,0.0,0.0,0.067
SH603317,20240614,0.0,0.0,0.0,0.0031323414251999
SH603318,20240711,0.0,0.0,0.0,0.0010669077758
SH603319,20240712,0.0,0.0,0.0,0.0023866348449
SH603320,20240527,0.0,0.0,0.0,0.000718907261
SH603321,20240626,0.0,0.0,0.0,0.0021865889213
SH603323,20240607,0.0,0.0,0.0,0.0036290322580999
SH603324,20240704,0.0,0.0,0.0,0.0010270064663
SH603325,20240703,0.0,0.0,0.0,0.0018958728307
SH603326,20250926,0.0,0.0,0.0,0.15
SH603326,20250625,0.0,0.0,0.0,0.3
SH603326,20250227,0.0,0.0,0.0,0.2
SH603326,20240627,0.0,0.0,0.0,0.0046153846154
SH603326,20230614,0.0,0.0,0.0,0.15
SH603326,20210524,0.0,0.0,0.0,0.3
SH603326,20200703,0.4,0.0,0.0,0.28
SH603326,20190705,0.0,0.0,0.0,0.15
SH603326,20180529,0.4,0.0,0.0,0.16
SH603327,20240626,0.0,0.0,0.0,0.0023006134969
SH603328,20240627,0.0,0.0,0.0,0.0025492772668
SH603329,20240621,0.0,0.0,0.0,0.0008880994671
SH603330,20240719,0.0,0.0,0.0,0.0018103837471999
SH603331,20240520,0.0,0.0,0.0,0.0018674136320999
SH603332,20240626,0.0,0.0,0.0,0.0020435967302
SH603333,20240621,0.0,0.0,0.0,0.0003174603175
SH603336,20251125,0.0,0.0,0.0,0.005
SH603336,20230620,0.3,0.0,0.0,0.035
SH603336,20210517,0.3,0.0,0.0,0.065
SH603336,20200522,0.45,0.0,0.0,0.11
SH603336,20190516,0.3,0.0,0.0,0.12
SH603336,20180510,0.3,0.0,0.0,0.2
SH603336,20170526,0.0,0.0,0.0,0.2
SH603337,20240709,0.0,0.0,0.0,0.0019215987702
SH603338,20240626,0.0,0.0,0.0,0.0016252234682
SH603339,20240618,0.0,0.0,0.0,0.0027368421053
SH603341,20240603,0.0,0.0,0.0,0.0011431184271
SH603344,20240712,0.0,0.0,0.0,0.0013680494263
SH603345,20240614,0.0,0.0,0.0,0.0021725826193
SH603351,20240613,0.0,0.0,0.0,0.001386962552
SH603353,20240701,0.0,0.0,0.0,0.0007716049382999
SH603356,20200707,0.0,0.0,0.0,0.19
SH603356,20190620,0.0,0.0,0.0,0.18
SH603356,20180529,0.0,0.0,0.0,0.15
SH603357,20240705,0.0,0.0,0.0,0.003937007874
SH603358,20240719,0.0,0.0,0.0,0.0011725293132
SH603359,20240704,0.0,0.0,0.0,0.0002673796790999
SH603360,20240531,0.0,0.0,0.0,0.0035949670461
SH603365,20240627,0.0,0.0,0.0,0.005421686747
SH603366,20250612,0.0,0.0,0.0,0.054
SH603366,20240614,0.0,0.0,0.0,0.0020207253886
SH603366,20220616,0.0,0.0,0.0,0.078
SH603366,20210610,0.0,0.0,0.0,0.125
SH603366,20200619,0.0,0.0,0.0,0.0625
SH603366,20180620,0.0,0.0,0.0,0.04
SH603366,20170628,0.0,0.0,0.0,0.183
SH603366,20160617,0.0,0.0,0.0,0.2
SH603366,20150528,1.0,0.0,0.0,0.267
SH603366,20140430,0.0,0.0,0.0,0.53
SH603366,20130426,0.0,0.0,0.0,0.71
SH603366,20120712,0.0,0.0,0.0,0.35
SH603367,20240627,0.0,0.0,0.0,0.0029965635739
SH603368,20240611,0.0,0.0,0.0,0.0028382213813
SH603369,20240612,0.0,0.0,0.0,0.0019504583576999
SH603373,20240604,0.0,0.0,0.0,0.0015625
SH603375,20240722,0.0,0.0,0.0,0.0011210762332
SH603378,20240719,0.0,0.0,0.0,0.0007453310696
SH603379,20240611,0.0,0.0,0.0,0.000582131106
SH603380,20240723,0.0,0.0,0.0,0.0013633980073
SH603383,20240530,0.0,0.0,0.0,0.0027918781726
SH603386,20240621,0.0,0.0,0.0,0.00081671415
SH603386,20230615,0.0,0.0,0.0,0.2
SH603386,20220707,0.4,0.0,0.0,0.4
SH603386,20210524,0.0,0.0,0.0,0.22
SH603386,20200716,0.0,0.0,0.0,0.0503
SH603386,20190610,0.0,0.0,0.0,0.14
SH603386,20180530,0.0,0.0,0.0,0.15
SH603387,20240612,0.0,0.0,0.0,0.0011764705882
SH603390,20240604,0.0,0.0,0.0,0.0006793478261
SH603392,20240603,0.0,0.0,0.0,0.0004697592484
SH603393,20240711,0.0,0.0,0.0,0.0023376623377
SH603396,20250624,0.0,0.0,0.0,0.15
SH603396,20240702,0.0,0.0,0.0,0.0006022583559
SH603396,20230602,0.0,0.0,0.0,0.17
SH603396,20220610,0.0,0.0,0.0,0.16
SH603396,20210421,0.0,0.0,0.0,0.24
SH603396,20200629,0.0,0.0,0.0,0.18
SH603396,20190628,0.4,0.0,0.0,0.34
SH603396,20180619,0.0,0.0,0.0,0.31
SH603406,20251204,0.0,0.0,0.0,0.5
SH603408,20240517,0.0,0.0,0.0,0.002614379085
SH603416,20251022,0.0,0.0,0.0,0.589
SH603416,20250623,0.0,0.0,0.0,0.8685
SH603416,20240711,0.0,0.0,0.0,0.0007837548985
SH603416,20230628,0.0,0.0,0.0,0.18
SH603416,20220608,0.0,0.0,0.0,0.26
SH603416,20210701,0.0,0.0,0.0,0.28
SH603416,20200717,0.0,0.0,0.0,0.16
SH603416,20190705,0.0,0.0,0.0,0.15
SH603416,20180706,0.0,0.0,0.0,0.142
SH603416,20170626,0.4,0.0,0.0,0.18
SH603421,20240627,0.0,0.0,0.0,0.0013318777293
SH603429,20240712,0.0,0.0,0.0,0.0037593984961999
SH603439,20240617,0.0,0.0,0.0,0.0014577259475
SH603456,20250908,0.0,0.0,0.0,0.1983
SH603456,20250619,0.0,0.0,0.0,0.2955
SH603456,20240704,0.0,0.0,0.0,0.0037037037037
SH603456,20230711,0.0,0.0,0.0,0.4
SH603456,20220713,0.0,0.0,0.0,0.25
SH603456,20210712,0.0,0.0,0.0,0.2
SH603456,20200708,0.0,0.0,0.0,0.2
SH603456,20190515,0.0,0.0,0.0,0.2
SH603456,20180412,0.8,0.0,0.0,0.2
SH603456,20170609,0.0,0.0,0.0,0.1
SH603456,20160526,1.0,0.0,0.0,0.3
SH603456,20150528,0.0,0.0,0.0,0.2
SH603458,20240531,0.0,0.0,0.0,0.0010763209393
SH603466,20250527,0.0,0.0,0.0,0.2
SH603466,20240607,0.0,0.0,0.0,0.0022701475596
SH603466,20230620,0.0,0.0,0.0,0.035
SH603466,20220714,0.42,0.0,0.0,0.48
SH603466,20210601,0.45,0.0,0.0,0.5
SH603466,20190604,0.0,0.0,0.0,0.075
SH603466,20180528,1.0,0.0,0.0,0.8
SH603486,20250606,0.0,0.0,0.0,0.45
SH603486,20240621,0.0,0.0,0.0,0.0006203473945
SH603486,20230615,0.0,0.0,0.0,0.9
SH603486,20220602,0.0,0.0,0.0,1.1
SH603486,20210618,0.0,0.0,0.0,0.5
SH603486,20190612,0.4,0.0,0.0,0.4
SH603488,20240708,0.0,0.0,0.0,0.0028248587571
SH603489,20240708,0.0,0.0,0.0,0.0038402457757
SH603496,20251022,0.0,0.0,0.0,0.005
SH603496,20250528,0.0,0.0,0.0,0.02
SH603496,20240911,0.0,0.0,0.0,0.02
SH603496,20240528,0.0,0.0,0.0,0.0002115384615
SH603496,20230608,0.4,0.0,0.0,0.07
SH603496,20211025,0.0,0.0,0.0,0.05
SH603496,20200619,0.0,0.0,0.0,0.105
SH603496,20190711,0.42,0.0,0.0,0.225
SH603496,20180628,0.3919,0.0,0.0,0.2253
SH603499,20240712,0.0,0.0,0.0,0.0002230483271
SH603500,20240508,0.0,0.0,0.0,0.0010906040268
SH603501,20240813,0.0,0.0,0.0,0.0001516300226999
SH603505,20240704,0.0,0.0,0.0,0.0011033468187
SH603506,20240612,0.0,0.0,0.0,0.0039169832401999
SH603506,20230601,0.0,0.0,0.0,0.3097
SH603506,20220531,0.0,0.0,0.0,0.3467
SH603506,20210615,0.4,0.0,0.0,0.3085
SH603506,20200716,0.0,0.0,0.0,0.255
SH603506,20190701,0.3,0.0,0.0,0.3
SH603506,20180629,0.3,0.0,0.0,0.3
SH603507,20240708,0.0,0.0,0.0,0.0013039117351999
SH603508,20240520,0.0,0.0,0.0,0.0033357583774
SH603511,20240704,0.0,0.0,0.0,0.0057515337423
SH603515,20240725,0.0,0.0,0.0,0.0051955990219999
SH603516,20250630,0.0,0.0,0.0,0.2487
SH603516,20240604,0.0,0.0,0.0,0.0002670940170999
SH603516,20230518,0.0,0.0,0.0,0.1
SH603516,20220525,0.0,0.0,0.0,0.2
SH603516,20210416,0.4,0.0,0.0,0.4
SH603516,20200506,0.0,0.0,0.0,0.3
SH603516,20190530,0.0,0.0,0.0,0.3
SH603516,20180517,0.4,0.0,0.0,0.4
SH603517,20240619,0.0,0.0,0.0,0.0029673590504
SH603518,20240710,0.0,0.0,0.0,0.0031591737545999
SH603519,20240627,0.0,0.0,0.0,0.0074349442379
SH603527,20240606,0.0,0.0,0.0,0.002
SH603529,20240712,0.0,0.0,0.0,0.001887592789
SH603530,20240726,0.0,0.0,0.0,0.0011453744493
SH603533,20240603,0.0,0.0,0.0,0.0001540041068
SH603535,20240829,0.0,0.0,0.0,0.0007518796992
SH603536,20240509,0.0,0.0,0.0,0.0002042900919
SH603536,20220615,0.4,0.0,0.0,0.0
SH603536,20210421,0.0,0.0,0.0,0.09
SH603536,20200529,0.0,0.0,0.0,0.02
SH603536,20190426,0.0,0.0,0.0,0.12
SH603536,20180426,0.4,0.0,0.0,0.25
SH603538,20240715,0.0,0.0,0.0,0.0001666666667
SH603551,20240604,0.0,0.0,0.0,0.006509357201
SH603556,20250624,0.0,0.0,0.0,0.6946
SH603556,20240614,0.0,0.0,0.0,0.0022998118336
SH603556,20230621,0.0,0.0,0.0,0.7
SH603556,20220706,0.0,0.0,0.0,0.3
SH603556,20210610,0.0,0.0,0.0,0.5
SH603556,20200605,0.0,0.0,0.0,0.6
SH603556,20190606,0.0,0.0,0.0,0.4
SH603556,20180619,0.3,0.0,0.0,0.3
SH603556,20170615,0.0,0.0,0.0,0.255
SH603558,20240506,0.0,0.0,0.0,0.0021949078138999
SH603565,20240430,0.0,0.0,0.0,0.0074844074844
SH603566,20251017,0.0,0.0,0.0,0.1976
SH603566,20250611,0.0,0.0,0.0,0.3952
SH603566,20240614,0.0,0.0,0.0,0.0026455026455
SH603566,20231020,0.0,0.0,0.0,0.3
SH603566,20230620,0.0,0.0,0.0,0.35
SH603566,20220620,0.0,0.0,0.0,0.2
SH603566,20210617,0.0,0.0,0.0,0.5
SH603566,20200617,0.0,0.0,0.0,0.2
SH603566,20190528,0.0,0.0,0.0,0.3
SH603566,20180605,0.0,0.0,0.0,0.2
SH603566,20170605,0.0,0.0,0.0,0.2
SH603566,20160531,1.0,0.0,0.0,0.3
SH603567,20240712,0.0,0.0,0.0,0.0018132366274
SH603568,20240624,0.0,0.0,0.0,0.0011842728565
SH603569,20240531,0.0,0.0,0.0,0.0008793969848999
SH603578,20240628,0.0,0.0,0.0,0.0010860484545
SH603579,20240605,0.0,0.0,0.0,0.0042372881356
SH603580,20240802,0.0,0.0,0.0,0.0003986387944
SH603583,20240606,0.0,0.0,0.0,0.0008905185961
SH603585,20240701,0.0,0.0,0.0,0.000512295082
SH603586,20251128,0.0,0.0,0.0,0.1
SH603586,20250606,0.0,0.0,0.0,0.4
SH603586,20240605,0.0,0.0,0.0,0.0037159372419
SH603586,20230607,0.0,0.0,0.0,0.5
SH603586,20210528,0.0,0.0,0.0,0.7
SH603586,20200617,0.0,0.0,0.0,0.6
SH603586,20190530,0.0,0.0,0.0,0.2
SH603586,20180530,0.0,0.0,0.0,0.4
SH603587,20240702,0.0,0.0,0.0,0.0062353858145
SH603588,20240626,0.0,0.0,0.0,0.0015128593041
SH603589,20240704,0.0,0.0,0.0,0.003807106599
SH603590,20240704,0.0,0.0,0.0,0.0012009607686
SH603596,20250617,0.0,0.0,0.0,0.349
SH603596,20240520,0.0,0.0,0.0,0.0006337371855
SH603596,20230605,0.0,0.0,0.0,0.339
SH603596,20220609,0.0,0.0,0.0,0.128
SH603596,20210531,0.0,0.0,0.0,0.118
SH603596,20200622,0.0,0.0,0.0,0.1
SH603596,20190524,0.0,0.0,0.0,0.06
SH603599,20240725,0.0,0.0,0.0,0.0050977060323
SH603600,20240605,0.0,0.0,0.0,0.0035460992908
SH603601,20240618,0.0,0.0,0.0,0.0010452961672
SH603602,20240702,0.0,0.0,0.0,0.0004922067268
SH603605,20240625,0.0,0.0,0.0,0.0008099688474
SH603606,20250529,0.0,0.0,0.0,0.45
SH603606,20240607,0.0,0.0,0.0,0.0009349677956
SH603606,20230428,0.0,0.0,0.0,0.25
SH603606,20220520,0.0,0.0,0.0,0.35
SH603606,20210527,0.0,0.0,0.0,0.23
SH603606,20200522,0.0,0.0,0.0,0.13
SH603606,20190529,0.3,0.0,0.0,0.105
SH603606,20180529,0.35,0.0,0.0,0.06
SH603606,20170609,0.0,0.0,0.0,0.045
SH603606,20160531,0.0,0.0,0.0,0.025
SH603606,20150528,1.2,0.0,0.0,0.1
SH603607,20240607,0.0,0.0,0.0,0.0023923444976
SH603610,20240613,0.0,0.0,0.0,0.0083194675541
SH603611,20240527,0.0,0.0,0.0,0.0030655495317999
SH603613,20240718,0.0,0.0,0.0,0.0011525974026
SH603615,20240507,0.0,0.0,0.0,0.0003293807642
SH603616,20220817,0.0,0.0,0.0,0.0207
SH603616,20190801,0.0,0.0,0.0,0.0132
SH603616,20170725,0.0,0.0,0.0,0.0223
SH603616,20160722,1.0,0.0,0.0,0.0427
SH603617,20240712,0.0,0.0,0.0,0.0006259780908
SH603618,20240527,0.0,0.0,0.0,0.0011538461538
SH603619,20240607,0.0,0.0,0.0,0.0025316455696
SH603626,20240614,0.0,0.0,0.0,0.0023131672597999
SH603626,20190613,0.0,0.0,0.0,0.25
SH603626,20180424,0.4,0.0,0.0,0.25
SH603626,20170915,0.4,0.0,0.0,0.0
SH603626,20170526,0.0,0.0,0.0,0.16
SH603628,20240624,0.0,0.0,0.0,0.0008895265423
SH603629,20240614,0.0,0.0,0.0,0.0004566210046
SH603630,20240617,0.0,0.0,0.0,0.0020390070922
SH603633,20240823,0.0,0.0,0.0,0.0008429752066
SH603636,20240704,0.0,0.0,0.0,0.0006290115533
SH603636,20230531,0.0,0.0,0.0,0.085
SH603636,20220616,0.0,0.0,0.0,0.085
SH603636,20210709,0.0,0.0,0.0,0.12
SH603636,20200619,0.0,0.0,0.0,0.16
SH603636,20190517,0.0,0.0,0.0,0.12
SH603636,20180510,0.0,0.0,0.0,0.2
SH603636,20180321,0.0,0.2998,5.5,0.0
SH603636,20170407,3.0,0.0,0.0,0.16
SH603636,20160705,0.0,0.0,0.0,0.19
SH603636,20150810,0.0,0.0,0.0,0.18
SH603637,20240607,0.0,0.0,0.0,0.0021346469622
SH603638,20240618,0.0,0.0,0.0,0.0008157715839999
SH603639,20240718,0.0,0.0,0.0,0.0042992261393
SH603648,20240812,0.0,0.0,0.0,0.0042892156863
SH603650,20240605,0.0,0.0,0.0,0.001874205845
SH603655,20240716,0.0,0.0,0.0,0.0004915730337
SH603656,20250604,0.0,0.0,0.0,0.0491
SH603656,20240620,0.0,0.0,0.0,0.0004401408451
SH603656,20230711,0.0,0.0,0.0,0.1
SH603656,20220704,0.0,0.0,0.0,0.1
SH603656,20210608,0.0,0.0,0.0,0.1
SH603656,20200527,0.0,0.0,0.0,0.1
SH603656,20190520,0.0,0.0,0.0,0.11
SH603656,20180516,0.4,0.0,0.0,0.25
SH603656,20170614,0.4,0.0,0.0,0.2
SH603657,20240607,0.0,0.0,0.0,0.0008849557522
SH603658,20240605,0.0,0.0,0.0,0.0020568523949
SH603659,20240613,0.0,0.0,0.0,0.0008541793777
SH603662,20240710,0.0,0.0,0.0,0.0014722838137
SH603663,20240718,0.0,0.0,0.0,0.0005699088146
SH603666,20220712,0.0,0.0,0.0,0.16
SH603666,20210716,0.4,0.0,0.0,0.37
SH603666,20200624,0.4,0.0,0.0,0.26
SH603666,20190628,0.0,0.0,0.0,0.462
SH603666,20181102,0.4,0.0,0.0,0.14
SH603667,20240613,0.0,0.0,0.0,0.0009473684211
SH603668,20240613,0.0,0.0,0.0,
SH603676,20251126,0.0,0.0,0.0,0.146
SH603676,20250611,0.0,0.0,0.0,0.1788
SH603676,20241112,0.0,0.0,0.0,0.162
SH603676,20240702,0.0,0.0,0.0,0.0034545454545
SH603676,20230602,0.0,0.0,0.0,0.235
SH603676,20220606,0.0,0.0,0.0,0.16
SH603676,20210602,0.0,0.0,0.0,0.095
SH603676,20200602,0.0,0.0,0.0,0.045
SH603676,20190530,0.0,0.0,0.0,0.055
SH603676,20180530,0.0,0.0,0.0,0.08
SH603677,20240425,0.0,0.0,0.0,0.0015987210232
SH603678,20240531,0.0,0.0,0.0,0.0006195786864999
SH603679,20240620,0.0,0.0,0.0,0.0013595166163
SH603680,20240719,0.0,0.0,0.0,0.0016620498614999
SH603681,20240708,0.0,0.0,0.0,0.0011895321174
SH603683,20240619,0.0,0.0,0.0,0.0003186274509999
SH603685,20240529,0.0,0.0,0.0,0.0012776831346
SH603686,20250620,0.0,0.0,0.0,0.158
SH603686,20240621,0.0,0.0,0.0,0.0031367628607
SH603686,20230606,0.0,0.0,0.0,0.25
SH603686,20220630,0.0,0.0,0.0,0.25
SH603686,20210624,0.0,0.0,0.0,0.38
SH603686,20200526,0.0,0.0,0.0,0.2
SH603686,20190927,0.4,0.0,0.0,0.0
SH603686,20190626,0.0,0.0,0.0,0.265
SH603686,20180606,0.0,0.0,0.0,0.265
SH603686,20170519,0.0,0.0,0.0,0.235
SH603686,20160520,0.0,0.0,0.0,0.18
SH603686,20150922,1.0,0.0,0.0,0.0
SH603686,20150610,0.0,0.0,0.0,0.35
SH603687,20240628,0.0,0.0,0.0,0.0006749307479
SH603688,20240522,0.0,0.0,0.0,0.0079854300924999
SH603689,20240617,0.0,0.0,0.0,0.0039908779932
SH603690,20240819,0.0,0.0,0.0,0.000967967968
SH603693,20240627,0.0,0.0,0.0,0.0012605042017
SH603696,20250605,0.0,0.0,0.0,0.09
SH603696,20240624,0.0,0.0,0.0,0.0010623229462
SH603696,20230612,0.0,0.0,0.0,0.05
SH603696,20220606,0.0,0.0,0.0,0.125
SH603696,20210621,0.0,0.0,0.0,0.25
SH603696,20200612,0.0,0.0,0.0,0.3
SH603696,20190517,0.4,0.0,0.0,0.585
SH603696,20181221,0.0,0.0,0.0,0.6
SH603696,20180529,0.4,0.0,0.0,0.125
SH603696,20170616,0.0,0.0,0.0,0.125
SH603696,20160614,0.0,0.0,0.0,0.15
SH603697,20240422,0.0,0.0,0.0,0.0039808917196999
SH603698,20240705,0.0,0.0,0.0,0.0009114583333
SH603699,20240710,0.0,0.0,0.0,0.0031212484993999
SH603700,20240621,0.0,0.0,0.0,0.003036437247
SH603701,20240604,0.0,0.0,0.0,0.0002293577982
SH603703,20240705,0.0,0.0,0.0,0.0001268498943
SH603706,20250619,0.0,0.0,0.0,0.9
SH603706,20240607,0.0,0.0,0.0,0.0056603773585
SH603706,20230531,0.0,0.0,0.0,0.7
SH603706,20220720,0.0,0.0,0.0,0.8
SH603706,20210624,0.0,0.0,0.0,0.6
SH603706,20200630,0.0,0.0,0.0,0.45
SH603706,20190621,0.0,0.0,0.0,0.35
SH603707,20240708,0.0,0.0,0.0,0.0008467400508
SH603708,20240624,0.0,0.0,0.0,0.002278177458
SH603709,20240719,0.0,0.0,0.0,0.0016071428571
SH603711,20240621,0.0,0.0,0.0,0.0024526979678
SH603712,20240620,0.0,0.0,0.0,0.0002957121735
SH603713,20240529,0.0,0.0,0.0,0.0007995172726
SH603716,20200618,0.0,0.0,0.0,0.08
SH603716,20180425,1.5,0.0,0.0,0.1
SH603716,20171023,0.4,0.0,0.0,0.0
SH603716,20170407,0.0,0.0,0.0,0.08
SH603718,20240719,0.0,0.0,0.0,0.0004783333332999
SH603719,20240531,0.0,0.0,0.0,0.0016411378556
SH603722,20240606,0.0,0.0,0.0,0.0004179728318
SH603725,20240607,0.0,0.0,0.0,0.0015070921986
SH603726,20250627,0.0,0.0,0.0,0.3995
SH603726,20240701,0.0,0.0,0.0,0.0029850746269
SH603726,20230607,0.0,0.0,0.0,0.35
SH603726,20220623,0.0,0.0,0.0,0.4
SH603726,20210603,0.0,0.0,0.0,0.4
SH603726,20200703,0.0,0.0,0.0,0.35
SH603726,20190620,0.4,0.0,0.0,0.55
SH603726,20180524,0.4,0.0,0.0,0.5
SH603726,20170713,0.0,0.0,0.0,0.42
SH603727,20240521,0.0,0.0,0.0,0.0009765625
SH603728,20240619,0.0,0.0,0.0,8.79314135e-05
SH603730,20240603,0.0,0.0,0.0,0.0031225604995999
SH603733,20240627,0.0,0.0,0.0,0.0018888289260999
SH603737,20240619,0.0,0.0,0.0,0.0003829583533
SH603738,20240624,0.0,0.0,0.0,0.0006049290514999
SH603739,20240530,0.0,0.0,0.0,0.000656167979
SH603757,20240620,0.0,0.0,0.0,0.0047483380817
SH603758,20240506,0.0,0.0,0.0,0.0050100200401
SH603759,20240527,0.0,0.0,0.0,0.0038681948424
SH603766,20260120,0.0,0.0,0.0,0.2
SH603766,20250605,0.0,0.0,0.0,0.4
SH603766,20240614,0.0,0.0,0.0,0.0014064697609
SH603766,20230609,0.0,0.0,0.0,0.08
SH603766,20220624,0.0,0.0,0.0,0.06
SH603766,20210617,0.0,0.0,0.0,0.08
SH603766,20200710,0.0,0.0,0.0,0.1
SH603766,20181012,0.0,0.0,0.0,0.07
SH603766,20180518,0.0,0.0,0.0,0.33
SH603766,20170518,1.5,0.0,0.0,0.5
SH603766,20160519,0.0,0.0,0.0,0.2
SH603766,20150507,0.0,0.0,0.0,0.228
SH603766,20140428,0.0,0.0,0.0,0.208
SH603766,20130529,0.0,0.0,0.0,0.175
SH603767,20240522,0.0,0.0,0.0,0.0015267175573
SH603773,20240524,0.0,0.0,0.0,0.0001792114695
SH603776,20250620,0.0,0.0,0.0,0.25
SH603776,20240704,0.0,0.0,0.0,0.0030395136778
SH603776,20230615,0.0,0.0,0.0,0.13
SH603776,20220609,0.0,0.0,0.0,0.1
SH603776,20210611,0.2,0.0,0.0,0.6334
SH603776,20200605,0.0,0.0,0.0,0.18
SH603776,20190626,0.4,0.0,0.0,0.27
SH603776,20180516,0.4,0.0,0.0,0.7
SH603777,20240704,0.0,0.0,0.0,0.0005302590674
SH603786,20250606,0.0,0.0,0.0,0.65
SH603786,20240604,0.0,0.0,0.0,0.0008675534990999
SH603786,20230615,0.0,0.0,0.0,0.5
SH603786,20220607,0.0,0.0,0.0,0.5
SH603786,20210602,0.0,0.0,0.0,0.5
SH603786,20200608,0.0,0.0,0.0,0.36
SH603787,20240531,0.0,0.0,0.0,0.0012510425354
SH603788,20240530,0.0,0.0,0.0,0.0041958041958
SH603790,20240617,0.0,0.0,0.0,0.0009970089731
SH603798,20240621,0.0,0.0,0.0,0.0007042253521
SH603799,20240617,0.0,0.0,0.0,0.0039138943248999
SH603800,20240613,0.0,0.0,0.0,0.0006775067751
SH603801,20240613,0.0,0.0,0.0,0.0046235138704999
SH603806,20250624,0.0,0.0,0.0,0.26
SH603806,20240624,0.0,0.0,0.0,0.0011653966831
SH603806,20230526,0.4,0.0,0.0,0.15
SH603806,20220525,0.4,0.0,0.0,0.35
SH603806,20210524,0.2,0.0,0.0,0.45
SH603806,20200518,0.4,0.0,0.0,0.55
SH603806,20190517,0.0,0.0,0.0,0.45
SH603806,20180530,0.3,0.0,0.0,0.6
SH603806,20170427,0.0,0.0,0.0,1.0
SH603806,20160429,0.0,0.0,0.0,0.7
SH603806,20150521,0.0,0.0,0.0,0.45
SH603808,20240613,0.0,0.0,0.0,0.0034482758620999
SH603809,20240605,0.0,0.0,0.0,0.0015873015873
SH603811,20240611,0.0,0.0,0.0,0.0029027576197
SH603813,20240509,0.0,0.0,0.0,0.002113271344
SH603815,20240708,0.0,0.0,0.0,0.0014655172414
SH603816,20250704,0.0,0.0,0.0,1.38
SH603816,20240607,0.0,0.0,0.0,0.0037659170956
SH603816,20230804,0.0,0.0,0.0,1.11
SH603816,20220629,0.3,0.0,0.0,1.32
SH603816,20210623,0.0,0.0,0.0,0.82
SH603816,20200611,0.0,0.0,0.0,1.17
SH603816,20190603,0.4,0.0,0.0,1.0
SH603816,20180601,0.0,0.0,0.0,0.96
SH603816,20170519,0.0,0.0,0.0,0.7
SH603817,20240627,0.0,0.0,0.0,0.0011434511434999
SH603819,20240606,0.0,0.0,0.0,0.0026086956522
SH603823,20240606,0.0,0.0,0.0,0.0014124293785
SH603826,20240627,0.0,0.0,0.0,0.0002335902826
SH603826,20190426,0.0,0.0,0.0,0.12
SH603826,20180427,0.3,0.0,0.0,0.06
SH603826,20170901,0.0,0.0,0.0,0.06
SH603829,20240628,0.0,0.0,0.0,0.0008665511265
SH603833,20240709,0.0,0.0,0.0,0.0056234718826
SH603836,20250625,0.0,0.0,0.0,0.1476
SH603836,20240625,0.0,0.0,0.0,0.0014471780029
SH603836,20230713,0.0,0.0,0.0,0.48
SH603836,20220615,0.0,0.0,0.0,0.8
SH603839,20240620,0.0,0.0,0.0,0.0024891774892
SH603848,20240628,0.0,0.0,0.0,0.0023346303502
SH603855,20240517,0.0,0.0,0.0,0.0044130626654999
SH603856,20250930,0.0,0.0,0.0,0.037
SH603856,20250620,0.0,0.0,0.0,0.18
SH603856,20240711,0.0,0.0,0.0,0.0018602362205
SH603856,20230411,0.0,0.0,0.0,0.174
SH603856,20220705,0.0,0.0,0.0,0.155
SH603856,20210520,0.0,0.0,0.0,0.3706
SH603856,20200515,0.0,0.0,0.0,0.236
SH603856,20190510,0.0,0.0,0.0,0.181
SH603856,20180622,0.3,0.0,0.0,0.185
SH603858,20240820,0.0,0.0,0.0,0.0008150064683
SH603859,20240617,0.0,0.0,0.0,0.0002915451895
SH603860,20240531,0.0,0.0,0.0,0.0005904580153
SH603861,20240704,0.0,0.0,0.0,0.0010306748466
SH603866,20250428,0.0,0.0,0.0,0.13
SH603866,20240913,0.0,0.0,0.0,0.12
SH603866,20240425,0.0,0.0,0.0,0.0029850746269
SH603866,20230427,0.2,0.0,0.0,0.4
SH603866,20220422,0.4,0.0,0.0,0.6
SH603866,20210511,0.4,0.0,0.0,1.0
SH603866,20200601,0.0,0.0,0.0,1.0
SH603866,20190425,0.4,0.0,0.0,1.0
SH603866,20180502,0.0,0.0,0.0,0.8
SH603866,20170515,0.0,0.0,0.0,0.3
SH603866,20160504,0.0,0.0,0.0,0.55
SH603867,20240618,0.0,0.0,0.0,0.0017758484609
SH603868,20240417,0.0,0.0,0.0,0.0042062911485
SH603871,20240618,0.0,0.0,0.0,0.0019554165037
SH603876,20250930,0.0,0.0,0.0,0.04
SH603876,20250605,0.0,0.0,0.0,0.06
SH603876,20241028,0.0,0.0,0.0,0.04
SH603876,20240705,0.0,0.0,0.0,0.0021111111111
SH603876,20230606,0.8,0.0,0.0,0.86
SH603876,20220725,0.0,0.0,0.0,0.2
SH603876,20200724,0.0,0.0,0.0,0.1
SH603876,20190715,0.0,0.0,0.0,0.1
SH603876,20180710,0.0,0.0,0.0,0.1
SH603877,20240520,0.0,0.0,0.0,0.0035928143713
SH603878,20240617,0.0,0.0,0.0,0.0066084788029999
SH603881,20240621,0.0,0.0,0.0,0.0004821428571
SH603882,20240618,0.0,0.0,0.0,0.0028843002294
SH603883,20240627,0.0,0.0,0.0,0.002484939759
SH603885,20240530,0.0,0.0,0.0,0.000551558753
SH603886,20250523,0.0,0.0,0.0,1.0
SH603886,20240530,0.0,0.0,0.0,0.006045949214
SH603886,20230616,0.0,0.0,0.0,1.0
SH603886,20220519,0.0,0.0,0.0,1.0
SH603886,20210528,0.0,0.0,0.0,1.0
SH603886,20200527,0.0,0.0,0.0,1.2
SH603886,20190627,0.0,0.0,0.0,0.66
SH603886,20180615,0.0,0.0,0.0,0.46
SH603886,20170622,0.0,0.0,0.0,0.23
SH603888,20240726,0.0,0.0,0.0,0.0010430054374999
SH603889,20240524,0.0,0.0,0.0,0.0039011703511
SH603893,20240807,0.0,0.0,0.0,0.0003480076562
SH603896,20250606,0.0,0.0,0.0,0.27
SH603896,20240620,0.0,0.0,0.0,0.0015744852644
SH603896,20230704,0.0,0.0,0.0,0.44
SH603896,20220526,0.3,0.0,0.0,0.405
SH603896,20210630,0.0,0.0,0.0,0.312
SH603896,20200526,0.0,0.0,0.0,0.345
SH603896,20190618,0.0,0.0,0.0,0.23
SH603896,20180712,0.0,0.0,0.0,0.2
SH603897,20240605,0.0,0.0,0.0,0.0069962686567
SH603898,20240606,0.0,0.0,0.0,0.002644836272
SH603899,20240524,0.0,0.0,0.0,0.0020969855832
SH603900,20240715,0.0,0.0,0.0,0.0021551724138
SH603901,20240703,0.0,0.0,0.0,0.0011544011544
SH603903,20240603,0.0,0.0,0.0,0.0023791821561
SH603906,20220930,0.0,0.0,0.0,0.186
SH603906,20210510,0.4,0.0,0.0,0.177
SH603906,20200604,0.0,0.0,0.0,0.128
SH603906,20190620,0.2,0.0,0.0,0.128
SH603906,20180614,0.2,0.0,0.0,0.088
SH603908,20240607,0.0,0.0,0.0,0.0037523452158
SH603909,20240510,0.0,0.0,0.0,0.0007874015748
SH603912,20240607,0.0,0.0,0.0,0.001372212693
SH603915,20240612,0.0,0.0,0.0,0.0014803849001
SH603916,20250612,0.0,0.0,0.0,0.1
SH603916,20240625,0.0,0.0,0.0,0.0022354694486
SH603916,20230531,0.0,0.0,0.0,0.3
SH603916,20220524,0.0,0.0,0.0,0.36
SH603916,20210518,0.2,0.0,0.0,0.36
SH603916,20200526,0.0,0.0,0.0,0.3
SH603916,20190515,0.0,0.0,0.0,0.24
SH603916,20180606,0.0,0.0,0.0,0.2
SH603917,20240607,0.0,0.0,0.0,0.0018264840183
SH603918,20240704,0.0,0.0,0.0,0.0003404255319
SH603919,20240522,0.0,0.0,0.0,0.0017250554324
SH603920,20240619,0.0,0.0,0.0,0.002427184466
SH603922,20240709,0.0,0.0,0.0,8.40689365e-05
SH603926,20250529,0.0,0.0,0.0,0.26
SH603926,20240529,0.0,0.0,0.0,0.0039665970772
SH603926,20230530,0.0,0.0,0.0,0.11
SH603926,20220531,0.3,0.0,0.0,0.17
SH603926,20210617,0.0,0.0,0.0,0.5
SH603926,20200708,0.0,0.0,0.0,0.3
SH603926,20190618,0.3,0.0,0.0,0.25
SH603926,20180418,0.0,0.0,0.0,1.15
SH603927,20240521,0.0,0.0,0.0,0.0019469026548999
SH603928,20240621,0.0,0.0,0.0,0.0010941960038
SH603929,20240515,0.0,0.0,0.0,0.0038535645472
SH603931,20240620,0.0,0.0,0.0,0.0010707070706999
SH603933,20240604,0.0,0.0,0.0,0.0007102272727
SH603936,20240617,0.0,0.0,0.0,0.02
SH603936,20230607,0.0,0.0,0.0,0.02
SH603936,20210531,0.0,0.0,0.0,0.06
SH603936,20200604,0.4,0.0,0.0,0.07
SH603936,20190605,0.4,0.0,0.0,0.1
SH603936,20180608,0.0,0.0,0.0,0.066
SH603936,20170619,0.0,0.0,0.0,0.06
SH603936,20160624,0.0,0.0,0.0,0.05
SH603937,20240619,0.0,0.0,0.0,0.0011945812808
SH603938,20240528,0.0,0.0,0.0,0.0003860430586
SH603939,20240607,0.0,0.0,0.0,0.0011363636364
SH603948,20240416,0.0,0.0,0.0,0.0046189376443
SH603949,20240510,0.0,0.0,0.0,0.0021739130435
SH603956,20240607,0.0,0.0,0.0,0.0018761726079
SH603956,20230607,0.0,0.0,0.0,0.1
SH603956,20220610,0.0,0.0,0.0,0.176
SH603956,20210601,0.0,0.0,0.0,0.1633
SH603956,20200527,0.0,0.0,0.0,0.15
SH603956,20190528,0.0,0.0,0.0,0.1
SH603960,20240612,0.0,0.0,0.0,0.0004835766422999
SH603966,20250707,0.0,0.0,0.0,0.23
SH603966,20240607,0.0,0.0,0.0,0.0030872483221
SH603966,20230704,0.2,0.0,0.0,0.26
SH603966,20220701,0.0,0.0,0.0,0.22
SH603966,20210803,0.4,0.0,0.0,0.3
SH603966,20200529,0.0,0.0,0.0,0.1
SH603966,20190531,0.0,0.0,0.0,0.08
SH603966,20180622,0.3,0.0,0.0,0.08
SH603966,20170615,0.0,0.0,0.0,0.1
SH603967,20240514,0.0,0.0,0.0,0.0044523597507
SH603968,20240712,0.0,0.0,0.0,0.0029045643154
SH603969,20240705,0.0,0.0,0.0,0.0014925373134
SH603970,20240612,0.0,0.0,0.0,0.0023910733262
SH603976,20250521,0.0,0.0,0.0,0.246
SH603976,20240925,0.0,0.0,0.0,0.1
SH603976,20240619,0.0,0.0,0.0,0.0013559322034
SH603976,20230621,0.0,0.0,0.0,0.06
SH603976,20220624,0.0,0.0,0.0,0.308
SH603976,20210416,0.0,0.0,0.0,0.036
SH603976,20200708,0.0,0.0,0.0,0.324
SH603976,20190606,0.0,0.0,0.0,0.08
SH603976,20180528,0.4,0.0,0.0,0.46
SH603977,20240701,0.0,0.0,0.0,0.0014749262537
SH603979,20240711,0.0,0.0,0.0,0.0004048582996
SH603980,20240625,0.0,0.0,0.0,0.0019390581717
SH603983,20240531,0.0,0.0,0.0,0.0017049180327999
SH603986,20250703,0.0,0.0,0.0,0.3397
SH603986,20230620,0.0,0.0,0.0,0.62
SH603986,20220602,0.0,0.0,0.0,1.06
SH603986,20210521,0.4,0.0,0.0,0.56
SH603986,20200507,0.4,0.0,0.0,0.38
SH603986,20190603,0.0,0.0,0.0,0.285
SH603986,20180521,0.4,0.0,0.0,0.393
SH603986,20170522,1.0,0.0,0.0,0.53
SH603987,20240614,0.0,0.0,0.0,0.002416918429
SH603988,20240508,0.0,0.0,0.0,0.0005964214712
SH603989,20240628,0.0,0.0,0.0,0.0019314868805
SH603992,20240607,0.0,0.0,0.0,0.0011503347535
SH603993,20240708,0.0,0.0,0.0,0.001696919692
SH603995,20240605,0.0,0.0,0.0,0.0026838432636
SH603996,20180615,0.0,0.0,0.0,0.05
SH603996,20170524,0.0,0.0,0.0,0.15
SH603996,20160512,0.5,0.0,0.0,0.4
SH603998,20240611,0.0,0.0,0.0,0.0017953321364
SH603999,20240613,0.0,0.0,0.0,0.0010256410255999
SH605001,20240605,0.0,0.0,0.0,0.0037664783426999
SH605003,20240619,0.0,0.0,0.0,0.0024580335731
SH605005,20240617,0.0,0.0,0.0,0.0012315270936
SH605006,20240605,0.0,0.0,0.0,0.0010196078431
SH605006,20230525,0.0,0.0,0.0,0.268
SH605006,20220510,0.2,0.0,0.0,0.11
SH605006,20210415,0.0,0.0,0.0,0.15
SH605007,20240530,0.0,0.0,0.0,0.0015288394719
SH605008,20240614,0.0,0.0,0.0,0.0021587743733
SH605009,20240619,0.0,0.0,0.0,0.0019730733519
SH605011,20240607,0.0,0.0,0.0,0.0005914972273999
SH605016,20251212,0.0,0.0,0.0,0.05
SH605016,20250912,0.0,0.0,0.0,0.05
SH605016,20250611,0.3,0.0,0.0,0.14
SH605016,20241227,0.0,0.0,0.0,0.02
SH605016,20240913,0.0,0.0,0.0,0.03
SH605016,20240606,0.0,0.0,0.0,0.0008045591685999
SH605016,20230601,0.4,0.0,0.0,0.17
SH605016,20220701,0.4,0.0,0.0,0.085
SH605018,20240612,0.0,0.0,0.0,0.0021390374332
SH605020,20240716,0.0,0.0,0.0,0.0008301051467
SH605028,20240423,0.0,0.0,0.0,0.0036855036855
SH605033,20240607,0.0,0.0,0.0,0.0012155591572
SH605050,20240628,0.0,0.0,0.0,0.0046286329385999
SH605055,20240530,0.0,0.0,0.0,0.0012422360248
SH605056,20260109,0.0,0.0,0.0,0.08
SH605056,20250604,0.0,0.0,0.0,0.3547
SH605056,20240614,0.0,0.0,0.0,0.0012744265081
SH605056,20230526,0.0,0.0,0.0,0.35
SH605056,20220527,0.0,0.0,0.0,0.35
SH605056,20210928,0.0,0.0,0.0,0.4
SH605058,20240710,0.0,0.0,0.0,0.0016304347826
SH605060,20240625,0.0,0.0,0.0,0.0024964336662
SH605066,20250515,0.0,0.0,0.0,0.25
SH605066,20240924,0.0,0.0,0.0,0.1
SH605066,20240607,0.0,0.0,0.0,0.0037313432836
SH605066,20230601,0.0,0.0,0.0,0.25
SH605066,20210601,0.0,0.0,0.0,0.3
SH605077,20240528,0.0,0.0,0.0,0.0031042128603
SH605080,20240710,0.0,0.0,0.0,0.0006368563686
SH605086,20250910,0.0,0.0,0.0,0.093
SH605086,20250612,0.0,0.0,0.0,0.095
SH605086,20241224,0.0,0.0,0.0,0.114
SH605086,20240927,0.0,0.0,0.0,0.077
SH605086,20240614,0.0,0.0,0.0,0.0014709467696
SH605086,20230707,0.0,0.0,0.0,0.33
SH605086,20220707,0.0,0.0,0.0,0.33
SH605088,20240618,0.0,0.0,0.0,0.0026869682042
SH605089,20240614,0.0,0.0,0.0,0.002917882451
SH605090,20240605,0.0,0.0,0.0,0.0015122873346
SH605098,20240528,0.0,0.0,0.0,0.0019550342131
SH605099,20240604,0.0,0.0,0.0,0.0024085637823
SH605100,20240607,0.0,0.0,0.0,0.0034275921165
SH605108,20240719,0.0,0.0,0.0,0.0021343050495
SH605111,20240614,0.0,0.0,0.0,0.0005206954037
SH605116,20250620,0.0,0.0,0.0,0.289
SH605116,20240606,0.0,0.0,0.0,0.0009704455226999
SH605116,20230522,0.0,0.0,0.0,0.16
SH605116,20220606,0.0,0.0,0.0,0.13
SH605116,20210601,0.0,0.0,0.0,0.12
SH605117,20240529,0.0,0.0,0.0,0.002099790021
SH605118,20240607,0.0,0.0,0.0,0.0016223231668
SH605122,20240531,0.0,0.0,0.0,0.0002030008826
SH605123,20240603,0.0,0.0,0.0,0.0018884626734
SH605128,20240520,0.0,0.0,0.0,0.0008484162896
SH605133,20240702,0.0,0.0,0.0,0.0008086253369
SH605136,20240927,0.0,0.0,0.0,0.006
SH605136,20240606,0.0,0.0,0.0,0.000837520938
SH605136,20220524,0.0,0.0,0.0,0.21
SH605136,20210526,0.0,0.0,0.0,0.18
SH605138,20240605,0.0,0.0,0.0,0.0016722222222
SH605151,20240624,0.0,0.0,0.0,0.0018954248366
SH605155,20240510,0.0,0.0,0.0,0.0013377926421
SH605158,20240530,0.0,0.0,0.0,0.002915451895
SH605162,20240508,0.0,0.0,0.0,0.0023316062176
SH605166,20250620,0.0,0.0,0.0,0.133
SH605166,20240621,0.0,0.0,0.0,0.0026635514019
SH605166,20230518,0.0,0.0,0.0,0.211
SH605166,20220517,0.0,0.0,0.0,0.2051
SH605166,20210601,0.0,0.0,0.0,0.1
SH605167,20240607,0.0,0.0,0.0,0.0005498721228
SH605168,20240607,0.0,0.0,0.0,0.0038901601830999
SH605169,20240604,0.0,0.0,0.0,0.0023364485981
SH605177,20240704,0.0,0.0,0.0,0.001503083295
SH605179,20240607,0.0,0.0,0.0,0.0004545454545
SH605180,20240710,0.0,0.0,0.0,0.0007149240393
SH605183,20240628,0.0,0.0,0.0,0.0022392834293
SH605186,20240823,0.0,0.0,0.0,0.0005500550055
SH605186,20230825,0.0,0.0,0.0,0.09
SH605186,20220825,0.0,0.0,0.0,0.09
SH605186,20210825,0.0,0.0,0.0,0.215
SH605188,20240624,0.0,0.0,0.0,0.0001369863014
SH605189,20240523,0.0,0.0,0.0,0.0011406844106
SH605196,20250708,0.0,0.0,0.0,0.0631
SH605196,20240717,0.0,0.0,0.0,0.0007569296375
SH605196,20230714,0.0,0.0,0.0,0.051
SH605196,20220623,0.0,0.0,0.0,0.024
SH605198,20240628,0.0,0.0,0.0,0.000828313253
SH605199,20240716,0.0,0.0,0.0,0.0012742099898
SH605208,20240702,0.0,0.0,0.0,0.0003184713376
SH605218,20240521,0.0,0.0,0.0,0.0007359307359
SH605222,20240618,0.0,0.0,0.0,0.0009987515605
SH605228,20240618,0.0,0.0,0.0,0.0004347826087
SH605255,20240605,0.0,0.0,0.0,0.0017107309487
SH605258,20240527,0.0,0.0,0.0,0.0016309412861
SH605259,20240701,0.0,0.0,0.0,0.0025627883137
SH605266,20250618,0.0,0.0,0.0,1.0546
SH605266,20240606,0.0,0.0,0.0,0.0027035556491
SH605266,20230703,0.3,0.0,0.0,1.46
SH605266,20220608,0.3,0.0,0.0,1.575
SH605266,20210521,0.3,0.0,0.0,2.3
SH605268,20240530,0.0,0.0,0.0,0.003640776699
SH605277,20240613,0.0,0.0,0.0,0.0012738853503
SH605286,20250930,0.0,0.0,0.0,0.06
SH605286,20250604,0.0,0.0,0.0,0.12
SH605286,20240930,0.0,0.0,0.0,0.12
SH605286,20240607,0.0,0.0,0.0,0.0016393442623
SH605286,20230605,0.0,0.0,0.0,0.12
SH605286,20220601,0.0,0.0,0.0,0.12
SH605286,20210611,0.0,0.0,0.0,0.13
SH605287,20240722,0.0,0.0,0.0,0.0011278195489
SH605288,20240614,0.0,0.0,0.0,0.0014223871367
SH605289,20240613,0.0,0.0,0.0,0.0009134088417999
SH605296,20251106,0.0,0.0,0.0,0.39
SH605296,20230615,0.0,0.0,0.0,0.25
SH605296,20220601,0.3,0.0,0.0,0.25
SH605296,20210922,0.0,0.0,0.0,0.25
SH605298,20240613,0.0,0.0,0.0,0.0008561643836
SH605299,20240509,0.0,0.0,0.0,0.0030487804878
SH605300,20240605,0.0,0.0,0.0,0.0021538461538
SH605305,20240529,0.0,0.0,0.0,0.0006732387593
SH605318,20240813,0.0,0.0,0.0,0.0019157088122999
SH605319,20240619,0.0,0.0,0.0,0.0019387755101999
SH605333,20240626,0.0,0.0,0.0,0.0001808318264
SH605336,20250626,0.0,0.0,0.0,0.325
SH605336,20240716,0.0,0.0,0.0,0.0053264604811
SH605336,20230804,0.0,0.0,0.0,0.697
SH605336,20220708,0.3,0.0,0.0,1.39
SH605336,20210531,0.0,0.0,0.0,0.415
SH605337,20240603,0.0,0.0,0.0,0.004118616145
SH605338,20240516,0.0,0.0,0.0,0.0023432923257
SH605339,20240607,0.0,0.0,0.0,0.0007422402158999
SH605358,20240531,0.0,0.0,0.0,0.0003946833101999
SH605365,20240705,0.0,0.0,0.0,0.0021476510067
SH605366,20240719,0.0,0.0,0.0,0.0007662835249
SH605366,20230601,0.4,0.0,0.0,0.25
SH605366,20220721,0.3,0.0,0.0,0.16
SH605366,20210611,0.0,0.0,0.0,0.3
SH605368,20240429,0.0,0.0,0.0,0.0063957863054999
SH605369,20240709,0.0,0.0,0.0,0.0007832898172
SH605376,20250708,0.0,0.0,0.0,0.15
SH605376,20241031,0.0,0.0,0.0,0.32
SH605376,20240705,0.0,0.0,0.0,0.000864968765
SH605376,20230630,0.0,0.0,0.0,0.3
SH605376,20220601,0.0,0.0,0.0,0.2
SH605376,20210618,0.0,0.0,0.0,0.28
SH605377,20240614,0.0,0.0,0.0,0.0051449953227
SH605378,20240606,0.0,0.0,0.0,0.0032147449635999
SH605388,20240605,0.0,0.0,0.0,0.0011574074074
SH605389,20240529,0.0,0.0,0.0,0.0018066847335
SH605398,20240816,0.0,0.0,0.0,0.0006253256905
SH605399,20240627,0.0,0.0,0.0,0.0008928571429
SH605488,20240619,0.0,0.0,0.0,0.0014803849001
SH605499,20240611,0.0,0.0,0.0,0.0011074687694
SH605500,20240708,0.0,0.0,0.0,0.0024469820555
SH605507,20240614,0.0,0.0,0.0,0.0017510452962
SH605555,20240606,0.0,0.0,0.0,0.0017275419546
SH605566,20250718,0.0,0.0,0.0,0.0995
SH605566,20240716,0.0,0.0,0.0,0.0008075370121
SH605566,20230616,0.0,0.0,0.0,0.035
SH605566,20220622,0.0,0.0,0.0,0.75
SH605577,20240705,0.0,0.0,0.0,0.0005453306067
SH605580,20240523,0.0,0.0,0.0,0.0023452157598
SH605588,20240626,0.0,0.0,0.0,0.0001714285714
SH605589,20240821,0.0,0.0,0.0,0.0022662889518
SH605598,20240628,0.0,0.0,0.0,0.0009487750557
SH605599,20240605,0.0,0.0,0.0,0.0048143053645
SH688001,20240620,0.0,0.0,0.0,0.0007417102967
SH688002,20240704,0.0,0.0,0.0,0.0004465947153
SH688003,20240530,0.0,0.0,0.0,0.0017543859649
SH688004,20240530,0.0,0.0,0.0,
SH688005,20240710,0.0,0.0,0.0,0.0014152265297
SH688006,20251013,0.0,0.0,0.0,0.066
SH688006,20250618,0.0,0.0,0.0,0.058
SH688006,20250317,0.0,0.0,0.0,0.058
SH688006,20241016,0.0,0.0,0.0,0.11
SH688006,20240603,0.0,0.0,0.0,0.0016732283465
SH688006,20231206,0.0,0.0,0.0,0.08
SH688006,20230607,0.4,0.0,0.0,0.35
SH688006,20220621,0.0,0.0,0.0,0.229
SH688006,20210520,0.0,0.0,0.0,0.28
SH688006,20200608,0.0,0.0,0.0,0.22
SH688007,20240718,0.0,0.0,0.0,0.000461731659
SH688008,20240606,0.0,0.0,0.0,0.0005761474938
SH688009,20240726,0.0,0.0,0.0,0.0028145695363999
SH688012,20240531,0.0,0.0,0.0,0.0002275485436999
SH688015,20240524,0.0,0.0,0.0,0.000877577885
SH688016,20251017,0.0,0.0,0.0,1.27521
SH688016,20250606,0.0,0.0,0.0,0.34434
SH688016,20241108,0.0,0.0,0.0,1.65
SH688016,20240514,0.0,0.0,0.0,0.0016260162602
SH688016,20230518,0.0,0.0,0.0,2.3
SH688016,20220712,0.0,0.0,0.0,2.1
SH688016,20210604,0.0,0.0,0.0,0.9
SH688016,20200622,0.0,0.0,0.0,0.65
SH688017,20240613,0.0,0.0,0.0,0.0002760651514
SH688018,20240516,0.0,0.0,0.0,0.0009433962264
SH688019,20240611,0.0,0.0,0.0,0.0002143425806999
SH688020,20240620,0.0,0.0,0.0,0.0005147026432
SH688023,20240705,0.0,0.0,0.0,
SH688025,20240613,0.0,0.0,0.0,0.0007945829555999
SH688026,20250702,0.0,0.0,0.0,0.0716
SH688026,20240704,0.0,0.0,0.0,0.0007325227964
SH688026,20230606,0.0,0.0,0.0,0.0712
SH688026,20220608,0.4,0.0,0.0,0.6
SH688026,20210730,0.0,0.0,0.0,0.12
SH688026,20200604,0.0,0.0,0.0,0.5
SH688028,20240614,0.0,0.0,0.0,0.0013387660069999
SH688029,20240624,0.0,0.0,0.0,0.0015508684864
SH688032,20240619,0.0,0.0,0.0,0.0018570102136
SH688033,20240726,0.0,0.0,0.0,0.000484496124
SH688035,20240614,0.0,0.0,0.0,0.00071306332
SH688036,20250911,0.0,0.0,0.0,0.8
SH688036,20250605,0.0,0.0,0.0,1.5
SH688036,20241121,0.0,0.0,0.0,1.5
SH688036,20240607,0.0,0.0,0.0,0.0023942537909
SH688036,20231129,0.0,0.0,0.0,3.0
SH688036,20230531,0.0,0.0,0.0,1.8
SH688036,20220623,0.0,0.0,0.0,1.5
SH688036,20210611,0.0,0.0,0.0,1.08
SH688036,20200611,0.0,0.0,0.0,0.68
SH688037,20240717,0.0,0.0,0.0,0.0002170374389999
SH688041,20240618,0.0,0.0,0.0,0.0001496737357
SH688046,20251120,0.0,0.0,0.0,0.0299
SH688046,20250711,0.0,0.0,0.0,0.1097
SH688046,20241104,0.0,0.0,0.0,0.0299
SH688046,20240807,0.0,0.0,0.0,0.0013651877133
SH688046,20230707,0.0,0.0,0.0,0.041
SH688049,20240621,0.0,0.0,0.0,0.0007155635063
SH688050,20240605,0.0,0.0,0.0,0.0003358925144
SH688053,20240702,0.0,0.0,0.0,0.001313559322
SH688056,20250611,0.0,0.0,0.0,0.594
SH688056,20241021,0.0,0.0,0.0,0.1188
SH688056,20240614,0.0,0.0,0.0,0.0033571128829
SH688056,20230621,0.0,0.0,0.0,0.2
SH688056,20220707,0.0,0.0,0.0,0.35
SH688056,20210617,0.0,0.0,0.0,0.3
SH688057,20240724,0.0,0.0,0.0,0.0049701789264
SH688058,20240621,0.0,0.0,0.0,0.0008387096774
SH688059,20240628,0.0,0.0,0.0,0.0016785564414999
SH688061,20240712,0.0,0.0,0.0,0.0001185770751
SH688063,20240621,0.0,0.0,0.0,0.0017927943458
SH688065,20240724,0.0,0.0,0.0,0.0004786146096
SH688066,20230529,0.4,0.0,0.0,0.13
SH688066,20220713,0.0,0.0,0.0,0.1
SH688066,20210528,0.0,0.0,0.0,0.07
SH688066,20200708,0.0,0.0,0.0,0.055
SH688067,20240704,0.0,0.0,0.0,0.0007027406887
SH688068,20240703,0.0,0.0,0.0,0.0007716049382999
SH688072,20240611,0.0,0.0,0.0,0.0001714845664
SH688073,20240626,0.0,0.0,0.0,0.0029296875
SH688075,20240709,0.0,0.0,0.0,0.0012195121951
SH688076,20250612,0.4,0.0,0.0,0.8
SH688076,20240910,0.0,0.0,0.0,0.1
SH688076,20240617,0.0,0.0,0.0,0.000651465798
SH688076,20230630,0.0,0.0,0.0,0.2
SH688076,20220609,0.0,0.0,0.0,0.15
SH688077,20240613,0.0,0.0,0.0,0.0011435832274
SH688078,20240513,0.0,0.0,0.0,0.0013910355487
SH688080,20240603,0.0,0.0,0.0,0.0005128205127999
SH688082,20240719,0.0,0.0,0.0,0.0006668370063
SH688083,20240614,0.0,0.0,0.0,0.0005862428348
SH688084,20240613,0.0,0.0,0.0,0.0004091653028
SH688085,20240611,0.0,0.0,0.0,0.0004171122995
SH688086,20210723,0.0,0.0,0.0,0.168
SH688086,20200710,0.0,0.0,0.0,0.218
SH688087,20240717,0.0,0.0,0.0,0.0005769230769
SH688088,20240606,0.0,0.0,0.0,0.0007355399532
SH688089,20240626,0.0,0.0,0.0,0.0015060240964
SH688090,20240624,0.0,0.0,0.0,0.0005989654234
SH688091,20240517,0.0,0.0,0.0,0.0008231545406
SH688092,20240614,0.0,0.0,0.0,0.0015962441314999
SH688093,20240530,0.0,0.0,0.0,0.0020905923345
SH688095,20240619,0.0,0.0,0.0,0.0008049909439
SH688096,20250715,0.3945,0.0,0.0,0.1479
SH688096,20230609,0.4,0.0,0.0,0.15
SH688096,20220706,0.0,0.0,0.0,0.4
SH688096,20201022,0.0,0.0,0.0,0.4
SH688097,20240723,0.0,0.0,0.0,0.0006522829905
SH688098,20240614,0.0,0.0,0.0,0.0007641921397
SH688100,20240509,0.0,0.0,0.0,0.0012703101919999
SH688101,20240705,0.0,0.0,0.0,0.002055406613
SH688102,20240703,0.0,0.0,0.0,0.000725294651
SH688103,20240603,0.0,0.0,0.0,0.0007963988919999
SH688105,20240708,0.0,0.0,0.0,0.0005149330587
SH688106,20250516,0.0,0.0,0.0,0.099
SH688106,20240919,0.0,0.0,0.0,0.1475
SH688106,20240523,0.0,0.0,0.0,0.0018949648078
SH688106,20230607,0.0,0.0,0.0,0.25
SH688106,20220512,0.0,0.0,0.0,0.25
SH688106,20210427,0.0,0.0,0.0,0.25
SH688109,20240607,0.0,0.0,0.0,0.0011985617259
SH688111,20240628,0.0,0.0,0.0,0.0003580873672
SH688112,20240604,0.0,0.0,0.0,0.00280791321
SH688113,20240604,0.0,0.0,0.0,0.00109733416
SH688115,20240627,0.0,0.0,0.0,0.000536524969
SH688116,20250630,0.0,0.0,0.0,0.146
SH688116,20240627,0.0,0.0,0.0,0.0012422360248
SH688116,20230707,0.48,0.0,0.0,0.095
SH688116,20220705,0.0,0.0,0.0,0.069
SH688116,20210618,0.0,0.0,0.0,0.07
SH688116,20200709,0.0,0.0,0.0,0.143
SH688117,20240614,0.0,0.0,0.0,0.0007692307692
SH688118,20240722,0.0,0.0,0.0,0.0007849293564
SH688119,20240531,0.0,0.0,0.0,0.000848806366
SH688120,20240702,0.0,0.0,0.0,0.0002926933106
SH688122,20240730,0.0,0.0,0.0,0.0018671645772
SH688123,20240614,0.0,0.0,0.0,0.0003291639236
SH688125,20240620,0.0,0.0,0.0,0.0004436557232
SH688126,20240731,0.0,0.0,0.0,0.0002640264026
SH688127,20240627,0.0,0.0,0.0,0.0011098779134
SH688128,20240620,0.0,0.0,0.0,0.002389803505
SH688129,20240715,0.0,0.0,0.0,0.0016263584753
SH688130,20240712,0.0,0.0,0.0,
SH688131,20240627,0.0,0.0,0.0,0.0005192107996
SH688133,20240621,0.0,0.0,0.0,0.0003976143141
SH688135,20240522,0.0,0.0,0.0,0.0006365372374
SH688136,20250612,0.0,0.0,0.0,0.079
SH688136,20220607,0.0,0.0,0.0,0.1
SH688136,20210622,0.0,0.0,0.0,0.08
SH688137,20240801,0.0,0.0,0.0,0.0016
SH688138,20240628,0.0,0.0,0.0,0.0007501172058
SH688139,20240606,0.0,0.0,0.0,0.0012969025433999
SH688146,20250703,0.0,0.0,0.0,0.173
SH688146,20240612,0.0,0.0,0.0,0.0006421088204999
SH688146,20230718,0.0,0.0,0.0,0.218
SH688147,20240718,0.0,0.0,0.0,0.0003202712886
SH688150,20240614,0.0,0.0,0.0,0.000275862069
SH688151,20240711,0.0,0.0,0.0,7.13058419e-05
SH688153,20240709,0.0,0.0,0.0,0.0001633016627
SH688155,20240605,0.0,0.0,0.0,0.0005202011444
SH688156,20240712,0.0,0.0,0.0,0.000403551251
SH688156,20230913,0.0,0.0,0.0,0.1
SH688156,20220622,0.0,0.0,0.0,0.3
SH688156,20210601,0.0,0.0,0.0,0.2
SH688157,20240614,0.0,0.0,0.0,0.0006402793946
SH688160,20240507,0.0,0.0,0.0,0.0005942947702
SH688161,20240705,0.0,0.0,0.0,0.0006374603175
SH688163,20240603,0.0,0.0,0.0,0.0015037593985
SH688166,20250623,0.0,0.0,0.0,0.0959
SH688166,20240704,0.0,0.0,0.0,0.0002657071685999
SH688166,20230615,0.0,0.0,0.0,0.114
SH688166,20220616,0.0,0.0,0.0,0.12
SH688166,20210511,0.0,0.0,0.0,0.084
SH688166,20200608,0.0,0.0,0.0,0.082
SH688167,20240606,0.0,0.0,0.0,0.0004936305731999
SH688168,20240716,0.0,0.0,0.0,0.0002192982455999
SH688169,20240808,0.0,0.0,0.0,0.0016302513088999
SH688170,20240606,0.0,0.0,0.0,0.0012668918919
SH688171,20240621,0.0,0.0,0.0,0.0005289052891
SH688172,20240614,0.0,0.0,0.0,0.00022172949
SH688175,20240606,0.0,0.0,0.0,0.0009220839095999
SH688179,20240521,0.0,0.0,0.0,0.0018192844148
SH688181,20240705,0.0,0.0,0.0,0.0004809976247
SH688182,20240621,0.0,0.0,0.0,0.0004143159379
SH688186,20250612,0.0,0.0,0.0,0.3555
SH688186,20241114,0.0,0.0,0.0,0.05
SH688186,20240628,0.0,0.0,0.0,0.0006243496358
SH688186,20230706,0.0,0.0,0.0,0.04999
SH688186,20220608,0.0,0.0,0.0,0.25
SH688186,20210430,0.0,0.0,0.0,0.5
SH688186,20200520,0.0,0.0,0.0,0.5
SH688187,20240808,0.0,0.0,0.0,0.0014135556360999
SH688188,20240517,0.0,0.0,0.0,0.0008363878707
SH688190,20240606,0.0,0.0,0.0,0.0010736390046999
SH688191,20240618,0.0,0.0,0.0,0.0011813349084
SH688193,20240627,0.0,0.0,0.0,0.0007421150278
SH688195,20240704,0.0,0.0,0.0,0.0004291827128999
SH688196,20250627,0.0,0.0,0.0,0.5
SH688196,20240607,0.0,0.0,0.0,0.001062992126
SH688196,20230512,0.0,0.0,0.0,1.55
SH688196,20220524,0.0,0.0,0.0,1.15
SH688196,20210527,0.0,0.0,0.0,0.82
SH688196,20200519,0.0,0.0,0.0,0.72
SH688198,20240528,0.0,0.0,0.0,0.0007358351729
SH688199,20240619,0.0,0.0,0.0,
SH688200,20240606,0.0,0.0,0.0,0.0005116491549
SH688201,20240709,0.0,0.0,0.0,0.000285986654
SH688203,20240509,0.0,0.0,0.0,0.0007699711261
SH688205,20240531,0.0,0.0,0.0,0.0007800312012
SH688206,20250711,0.0,0.0,0.0,0.0299
SH688206,20230719,0.0,0.0,0.0,0.07
SH688206,20220726,0.0,0.0,0.0,0.02
SH688208,20240520,0.0,0.0,0.0,0.0014727540500999
SH688209,20240612,0.0,0.0,0.0,0.000231980116
SH688210,20240709,0.0,0.0,0.0,0.0009965122073
SH688211,20240712,0.0,0.0,0.0,0.0003270816158
SH688212,20240617,0.0,0.0,0.0,0.0005937067089
SH688213,20240711,0.0,0.0,0.0,0.0003191489362
SH688215,20240710,0.0,0.0,0.0,0.0004488330341
SH688216,20220706,0.0,0.0,0.0,0.4
SH688216,20210927,0.0,0.0,0.0,0.16
SH688218,20240604,0.0,0.0,0.0,0.0016851227732
SH688219,20240628,0.0,0.0,0.0,0.0012531328321
SH688222,20240621,0.0,0.0,0.0,0.0004163197336
SH688223,20240607,0.0,0.0,0.0,0.0026260257913
SH688226,20250620,0.0,0.0,0.0,0.152
SH688226,20240621,0.0,0.0,0.0,0.001225
SH688226,20230616,0.0,0.0,0.0,0.138
SH688226,20220613,0.0,0.0,0.0,0.125
SH688228,20240701,0.0,0.0,0.0,0.0004944968553
SH688230,20240625,0.0,0.0,0.0,0.0016008537887
SH688231,20240701,0.0,0.0,0.0,0.0008415147265
SH688232,20240618,0.0,0.0,0.0,0.0017586712262
SH688236,20260109,0.0,0.0,0.0,0.209
SH688236,20250801,0.0,0.0,0.0,0.0488
SH688236,20241125,0.0,0.0,0.0,0.0828
SH688236,20240805,0.0,0.0,0.0,0.0028347689898
SH688236,20230728,0.0,0.0,0.0,0.313
SH688236,20220621,0.0,0.0,0.0,0.13
SH688237,20240619,0.0,0.0,0.0,0.0015704387991
SH688239,20240620,0.0,0.0,0.0,0.0005844698024
SH688244,20240617,0.0,0.0,0.0,0.0005042391789
SH688247,20240628,0.0,0.0,0.0,0.0004957678356
SH688248,20240704,0.0,0.0,0.0,0.0005928184282
SH688251,20240701,0.0,0.0,0.0,0.0011847065159
SH688252,20240606,0.0,0.0,0.0,0.0004252088079
SH688253,20240606,0.0,0.0,0.0,0.0010050251256
SH688255,20240618,0.0,0.0,0.0,0.0007253384913
SH688257,20240619,0.0,0.0,0.0,0.0018779342723
SH688258,20240711,0.0,0.0,0.0,0.0006726134056
SH688259,20240813,0.0,0.0,0.0,0.0007190265486999
SH688261,20240704,0.0,0.0,0.0,0.0003640529532
SH688265,20240719,0.0,0.0,0.0,0.0006221374046
SH688267,20240626,0.0,0.0,0.0,0.0010106114199
SH688268,20240705,0.0,0.0,0.0,0.0010235414534
SH688269,20240607,0.0,0.0,0.0,0.0019319938176
SH688270,20240516,0.0,0.0,0.0,0.0003763559885
SH688271,20240718,0.0,0.0,0.0,0.0002336666978
SH688273,20240625,0.0,0.0,0.0,0.0030991735537
SH688276,20250618,0.0,0.0,0.0,0.169
SH688276,20240524,0.0,0.0,0.0,0.0004120879121
SH688276,20230612,0.0,0.0,0.0,0.15
SH688276,20220715,0.0,0.0,0.0,0.1
SH688278,20240523,0.0,0.0,0.0,0.0007186678352
SH688279,20240624,0.0,0.0,0.0,0.0005135112383
SH688281,20240528,0.0,0.0,0.0,0.0002640981824
SH688283,20240702,0.0,0.0,0.0,0.0006423099588
SH688285,20240621,0.0,0.0,0.0,0.0003278688525
SH688286,20220628,0.0,0.0,0.0,0.075
SH688286,20210618,0.0,0.0,0.0,0.24
SH688287,20240710,0.0,0.0,0.0,0.0013513513514
SH688289,20240611,0.0,0.0,0.0,0.0010928961749
SH688290,20240627,0.0,0.0,0.0,0.000328478463
SH688291,20240611,0.0,0.0,0.0,0.0006215040398
SH688292,20240618,0.0,0.0,0.0,0.0007198560288
SH688293,20240613,0.0,0.0,0.0,0.0005901639344
SH688295,20240523,0.0,0.0,0.0,0.0003943452381
SH688296,20230621,0.0,0.0,0.0,0.15
SH688296,20220525,0.0,0.0,0.0,0.28
SH688297,20240524,0.0,0.0,0.0,0.0004791553871
SH688299,20240614,0.0,0.0,0.0,0.0004022526146
SH688300,20240606,0.0,0.0,0.0,0.0010056315366
SH688301,20240617,0.0,0.0,0.0,0.0010535742506
SH688303,20240606,0.0,0.0,0.0,0.0015414454277
SH688305,20240603,0.0,0.0,0.0,0.0003626867837
SH688307,20240531,0.0,0.0,0.0,0.0014354066986
SH688308,20240603,0.0,0.0,0.0,0.0014332514333
SH688309,20240618,0.0,0.0,0.0,0.0007666666667
SH688310,20240612,0.0,0.0,0.0,0.0022522522523
SH688312,20240604,0.0,0.0,0.0,0.0021727322108
SH688314,20240529,0.0,0.0,0.0,0.0014953271028
SH688315,20240531,0.0,0.0,0.0,0.0003617669459
SH688318,20240614,0.0,0.0,0.0,0.0006468305304
SH688319,20240625,0.0,0.0,0.0,0.0004
SH688320,20240614,0.0,0.0,0.0,0.0004200152207
SH688325,20240704,0.0,0.0,0.0,0.0006565988181
SH688328,20240709,0.0,0.0,0.0,0.0008012820513
SH688329,20240705,0.0,0.0,0.0,0.0010940919037
SH688330,20240628,0.0,0.0,0.0,0.0017024390244
SH688332,20240517,0.0,0.0,0.0,0.001531082826
SH688333,20240514,0.0,0.0,0.0,0.0001764350452999
SH688334,20240531,0.0,0.0,0.0,0.001628643853
SH688335,20240618,0.0,0.0,0.0,0.0042117930205
SH688336,20251107,0.0,0.0,0.0,0.033
SH688336,20250613,0.0,0.0,0.0,0.09
SH688336,20240927,0.0,0.0,0.0,0.033
SH688336,20240626,0.0,0.0,0.0,0.0002398081534999
SH688337,20240614,0.0,0.0,0.0,0.0017026154891
SH688338,20240606,0.0,0.0,0.0,0.001164874552
SH688339,20240722,0.0,0.0,0.0,
SH688347,20240607,0.0,0.0,0.0,0.0004123144585
SH688348,20240703,0.0,0.0,0.0,0.001733102253
SH688349,20240619,0.0,0.0,0.0,0.0022450532725
SH688350,20240527,0.0,0.0,0.0,0.0018902439024
SH688352,20240618,0.0,0.0,0.0,0.0008361204012999
SH688355,20240626,0.0,0.0,0.0,0.003003003003
SH688356,20250711,0.0,0.0,0.0,0.1496
SH688356,20240618,0.0,0.0,0.0,0.0008841651262999
SH688356,20230524,0.0,0.0,0.0,0.93
SH688356,20220531,0.0,0.0,0.0,0.879
SH688356,20210524,0.0,0.0,0.0,0.429
SH688357,20240524,0.0,0.0,0.0,0.0016906170751999
SH688358,20240708,0.0,0.0,0.0,0.0031923383878999
SH688360,20240529,0.0,0.0,0.0,0.0013498920086
SH688361,20240726,0.0,0.0,0.0,0.0002860061287
SH688363,20240808,0.0,0.0,0.0,0.0005876894525
SH688366,20251016,0.0,0.0,0.0,0.39207
SH688366,20250630,0.0,0.0,0.0,0.5881
SH688366,20241010,0.0,0.0,0.0,0.39585
SH688366,20240620,0.0,0.0,0.0,0.0011098779134
SH688366,20230712,0.0,0.0,0.0,0.4
SH688366,20220809,0.0,0.0,0.0,0.7
SH688366,20210729,0.0,0.0,0.0,0.5
SH688366,20200717,0.0,0.0,0.0,0.7
SH688367,20240717,0.0,0.0,0.0,0.0008888888888999
SH688368,20240614,0.0,0.0,0.0,
SH688369,20240705,0.0,0.0,0.0,0.0008530183727
SH688370,20240603,0.0,0.0,0.0,0.0020737327189
SH688372,20240529,0.0,0.0,0.0,0.0006801275239
SH688375,20240702,0.0,0.0,0.0,
SH688376,20250723,0.0,0.0,0.0,0.2
SH688376,20240611,0.0,0.0,0.0,0.001010441226
SH688376,20230619,0.0,0.0,0.0,0.1
SH688377,20240618,0.0,0.0,0.0,0.0015742642025999
SH688378,20240607,0.0,0.0,0.0,0.0023612750884999
SH688379,20240530,0.0,0.0,0.0,0.0009823182711
SH688380,20240625,0.0,0.0,0.0,0.0014619883041
SH688381,20240618,0.0,0.0,0.0,0.0007633587786
SH688383,20240719,0.0,0.0,0.0,0.0004192872117
SH688385,20240613,0.0,0.0,0.0,0.0002944640754
SH688386,20250609,0.3,0.0,0.0,0.1
SH688386,20240530,0.0,0.0,0.0,0.0016139444802999
SH688386,20230518,0.0,0.0,0.0,0.5
SH688386,20210429,0.0,0.0,0.0,0.5
SH688388,20240703,0.0,0.0,0.0,0.0001491053678
SH688389,20240506,0.0,0.0,0.0,0.0014582252206
SH688390,20240612,0.0,0.0,0.0,0.0007592630087
SH688391,20240514,0.0,0.0,0.0,0.0019138755981
SH688392,20240620,0.0,0.0,0.0,0.0004400440044
SH688393,20240529,0.0,0.0,0.0,0.0008955223881
SH688395,20240531,0.0,0.0,0.0,0.001249219238
SH688396,20251017,0.0,0.0,0.0,0.026
SH688396,20250612,0.0,0.0,0.0,0.058
SH688396,20240618,0.0,0.0,0.0,0.0002821807168
SH688396,20230609,0.0,0.0,0.0,0.1983
SH688396,20220624,0.0,0.0,0.0,0.1718
SH688396,20210617,0.0,0.0,0.0,0.07373
SH688396,20200611,0.0,0.0,0.0,0.033
SH688398,20240620,0.0,0.0,0.0,0.0014362657092
SH688400,20240619,0.0,0.0,0.0,0.000288184438
SH688401,20240628,0.0,0.0,0.0,0.0009076863654
SH688403,20240606,0.0,0.0,0.0,0.0011441647597
SH688408,20240711,0.0,0.0,0.0,0.0010339560568999
SH688409,20240624,0.0,0.0,0.0,0.0007474958888
SH688410,20240709,0.0,0.0,0.0,0.0011723329426
SH688419,20240528,0.0,0.0,0.0,0.0009282178218
SH688420,20240701,0.0,0.0,0.0,0.0014506769826
SH688425,20240808,0.0,0.0,0.0,0.0024258760107999
SH688426,20230612,0.2,0.0,0.0,0.52
SH688429,20240628,0.0,0.0,0.0,0.0002684964199999
SH688432,20240719,0.0,0.0,0.0,0.0001055966209
SH688433,20240705,0.0,0.0,0.0,0.0005020876827
SH688439,20240624,0.0,0.0,0.0,0.0010138448226
SH688450,20240627,0.0,0.0,0.0,0.0008607198748
SH688456,20250618,0.0,0.0,0.0,0.2
SH688456,20240628,0.0,0.0,0.0,0.0007426661716
SH688456,20230628,0.0,0.0,0.0,0.2
SH688456,20220707,0.0,0.0,0.0,0.24
SH688456,20210629,0.0,0.0,0.0,0.15
SH688458,20240627,0.0,0.0,0.0,0.0002554278416
SH688459,20240627,0.0,0.0,0.0,0.0011961722488
SH688466,20250213,0.0,0.0,0.0,0.407
SH688466,20240708,0.0,0.0,0.0,0.0035683202785
SH688466,20230717,0.2,0.0,0.0,0.0
SH688466,20220714,0.0,0.0,0.0,0.061
SH688466,20210715,0.0,0.0,0.0,0.07
SH688466,20200731,0.0,0.0,0.0,0.073
SH688468,20240614,0.0,0.0,0.0,0.0018491124259999
SH688472,20240725,0.0,0.0,0.0,0.0012776709402
SH688475,20240528,0.0,0.0,0.0,0.0009293680296999
SH688478,20240618,0.0,0.0,0.0,0.0006337135615
SH688479,20240613,0.0,0.0,0.0,0.0031407035176
SH688480,20240705,0.0,0.0,0.0,0.0019584802193
SH688484,20240522,0.0,0.0,0.0,0.0008355714712
SH688485,20240704,0.0,0.0,0.0,0.000637755102
SH688486,20250425,0.29746,0.0,0.0,0.69406
SH688486,20240603,0.0,0.0,0.0,0.0016606085720999
SH688486,20230609,0.0,0.0,0.0,0.3
SH688489,20240628,0.0,0.0,0.0,0.0007326007326
SH688496,20230612,0.0,0.0,0.0,0.066
SH688498,20240625,0.0,0.0,0.0,6.993006989999999e-05
SH688501,20240710,0.0,0.0,0.0,0.0017670682731
SH688502,20240514,0.0,0.0,0.0,0.0007584597433
SH688503,20240611,0.0,0.0,0.0,0.0021771703561
SH688505,20240712,0.0,0.0,0.0,0.0010937499999999
SH688507,20240619,0.0,0.0,0.0,0.0004871794872
SH688508,20240604,0.0,0.0,0.0,0.0004199328108
SH688510,20240506,0.0,0.0,0.0,0.0010422094841
SH688511,20240812,0.0,0.0,0.0,0.0024638633377
SH688513,20240701,0.0,0.0,0.0,0.0011533107974
SH688516,20250926,0.0,0.0,0.0,0.5
SH688516,20250610,0.0,0.0,0.0,1.6
SH688516,20241015,0.0,0.0,0.0,0.86
SH688516,20240520,0.0,0.0,0.0,0.0023990382303
SH688516,20231117,0.44997,0.0,0.0,0.0
SH688516,20230704,0.0,0.0,0.0,1.5963
SH688516,20221122,0.45,0.0,0.0,0.0
SH688516,20220608,0.0,0.0,0.0,1.6
SH688516,20210602,0.0,0.0,0.0,0.6
SH688516,20200901,0.0,0.0,0.0,0.4
SH688517,20240606,0.0,0.0,0.0,0.0037735849056999
SH688518,20240529,0.0,0.0,0.0,0.0011177347243
SH688522,20240529,0.0,0.0,0.0,0.0002419354839
SH688523,20240618,0.0,0.0,0.0,0.0010604453871
SH688526,20250616,0.0,0.0,0.0,0.42796
SH688526,20240522,0.0,0.0,0.0,0.0022256728778
SH688526,20230606,0.0,0.0,0.0,0.19
SH688526,20220531,0.0,0.0,0.0,0.19
SH688526,20210623,0.0,0.0,0.0,0.29
SH688529,20240614,0.0,0.0,0.0,0.0008358208955
SH688531,20240607,0.0,0.0,0.0,0.0012395413697
SH688533,20240603,0.0,0.0,0.0,0.001064194988
SH688535,20240531,0.0,0.0,0.0,0.0004179437169
SH688536,20230519,0.0,0.0,0.0,0.206
SH688536,20220920,0.49,0.0,0.0,0.0
SH688536,20220505,0.0,0.0,0.0,0.614
SH688536,20210716,0.0,0.0,0.0,0.212
SH688539,20240620,0.0,0.0,0.0,0.0009576250898
SH688543,20240607,0.0,0.0,0.0,0.0014492753623
SH688548,20240527,0.0,0.0,0.0,0.0007966457023
SH688549,20240620,0.0,0.0,0.0,0.0001375515818
SH688550,20240614,0.0,0.0,0.0,0.0012968299712
SH688551,20240523,0.0,0.0,0.0,0.0016017084891
SH688552,20240606,0.0,0.0,0.0,0.0005254140491
SH688553,20240624,0.0,0.0,0.0,0.0016051243406
SH688556,20250627,0.4,0.0,0.0,0.18
SH688556,20241011,0.0,0.0,0.0,0.38
SH688556,20240508,0.0,0.0,0.0,0.001572327044
SH688556,20231127,0.0,0.0,0.0,1.0
SH688556,20230512,0.4,0.0,0.0,0.35
SH688556,20220606,0.4,0.0,0.0,0.18
SH688556,20210602,0.0,0.0,0.0,0.11
SH688557,20240710,0.0,0.0,0.0,0.0021445221445
SH688558,20240530,0.0,0.0,0.0,0.0026001040042
SH688559,20240531,0.0,0.0,0.0,0.0002750275028
SH688562,20240807,0.0,0.0,0.0,0.0002962475313
SH688563,20240614,0.0,0.0,0.0,0.0006010452962
SH688566,20250917,0.0,0.0,0.0,0.26
SH688566,20250613,0.0,0.0,0.0,0.26
SH688566,20241115,0.0,0.0,0.0,0.26
SH688566,20240710,0.0,0.0,0.0,0.26
SH688566,20230629,0.0,0.0,0.0,0.24
SH688566,20221025,0.0,0.0,0.0,0.24
SH688566,20220617,0.0,0.0,0.0,0.24
SH688566,20211026,0.0,0.0,0.0,0.24
SH688566,20210603,0.0,0.0,0.0,0.24
SH688566,20201019,0.0,0.0,0.0,0.24
SH688568,20240704,0.0,0.0,0.0,0.0004311699978
SH688569,20240606,0.0,0.0,0.0,0.0019455252918
SH688570,20240604,0.0,0.0,0.0,0.0018648018648
SH688571,20240605,0.0,0.0,0.0,0.0025951557093
SH688573,20240625,0.0,0.0,0.0,0.0010178117048
SH688575,20240705,0.0,0.0,0.0,0.0012828947368
SH688576,20250625,0.0,0.0,0.0,0.9932
SH688576,20240822,0.0,0.0,0.0,0.0019256691699999
SH688577,20240612,0.0,0.0,0.0,0.0009456264775
SH688578,20240531,0.0,0.0,0.0,0.0006926406926
SH688579,20240705,0.0,0.0,0.0,0.0010767160162
SH688580,20240605,0.0,0.0,0.0,0.0034230506933
SH688581,20240621,0.0,0.0,0.0,0.0018882667014
SH688582,20240423,0.0,0.0,0.0,0.0004170739655
SH688584,20240722,0.0,0.0,0.0,0.001832228361
SH688585,20240522,0.0,0.0,0.0,0.0003354632588
SH688586,20250516,0.0,0.0,0.0,0.09
SH688586,20240425,0.0,0.0,0.0,0.0014054054054
SH688586,20230518,0.4,0.0,0.0,0.18
SH688586,20221013,0.4,0.0,0.0,0.0
SH688586,20220512,0.0,0.0,0.0,0.18
SH688586,20210524,0.0,0.0,0.0,0.15
SH688588,20240704,0.0,0.0,0.0,0.0029368575624
SH688589,20240523,0.0,0.0,0.0,0.0012098167991999
SH688590,20240717,0.0,0.0,0.0,0.0006878761823
SH688591,20240724,0.0,0.0,0.0,0.0003930756844
SH688592,20240621,0.0,0.0,0.0,0.0003147699758
SH688593,20240705,0.0,0.0,0.0,0.0004314159292
SH688596,20250627,0.0,0.0,0.0,0.2796
SH688596,20240620,0.0,0.0,0.0,0.0007982724993
SH688596,20220718,0.0,0.0,0.0,0.13428
SH688596,20210705,0.0,0.0,0.0,0.1
SH688597,20240725,0.0,0.0,0.0,0.000799377916
SH688598,20240703,0.0,0.0,0.0,
SH688599,20240620,0.0,0.0,0.0,0.0032444900051
SH688600,20240617,0.0,0.0,0.0,0.0014265335234999
SH688601,20240520,0.0,0.0,0.0,0.0015045135406
SH688602,20240625,0.0,0.0,0.0,0.0008108108108
SH688603,20240621,0.0,0.0,0.0,0.0006049822064
SH688606,20251016,0.0,0.0,0.0,0.9877
SH688606,20250611,0.0,0.0,0.0,1.4733
SH688606,20241025,0.0,0.0,0.0,1.4674
SH688606,20240620,0.0,0.0,0.0,0.0029964043148
SH688606,20230609,0.48,0.0,0.0,10.0
SH688606,20220607,0.0,0.0,0.0,4.0
SH688606,20210610,0.0,0.0,0.0,2.0
SH688607,20240617,0.0,0.0,0.0,0.0004057099925
SH688608,20240624,0.0,0.0,0.0,0.0001123201123
SH688610,20240705,0.0,0.0,0.0,0.0006191950464
SH688611,20240603,0.0,0.0,0.0,0.0006411900487
SH688612,20240603,0.0,0.0,0.0,0.001996672213
SH688613,20240709,0.0,0.0,0.0,0.0005047098402
SH688616,20250627,0.0,0.0,0.0,0.2948
SH688616,20240703,0.0,0.0,0.0,0.0027372262774
SH688616,20230615,0.0,0.0,0.0,0.21
SH688616,20220624,0.0,0.0,0.0,0.23
SH688616,20210611,0.0,0.0,0.0,0.22
SH688617,20240726,0.0,0.0,0.0,0.0004232356363999
SH688618,20240611,0.0,0.0,0.0,0.0013157894737
SH688620,20240618,0.0,0.0,0.0,0.0003525264395
SH688621,20240709,0.0,0.0,0.0,0.0003992257439999
SH688623,20240620,0.0,0.0,0.0,0.0027072711719
SH688625,20240701,0.0,0.0,0.0,0.0020627062706
SH688626,20250611,0.0,0.0,0.0,0.2313
SH688626,20240628,0.0,0.0,0.0,0.0016333025262
SH688626,20230628,0.0,0.0,0.0,0.24
SH688626,20220627,0.0,0.0,0.0,0.38
SH688626,20210607,0.0,0.0,0.0,0.37
SH688627,20240701,0.0,0.0,0.0,0.0008045023696999
SH688628,20240627,0.0,0.0,0.0,0.0026239067055
SH688629,20240606,0.0,0.0,0.0,0.0001810938066
SH688630,20240605,0.0,0.0,0.0,0.0011726766344
SH688631,20240617,0.0,0.0,0.0,0.0006709212895
SH688633,20240607,0.0,0.0,0.0,0.0017162471396
SH688636,20250605,0.49,0.0,0.0,0.142
SH688636,20240510,0.0,0.0,0.0,0.0005116959063999
SH688636,20230602,0.49,0.0,0.0,0.0
SH688636,20220520,0.0,0.0,0.0,0.251
SH688636,20210607,0.0,0.0,0.0,0.163
SH688638,20240620,0.0,0.0,0.0,0.0003302665723
SH688639,20240722,0.0,0.0,0.0,0.0013895321908
SH688646,20241017,0.0,0.0,0.0,0.12817
SH688646,20240624,0.0,0.0,0.0,0.0009567990722
SH688648,20240711,0.0,0.0,0.0,0.0007714561234
SH688651,20240704,0.0,0.0,0.0,0.0002153269025
SH688652,20240710,0.0,0.0,0.0,0.0001859196827
SH688655,20240605,0.0,0.0,0.0,0.0008865248227
SH688656,20250529,0.0,0.0,0.0,0.2962
SH688656,20240614,0.0,0.0,0.0,0.0017278617711
SH688656,20230613,0.0,0.0,0.0,0.3
SH688656,20220609,0.0,0.0,0.0,0.53
SH688656,20210610,0.0,0.0,0.0,0.3
SH688657,20240523,0.0,0.0,0.0,0.001646361541
SH688658,20240625,0.0,0.0,0.0,0.0010368066356
SH688661,20240604,0.0,0.0,0.0,0.0001748251748
SH688663,20240618,0.0,0.0,0.0,0.0019372336304
SH688665,20240613,0.0,0.0,0.0,0.0019304152637
SH688667,20240603,0.0,0.0,0.0,0.0005465004794
SH688668,20240527,0.0,0.0,0.0,0.0008290499088
SH688669,20240710,0.0,0.0,0.0,0.0019175455417
SH688671,20240726,0.0,0.0,0.0,0.0004934210526
SH688676,20250523,0.0,0.0,0.0,0.5021
SH688676,20240614,0.0,0.0,0.0,0.0008184794471
SH688676,20230428,0.0,0.0,0.0,0.25
SH688676,20220527,0.0,0.0,0.0,0.2
SH688676,20210429,0.0,0.0,0.0,0.2
SH688677,20240611,0.0,0.0,0.0,0.0014175257732
SH688678,20240606,0.0,0.0,0.0,0.0019455252918
SH688679,20240523,0.0,0.0,0.0,0.0008390804598
SH688681,20240605,0.0,0.0,0.0,0.0010559662091
SH688682,20240704,0.0,0.0,0.0,0.0004261363635999
SH688683,20240607,0.0,0.0,0.0,0.0004193548387
SH688685,20240620,0.0,0.0,0.0,0.0002217103369
SH688686,20250616,0.0,0.0,0.0,0.2493
SH688686,20241014,0.0,0.0,0.0,0.13
SH688686,20240531,0.0,0.0,0.0,0.0007974721637
SH688686,20230424,0.0,0.0,0.0,0.85
SH688686,20220921,0.48,0.0,0.0,0.0
SH688686,20220512,0.0,0.0,0.0,1.15
SH688686,20210521,0.0,0.0,0.0,1.0
SH688687,20240522,0.0,0.0,0.0,0.0008361204012999
SH688689,20240527,0.0,0.0,0.0,0.0010362985684999
SH688690,20240618,0.0,0.0,0.0,0.0002732240436999
SH688691,20240813,0.0,0.0,0.0,0.0009186520712999
SH688693,20240624,0.0,0.0,0.0,0.0003485749436
SH688695,20240627,0.0,0.0,0.0,0.0006787330317
SH688696,20240704,0.0,0.0,0.0,0.0003961965135
SH688696,20230609,0.0,0.0,0.0,2.1468
SH688696,20220526,0.4,0.0,0.0,3.0
SH688696,20210526,0.0,0.0,0.0,1.6
SH688697,20240614,0.0,0.0,0.0,0.0034985422741
SH688698,20240522,0.0,0.0,0.0,0.0009904492395
SH688700,20240613,0.0,0.0,0.0,0.0006527415144
SH688707,20240708,0.0,0.0,0.0,0.0005434782609
SH688709,20240618,0.0,0.0,0.0,0.0005199628598
SH688711,20240619,0.0,0.0,0.0,0.0003587086489
SH688716,20250612,0.0,0.0,0.0,0.2
SH688716,20240531,0.0,0.0,0.0,0.0008305647841
SH688718,20240710,0.0,0.0,0.0,0.0014110294118
SH688719,20240621,0.0,0.0,0.0,0.0012381113801
SH688720,20240611,0.0,0.0,0.0,0.0004481625336
SH688722,20240527,0.0,0.0,0.0,0.0008108108108
SH688726,20250526,0.0,0.0,0.0,0.37
SH688728,20240808,0.0,0.0,0.0,5.36954586e-05
SH688733,20240607,0.0,0.0,0.0,0.0006321112516
SH688739,20240620,0.0,0.0,0.0,0.0030792917629
SH688766,20250530,0.3989,0.0,0.0,0.4289
SH688766,20241029,0.0,0.0,0.0,0.1895
SH688766,20240606,0.0,0.0,0.0,
SH688766,20230614,0.49,0.0,0.0,0.0
SH688766,20220928,0.0,0.0,0.0,0.204
SH688766,20220525,0.4,0.0,0.0,0.804
SH688767,20240611,0.0,0.0,0.0,0.002994011976
SH688768,20240606,0.0,0.0,0.0,0.0004791666667
SH688772,20240729,0.0,0.0,0.0,0.0017555266579999
SH688776,20250124,0.0,0.0,0.0,0.185
SH688776,20240621,0.0,0.0,0.0,0.0003354579
SH688776,20230626,0.4,0.0,0.0,0.0
SH688776,20220608,0.0,0.0,0.0,0.6458
SH688777,20240530,0.0,0.0,0.0,0.0016646848988999
SH688778,20240614,0.0,0.0,0.0,0.0020167098819
SH688786,20250606,0.2,0.0,0.0,0.25
SH688786,20240530,0.0,0.0,0.0,0.0016638935107999
SH688786,20230810,0.0,0.0,0.0,0.6
SH688786,20220608,0.0,0.0,0.0,0.6
SH688789,20240719,0.0,0.0,0.0,0.0005247140309
SH688798,20240620,0.0,0.0,0.0,8.58663919e-05
SH688799,20241025,0.0,0.0,0.0,0.00207852194
SH688800,20240607,0.0,0.0,0.0,0.0003607503607999
SH688819,20240619,0.0,0.0,0.0,0.0024791380625
SH689009,20240524,0.0,0.0,0.0,0.0007082188359
SH900906,20141121,2.0,0.0,0.0,0.0
SH900906,20141117,2.0,0.0,0.0,0.0
SH900906,19970609,0.1,0.0,0.0,0.0
SH900906,19940519,0.3,0.0,0.0,0.0
SH900906,19940516,0.3,0.0,0.0,0.0
SH900906,19930726,0.2,0.0,0.0,0.0
SH900906,19921210,9.0,0.0,0.0,0.0
SH900916,20241021,0.0,0.0,0.0,0.0034
SH900916,20220706,0.0,0.0,0.0,0.061
SH900916,20210604,0.0,0.0,0.0,0.04
SH900916,20020521,0.3,0.0,0.0,0.0
SH900916,19980612,0.2,0.0,0.0,0.0
SH900916,19960625,0.1,0.0,0.0,0.0
SH900916,19950515,0.0,0.0,0.0,0.35
SH900926,20250606,0.0,0.0,0.0,0.08322
SH900926,20240612,0.2,0.0,0.0,0.14071
SH900926,20230609,0.2,0.0,0.0,0.8
SH900926,20220715,0.3,0.0,0.0,1.0
SH900926,20210609,0.3,0.0,0.0,0.9
SH900926,20200612,0.0,0.0,0.0,0.4
SH900926,20190628,0.3,0.0,0.0,0.382
SH900926,20180508,0.0,0.0,0.0,0.17
SH900926,20170508,0.0,0.0,0.0,0.13
SH900926,20160509,1.0,0.0,0.0,0.25
SH900926,20150511,0.0,0.0,0.0,0.27
SH900926,20140428,0.0,0.0,0.0,0.24
SH900926,20130529,0.0,0.0,0.0,0.23
SH900926,20120522,0.0,0.0,0.0,0.15
SH900926,20110601,0.3,0.0,0.0,0.3
SH900926,20100603,0.0,0.0,0.0,0.3
SH900926,20090527,0.0,0.0,0.0,0.2
SH900926,20080421,0.0,0.0,0.0,0.15
SH900926,20051102,0.0,0.0,0.0,0.2
SH900926,20030703,0.0,0.0,0.0,0.05
SH900926,19950515,0.1,0.0,0.0,0.04
SH900936,20250623,0.0,0.0,0.0,0.08322
SH900936,20240626,0.0,0.0,0.0,0.11266
SH900936,20230630,0.4,0.0,0.0,1.0
SH900936,20220613,0.4,0.0,0.0,2.0
SH900936,20210607,0.0,0.0,0.0,0.8
SH900936,20200526,0.0,0.0,0.0,0.4
SH900936,20190716,0.0,0.0,0.0,0.15
SH900936,20180706,0.0,0.0,0.0,0.1
SH900936,20170712,0.0,0.0,0.0,0.05
SH900936,20160621,0.0,0.0,0.0,0.05
SH900936,20150625,0.0,0.0,0.0,0.1
SH900936,20140513,0.0,0.0,0.0,0.12
SH900936,20130604,0.0,0.0,0.0,0.1
SH900936,20120601,0.0,0.0,0.0,0.1
SH900936,20110613,0.0,0.0,0.0,0.1
SH900936,20100618,0.0,0.0,0.0,0.1
SH900936,20090608,0.0,0.0,0.0,0.1
SH900936,20080604,0.0,0.0,0.0,0.15
SH900936,20070608,0.0,0.0,0.0,0.15
SH900936,20060612,0.0,0.0,0.0,0.13
SH900936,20050610,0.0,0.0,0.0,0.12
SH900936,20040610,0.0,0.0,0.0,0.1
SH900936,20030613,1.0,0.0,0.0,0.29
SH900936,20020612,0.0,0.0,0.0,0.39
SH900936,20010706,0.0,0.0,0.0,0.36
SH900936,20000630,0.0,0.0,0.0,0.21
SH900936,20000629,0.0,0.0,0.0,0.025372
SH900936,19990706,0.0,0.0,0.0,0.0217
SH900936,19990607,0.0,0.0,0.0,0.18
SH900936,19980605,0.0,0.0,0.0,0.22
SH900936,19970519,0.0,0.0,0.0,0.32
SH900936,19960611,0.0,0.0,0.0,0.07
SH900936,19960610,0.0,0.0,0.0,0.07
SH900946,19970410,0.5,0.0,0.0,0.0
SH900946,19960917,0.0,0.23,4.1,0.0
SH900946,19960730,0.3,0.0,0.0,0.0
SH900946,19950619,0.4,0.0,0.0,0.0029
SH900946,19940523,0.0,0.0,0.0,0.023
SH900956,20191204,0.0,0.0,0.0,0.15
SH900956,20190513,0.0,0.0,0.0,0.1
SH900956,20170719,0.0,0.0,0.0,0.1
SH900956,20140708,0.0,0.0,0.0,0.1
SH900956,20110802,0.0,0.0,0.0,0.1
SH900956,20080715,0.0,0.0,0.0,0.1
SH900956,20010619,0.0,0.0,0.0,0.05
SH920000,20240605,0.0,0.0,0.0,0.0014211886305
SH920001,20240604,0.0,0.0,0.0,0.0012422360248
SH920006,20240711,0.0,0.0,0.0,0.0038168631006
SH920010,20240606,0.0,0.0,0.0,0.0013020833333
SH920014,20240719,0.0,0.0,0.0,0.0022641509434
SH920017,20240626,0.0,0.0,0.0,0.002319109462
SH920021,20240529,0.0,0.0,0.0,0.0005988023952
SH920023,20240514,0.0,0.0,0.0,0.0004230769231
SH920026,20240705,0.0,0.0,0.0,0.0041062801932
SH920033,20240509,0.0,0.0,0.0,0.0007204610951
SH920039,20240517,0.0,0.0,0.0,0.0042424242424
SH920046,20240531,0.0,0.0,0.0,0.0008547008546999
SH920057,20240628,0.0,0.0,0.0,0.0006377802548
SH920058,20240529,0.0,0.0,0.0,0.0044919517103
SH920061,20240529,0.0,0.0,0.0,0.0012541254125
SH920062,20240621,0.0,0.0,0.0,0.0017985611511
SH920075,20240522,0.0,0.0,0.0,0.0043560606061
SH920077,20240531,0.0,0.0,0.0,0.0008849557522
SH920087,20240529,0.0,0.0,0.0,0.0028571428571
SH920089,20240613,0.0,0.0,0.0,0.0009056603773999
SH920092,20240709,0.0,0.0,0.0,0.0005555555555999
SH920110,20240515,0.0,0.0,0.0,0.0045146726861999
SH920122,20240606,0.0,0.0,0.0,0.0004251384361
SH920123,20240611,0.0,0.0,0.0,0.0017391304348
SH920130,20240612,0.0,0.0,0.0,0.0025641025641
SH920132,20240528,0.0,0.0,0.0,0.0013363028953
SH920139,20240426,0.0,0.0,0.0,0.000595358224
SH920149,20240621,0.0,0.0,0.0,0.0008756567426
SH920152,20240715,0.0,0.0,0.0,0.0003541912633
SH920163,20240624,0.0,0.0,0.0,0.0015625
SH920167,20240415,0.0,0.0,0.0,0.0006491228069999
SH920169,20240618,0.0,0.0,0.0,0.0017921146953
SH920174,20240613,0.0,0.0,0.0,0.0015633142262
SH920175,20240619,0.0,0.0,0.0,0.0012239902081
SH920179,20240523,0.0,0.0,0.0,0.0005515719801
SH920185,20240520,0.0,0.0,0.0,0.0020757654385
SH920190,20240523,0.0,0.0,0.0,0.0006053268765
SH920195,20240621,0.0,0.0,0.0,0.0019505851756
SH920199,20240520,0.0,0.0,0.0,0.00125
SH920204,20240607,0.0,0.0,0.0,0.0013978494624
SH920207,20240711,0.0,0.0,0.0,0.0014064697609
SH920208,20240715,0.0,0.0,0.0,0.0043466449334
SH920212,20240530,0.0,0.0,0.0,0.0006787330317
SH920221,20240604,0.0,0.0,0.0,0.0008250825083
SH920225,20240430,0.0,0.0,0.0,0.0014814814815
SH920227,20240607,0.0,0.0,0.0,0.0048590864917
SH920230,20240531,0.0,0.0,0.0,0.0020876826722
SH920237,20240621,0.0,0.0,0.0,0.0020576131687
SH920242,20240603,0.0,0.0,0.0,0.0033852403521
SH920245,20240613,0.0,0.0,0.0,0.0014272121789
SH920247,20240515,0.0,0.0,0.0,0.0010388888889
SH920252,20240604,0.0,0.0,0.0,0.0005305039788
SH920260,20240717,0.0,0.0,0.0,0.0048231511254
SH920261,20240607,0.0,0.0,0.0,0.0044642857143
SH920262,20240619,0.0,0.0,0.0,0.0027906976744
SH920263,20240614,0.0,0.0,0.0,0.0033623058823999
SH920267,20240607,0.0,0.0,0.0,0.0020202020202
SH920270,20240704,0.0,0.0,0.0,0.0051975051975
SH920271,20240521,0.0,0.0,0.0,0.0026155187446
SH920273,20240523,0.0,0.0,0.0,0.0028011204482
SH920274,20240524,0.0,0.0,0.0,0.0049652432969
SH920275,20240619,0.0,0.0,0.0,0.0009966777409
SH920278,20240614,0.0,0.0,0.0,0.0020449897751
SH920284,20240605,0.0,0.0,0.0,0.0005033557047
SH920299,20240530,0.0,0.0,0.0,0.0028166598985
SH920304,20240524,0.0,0.0,0.0,0.0026809651475
SH920339,20240617,0.0,0.0,0.0,0.0048426150121
SH920344,20240705,0.0,0.0,0.0,0.0005226480836
SH920346,20240703,0.0,0.0,0.0,0.0026829268292999
SH920351,20240711,0.0,0.0,0.0,0.0017301038062
SH920357,20240528,0.0,0.0,0.0,0.002962962963
SH920363,20240529,0.0,0.0,0.0,0.0020644095788999
SH920367,20240523,0.0,0.0,0.0,0.0009940357853
SH920368,20240708,0.0,0.0,0.0,0.0011741682975
SH920371,20240531,0.0,0.0,0.0,0.0022624434389
SH920374,20240621,0.0,0.0,0.0,0.0011695906433
SH920375,20240711,0.0,0.0,0.0,0.0018439024389999
SH920378,20240628,0.0,0.0,0.0,0.0024213075061
SH920392,20240710,0.0,0.0,0.0,0.0012787723785
SH920394,20240611,0.0,0.0,0.0,0.0014214641079999
SH920395,20240417,0.0,0.0,0.0,0.0027317073171
SH920396,20240613,0.0,0.0,0.0,0.0022022022022
SH920402,20240426,0.0,0.0,0.0,0.0013362979031
SH920403,20240510,0.0,0.0,0.0,0.0013966480447
SH920405,20240624,0.0,0.0,0.0,0.0009652509652999
SH920407,20240614,0.0,0.0,0.0,0.0021186440678
SH920414,20240607,0.0,0.0,0.0,0.000611057257
SH920415,20240628,0.0,0.0,0.0,0.0012820512821
SH920418,20240520,0.0,0.0,0.0,0.0020389669234
SH920419,20240523,0.0,0.0,0.0,0.0007945516458999
SH920422,20240524,0.0,0.0,0.0,0.0034722222222
SH920425,20240606,0.0,0.0,0.0,0.0026058631921999
SH920427,20240524,0.0,0.0,0.0,0.0028
SH920429,20240614,0.0,0.0,0.0,0.0018298261664999
SH920433,20240426,0.0,0.0,0.0,0.0016736401674
SH920445,20240607,0.0,0.0,0.0,0.0034722222222
SH920454,20240530,0.0,0.0,0.0,0.0011933174224
SH920455,20240621,0.0,0.0,0.0,0.0031602708804
SH920469,20240611,0.0,0.0,0.0,0.0014492753623
SH920471,20240614,0.0,0.0,0.0,0.0010928961749
SH920475,20240709,0.0,0.0,0.0,0.0018575851393
SH920476,20240417,0.0,0.0,0.0,0.0019860973188
SH920478,20240603,0.0,0.0,0.0,0.0021857923497
SH920489,20240606,0.0,0.0,0.0,0.003300330033
SH920491,20240708,0.0,0.0,0.0,0.0017825311943
SH920496,20240607,0.0,0.0,0.0,0.0036563071298
SH920504,20240430,0.0,0.0,0.0,0.0014194464159
SH920505,20240524,0.0,0.0,0.0,0.0008917954816
SH920508,20240611,0.0,0.0,0.0,0.0013586956522
SH920509,20240521,0.0,0.0,0.0,0.0035310734463
SH920510,20240705,0.0,0.0,0.0,0.0007228915663
SH920519,20240617,0.0,0.0,0.0,0.004132231405
SH920522,20240703,0.0,0.0,0.0,0.0019569471624
SH920523,20240604,0.0,0.0,0.0,0.0013927576602
SH920526,20240528,0.0,0.0,0.0,0.0004683840749
SH920527,20240614,0.0,0.0,0.0,0.0011851851852
SH920533,20240516,0.0,0.0,0.0,0.0007575757576
SH920541,20240531,0.0,0.0,0.0,0.0025453631484999
SH920547,20240604,0.0,0.0,0.0,0.0016538037485999
SH920553,20240429,0.0,0.0,0.0,0.0023148148148
SH920556,20240513,0.0,0.0,0.0,0.0059760956175
SH920564,20240531,0.0,0.0,0.0,0.0005208333333
SH920566,20240524,0.0,0.0,0.0,0.0045219638243
SH920570,20240703,0.0,0.0,0.0,0.0012820512821
SH920576,20240607,0.0,0.0,0.0,0.0034330554192999
SH920579,20240702,0.0,0.0,0.0,0.0016874541452999
SH920580,20240527,0.0,0.0,0.0,0.0020338983051
SH920593,20240527,0.0,0.0,0.0,0.0013106159895
SH920599,20240524,0.0,0.0,0.0,0.0053533190578
SH920608,20240709,0.0,0.0,0.0,0.0018472906404
SH920627,20240516,0.0,0.0,0.0,0.0026086956522
SH920634,20240620,0.0,0.0,0.0,0.0010277492292
SH920639,20240715,0.0,0.0,0.0,0.0025641025641
SH920640,20240529,0.0,0.0,0.0,0.0021082220661
SH920641,20240628,0.0,0.0,0.0,0.0031007751938
SH920642,20240705,0.0,0.0,0.0,0.0008915304606
SH920651,20240607,0.0,0.0,0.0,0.0048746518106
SH920656,20240611,0.0,0.0,0.0,0.0035211267606
SH920662,20240603,0.0,0.0,0.0,0.00219348659
SH920663,20240607,0.0,0.0,0.0,0.0038031341822
SH920665,20240618,0.0,0.0,0.0,0.0032341526519999
SH920670,20240524,0.0,0.0,0.0,0.0005649717514
SH920675,20240527,0.0,0.0,0.0,0.0030395136778
SH920679,20240613,0.0,0.0,0.0,0.0069541029207
SH920682,20240516,0.0,0.0,0.0,0.0051546391753
SH920685,20240529,0.0,0.0,0.0,0.0044692737429999
SH920689,20240628,0.0,0.0,0.0,0.0044642857143
SH920690,20240611,0.0,0.0,0.0,0.002116850127
SH920693,20240614,0.0,0.0,0.0,0.0001310043668
SH920694,20240523,0.0,0.0,0.0,0.0023790642347
SH920699,20240605,0.0,0.0,0.0,0.0037457240593
SH920701,20240711,0.0,0.0,0.0,0.0034602076125
SH920703,20240426,0.0,0.0,0.0,0.0024973242954
SH920706,20240531,0.0,0.0,0.0,0.0023764258555
SH920717,20240603,0.0,0.0,0.0,0.0016129032258
SH920718,20240708,0.0,0.0,0.0,0.0010893246186999
SH920719,20240709,0.0,0.0,0.0,0.0012195121951
SH920720,20240708,0.0,0.0,0.0,0.0020439844761
SH920725,20240516,0.0,0.0,0.0,0.0012953367876
SH920726,20240531,0.0,0.0,0.0,0.0006605019815
SH920729,20240606,0.0,0.0,0.0,0.0031690140845
SH920735,20240528,0.0,0.0,0.0,0.0013672616787
SH920748,20240619,0.0,0.0,0.0,0.000664893617
SH920751,20240606,0.0,0.0,0.0,0.0035714285714
SH920753,20240628,0.0,0.0,0.0,0.0011961165049
SH920765,20240531,0.0,0.0,0.0,0.0042979942693
SH920770,20240619,0.0,0.0,0.0,0.0009107468124
SH920779,20240510,0.0,0.0,0.0,0.003223495702
SH920781,20240705,0.0,0.0,0.0,0.0012224938875
SH920786,20240621,0.0,0.0,0.0,0.004347826087
SH920790,20240621,0.0,0.0,0.0,0.0014025245442
SH920799,20240605,0.0,0.0,0.0,0.001582278481
SH920802,20240702,0.0,0.0,0.0,0.0017688679245
SH920806,20240709,0.0,0.0,0.0,0.0012239902081
SH920807,20240531,0.0,0.0,0.0,0.0035643564356
SH920808,20240528,0.0,0.0,0.0,0.0002581120944
SH920810,20240618,0.0,0.0,0.0,0.0015649452269
SH920819,20240705,0.0,0.0,0.0,0.0033222591362
SH920821,20240626,0.0,0.0,0.0,0.0010114632502
SH920826,20240613,0.0,0.0,0.0,0.0023006134969
SH920832,20240723,0.0,0.0,0.0,0.0018823529411999
SH920833,20240509,0.0,0.0,0.0,0.0031545741325
SH920834,20240605,0.0,0.0,0.0,0.00452079566
SH920837,20240617,0.0,0.0,0.0,0.0035398230088
SH920839,20240619,0.0,0.0,0.0,0.0038498556304
SH920855,20240607,0.0,0.0,0.0,0.0037037037037
SH920857,20240528,0.0,0.0,0.0,0.0023455824863
SH920866,20240520,0.0,0.0,0.0,0.0026455026455
SH920870,20240603,0.0,0.0,0.0,0.0017899761337
SH920871,20240510,0.0,0.0,0.0,0.0029985007496
SH920879,20240430,0.0,0.0,0.0,0.0028248587571
SH920885,20240628,0.0,0.0,0.0,0.0006445672191999
SH920892,20240531,0.0,0.0,0.0,0.0053285968028
SH920895,20240722,0.0,0.0,0.0,0.0041420118343
SH920896,20240627,0.0,0.0,0.0,0.0027359781122
SH920906,20240626,0.0,0.0,0.0,0.0008460076045999
SH920914,20240619,0.0,0.0,0.0,0.0012406947890999
SH920924,20240603,0.0,0.0,0.0,0.0004480286737999
SH920925,20240617,0.0,0.0,0.0,0.0008510638298
SH920926,20240605,0.0,0.0,0.0,0.0019433647972999
SH920931,20240627,0.0,0.0,0.0,0.001221001221
SH920932,20240718,0.0,0.0,0.0,0.0015003750938
SH920942,20240708,0.0,0.0,0.0,0.0018472906404
SH920943,20240531,0.0,0.0,0.0,0.0024875621891
SH920946,20240605,0.0,0.0,0.0,0.0022503516174
SH920950,20240522,0.0,0.0,0.0,0.0037278106509
SH920953,20240717,0.0,0.0,0.0,0.0013698630137
SH920957,20240618,0.0,0.0,0.0,0.0017271157168
SH920961,20240612,0.0,0.0,0.0,0.0005549389567
SH920964,20240619,0.0,0.0,0.0,0.0017730496454
SH920971,20240508,0.0,0.0,0.0,0.0025458248473
SH920974,20240705,0.0,0.0,0.0,0.0027777777778
SH920976,20240606,0.0,0.0,0.0,0.0042492917847
SH920978,20240703,0.0,0.0,0.0,0.0029138474227
SH920982,20240429,0.0,0.0,0.0,0.0004464285714
SH920985,20240626,0.0,0.0,0.0,0.004
SH920992,20240516,0.0,0.0,0.0,0.0010905125409
SZ000001,20240614,0.0,0.0,0.0,0.0066574074074
SZ000006,20230628,0.0,0.0,0.0,0.094
SZ000006,20220621,0.0,0.0,0.0,0.121
SZ000006,20210623,0.0,0.0,0.0,0.193
SZ000006,20200618,0.0,0.0,0.0,0.179
SZ000006,20190619,0.0,0.0,0.0,0.195
SZ000006,20180622,0.0,0.0,0.0,0.181
SZ000006,20170616,0.0,0.0,0.0,0.18
SZ000006,20160617,0.0,0.0,0.0,0.12
SZ000006,20150619,0.0,0.0,0.0,0.118
SZ000006,20140609,0.0,0.0,0.0,0.155
SZ000006,20130620,0.05,0.0,0.0,0.1
SZ000006,20120711,0.3,0.0,0.0,0.04
SZ000006,20110614,0.3,0.0,0.0,0.06
SZ000006,20100513,0.5,0.0,0.0,0.12
SZ000006,20090626,0.0,0.0,0.0,0.08
SZ000006,20080429,1.0,0.0,0.0,0.1
SZ000006,20070529,0.0,0.0,0.0,0.35
SZ000006,20060628,0.0,0.0,0.0,0.18
SZ000006,20060112,0.2,0.0,0.0,0.0
SZ000006,20050630,0.0,0.0,0.0,0.075
SZ000006,20030724,0.0,0.0,0.0,0.08
SZ000006,20020819,0.0,0.0,0.0,0.13
SZ000006,20010829,0.0,0.0,0.0,0.2
SZ000006,20000721,0.0,0.0,0.0,0.1
SZ000006,19990721,0.0,0.0,0.0,0.2
SZ000006,19980730,0.1,0.0,0.0,0.2
SZ000006,19970709,0.3076,0.0,0.0,0.0769
SZ000006,19970328,0.0,0.3,12.0,0.0
SZ000006,19960729,0.0,0.0,0.0,0.2
SZ000006,19950711,0.3,0.0,0.0,0.1
SZ000006,19941227,0.0,0.15,5.6,0.0
SZ000006,19940627,0.6,0.0,0.0,0.2
SZ000006,19930607,0.3,0.0,0.0,0.0
SZ000009,20240726,0.0,0.0,0.0,0.0005639097744
SZ000011,20240617,0.0,0.0,0.0,0.0038423645319999
SZ000012,20240716,0.0,0.0,0.0,0.004816955684
SZ000014,20240606,0.0,0.0,0.0,0.0021492537313
SZ000016,20220610,0.0,0.0,0.0,0.05
SZ000016,20210604,0.0,0.0,0.0,0.1
SZ000016,20200709,0.0,0.0,0.0,0.05
SZ000016,20190705,0.0,0.0,0.0,0.1
SZ000016,20180606,0.0,0.0,0.0,0.162
SZ000016,20150925,1.0,0.0,0.0,0.0
SZ000016,20150720,0.0,0.0,0.0,0.01
SZ000016,20140529,0.0,0.0,0.0,0.01
SZ000016,20130614,0.0,0.0,0.0,0.01
SZ000016,20120709,0.0,0.0,0.0,0.01
SZ000016,20110711,0.0,0.0,0.0,0.01
SZ000016,20100715,0.0,0.0,0.0,0.01
SZ000016,20090710,0.0,0.0,0.0,0.05
SZ000016,20080603,1.0,0.0,0.0,0.0
SZ000016,20070802,0.0,0.0,0.0,0.1
SZ000016,20070801,0.0,0.0,0.0,0.1
SZ000016,20060330,0.25,0.0,0.0,0.0
SZ000016,20010625,0.0,0.0,0.0,0.15
SZ000016,20000726,0.1,0.0,0.0,0.4
SZ000016,19991021,0.0,0.0,0.0,0.3
SZ000016,19990823,0.2,0.0,0.0,0.3
SZ000016,19980716,0.0,0.3,10.5,0.0
SZ000016,19980622,0.0,0.0,0.0,0.56
SZ000016,19970714,0.0,0.0,0.0,0.52
SZ000016,19961030,0.0,0.3,5.85,0.0
SZ000016,19960717,0.0,0.3,6.28,0.0
SZ000016,19960705,0.0,0.0,0.0,0.515
SZ000016,19951030,0.0,0.0,0.0,0.4
SZ000016,19940613,0.5,0.0,0.0,0.11
SZ000016,19930503,0.35,0.0,0.0,0.09
SZ000019,20240619,0.0,0.0,0.0,0.0032154340836
SZ000021,20240627,0.0,0.0,0.0,0.0008831521739
SZ000025,20240619,0.0,0.0,0.0,0.0002195467422
SZ000026,20250528,0.0,0.0,0.0,0.4
SZ000026,20240612,0.0,0.0,0.0,0.0042060988432999
SZ000026,20230615,0.0,0.0,0.0,0.25
SZ000026,20220610,0.0,0.0,0.0,0.3
SZ000026,20210601,0.0,0.0,0.0,0.4084
SZ000026,20200701,0.0,0.0,0.0,0.2
SZ000026,20190812,0.0,0.0,0.0,0.2008
SZ000026,20180730,0.0,0.0,0.0,0.2
SZ000026,20170622,0.0,0.0,0.0,0.1
SZ000026,20160624,0.0,0.0,0.0,0.1
SZ000026,20150806,0.0,0.0,0.0,0.1
SZ000026,20140731,0.0,0.0,0.0,0.1
SZ000026,20130813,0.0,0.0,0.0,0.1
SZ000026,20120601,0.0,0.0,0.0,0.1
SZ000026,20110427,0.4,0.0,0.0,0.1
SZ000026,20100804,0.0,0.0,0.0,0.1
SZ000026,20090715,0.0,0.0,0.0,0.1
SZ000026,20080626,0.0,0.0,0.0,0.1
SZ000026,20071109,0.31,0.0,0.0,0.0
SZ000026,20020719,0.0,0.0,0.0,0.05
SZ000026,20000726,0.0,0.0,0.0,0.1
SZ000026,19990810,0.0,0.0,0.0,0.18
SZ000026,19980826,0.0,0.0,0.0,0.1
SZ000026,19980108,0.5,0.0,0.0,0.0
SZ000026,19971030,0.0,0.2,7.47,0.0
SZ000026,19970715,0.0,0.0,0.0,0.1
SZ000026,19960624,0.2,0.0,0.0,0.2
SZ000026,19960102,0.0,0.3,6.0,0.0
SZ000026,19940708,0.5,0.0,0.0,0.1
SZ000026,19940706,0.5,0.0,0.0,0.1
SZ000027,20240618,0.0,0.0,0.0,0.0019498607242
SZ000028,20240625,0.0,0.0,0.0,0.0020731707317
SZ000030,20240626,0.0,0.0,0.0,0.0047080979284
SZ000032,20240607,0.0,0.0,0.0,0.000719895288
SZ000034,20240506,0.0,0.0,0.0,0.0014461738003
SZ000035,20240719,0.0,0.0,0.0,0.0004565217390999
SZ000036,20230608,0.0,0.0,0.0,0.034
SZ000036,20220715,0.0,0.0,0.0,0.068
SZ000036,20210714,0.0,0.0,0.0,0.23
SZ000036,20200709,0.0,0.0,0.0,0.4
SZ000036,20190628,0.3,0.0,0.0,0.6
SZ000036,20180629,0.0,0.0,0.0,0.5
SZ000036,20170719,0.0,0.0,0.0,0.3
SZ000036,20060328,1.8749,0.0,0.0,0.0
SZ000036,20060327,1.875,0.0,0.0,0.0
SZ000036,20050729,0.0,0.0,0.0,0.05
SZ000036,20010822,0.0,0.0,0.0,0.1
SZ000036,20001011,0.5,0.0,0.0,0.0
SZ000036,19980804,0.0,0.0,0.0,0.0
SZ000036,19970707,0.0,0.0,0.0,0.017
SZ000036,19960718,0.05,0.0,0.0,0.0
SZ000036,19950726,0.1,0.0,0.0,0.014
SZ000039,20240816,0.0,0.0,0.0,0.0002972972973
SZ000045,20240613,0.0,0.0,0.0,0.0007728894174
SZ000046,20200717,0.0,0.0,0.0,0.1
SZ000046,20190705,0.0,0.0,0.0,0.15
SZ000046,20180717,0.0,0.0,0.0,0.15
SZ000046,20170713,0.0,0.0,0.0,0.15
SZ000046,20160624,0.0,0.0,0.0,0.15
SZ000046,20150625,0.0,0.0,0.0,0.15
SZ000046,20140606,0.0,0.0,0.0,0.15
SZ000046,20130703,0.0,0.0,0.0,0.1
SZ000046,20120717,0.0,0.0,0.0,0.06
SZ000046,20110718,1.0,0.0,0.0,0.05
SZ000046,20100519,0.0,0.0,0.0,0.1
SZ000046,20090610,0.0,0.0,0.0,0.05
SZ000046,20080408,1.0,0.0,0.0,0.0667
SZ000046,20060324,0.22,0.0,0.0,0.0
SZ000046,20050714,0.2,0.0,0.0,0.025
SZ000046,20040714,0.2,0.0,0.0,0.025
SZ000046,20030926,0.0,0.0,0.0,0.1
SZ000046,20020823,0.0,0.0,0.0,0.1
SZ000046,20010718,0.0,0.0,0.0,0.084
SZ000046,20010413,0.0,0.3,10.5,0.0
SZ000046,19970729,0.2,0.0,0.0,0.0
SZ000046,19970404,0.5,0.0,0.0,0.0
SZ000046,19960709,0.1,0.0,0.0,0.05
SZ000046,19950821,0.0,0.1775,3.8,0.0
SZ000046,19950530,0.3,0.0,0.0,0.06
SZ000046,19941025,0.3,0.0,0.0,0.06
SZ000049,20240509,0.0,0.0,0.0,0.0020557332115
SZ000055,20240517,0.0,0.0,0.0,0.0019230769230999
SZ000056,20190709,0.0,0.0,0.0,0.01
SZ000056,20180815,0.0,0.0,0.0,0.04
SZ000056,20160708,1.0,0.0,0.0,0.0
SZ000056,20140808,0.2,0.0,0.0,0.0
SZ000056,20060106,0.35,0.0,0.0,0.0
SZ000056,20000724,0.0,0.0,0.0,0.05
SZ000056,19980727,0.2,0.0,0.0,0.0
SZ000056,19970728,0.2,0.0,0.0,0.0
SZ000056,19960826,0.0,0.0,0.0,0.12
SZ000058,20240520,0.0,0.0,0.0,0.0004559270517
SZ000059,20240619,0.0,0.0,0.0,0.0003167420814
SZ000060,20240709,0.0,0.0,0.0,0.001308411215
SZ000061,20240618,0.0,0.0,0.0,0.0021113243762
SZ000062,20240530,0.0,0.0,0.0,0.0020942408377
SZ000063,20240715,0.0,0.0,0.0,0.0023864430468
SZ000065,20240621,0.0,0.0,0.0,0.0008743041825
SZ000066,20230719,0.0,0.0,0.0,0.007
SZ000066,20220720,0.0,0.0,0.0,0.0472
SZ000066,20210716,0.0,0.0,0.0,0.0864
SZ000066,20200717,0.0,0.0,0.0,0.087
SZ000066,20190717,0.0,0.0,0.0,0.05
SZ000066,20180720,0.0,0.0,0.0,0.06
SZ000066,20120801,0.0,0.0,0.0,0.023
SZ000066,20110617,0.0,0.0,0.0,0.05
SZ000066,20100527,1.0,0.0,0.0,0.085
SZ000066,20080627,0.2,0.0,0.0,0.023
SZ000066,20070802,0.0,0.0,0.0,0.1
SZ000066,20060627,0.0,0.0,0.0,0.3
SZ000066,20060515,0.32,0.0,0.0,0.0
SZ000066,20050623,0.0,0.0,0.0,0.3
SZ000066,20040806,0.0,0.0,0.0,0.1
SZ000066,20030725,0.0,0.0,0.0,0.2
SZ000066,20020715,0.0,0.0,0.0,0.2
SZ000066,20010621,0.0,0.0,0.0,0.1
SZ000066,20000609,0.5,0.0,0.0,0.2
SZ000066,20000126,0.0,0.1648,12.0,0.0
SZ000066,19990504,0.4,0.0,0.0,0.1
SZ000066,19980624,0.3,0.0,0.0,0.1
SZ000088,20240522,0.0,0.0,0.0,0.003603960396
SZ000089,20240628,0.0,0.0,0.0,0.0015576323988
SZ000090,20240719,0.0,0.0,0.0,0.00625
SZ000096,20250711,0.0,0.0,0.0,0.075
SZ000096,20240819,0.0,0.0,0.0,0.0005681818182
SZ000096,20230706,0.0,0.0,0.0,0.03
SZ000096,20220819,0.0,0.0,0.0,0.7
SZ000096,20210618,0.0,0.0,0.0,0.02
SZ000096,20200612,0.0,0.0,0.0,0.02
SZ000096,20190618,0.0,0.0,0.0,0.02
SZ000096,20180612,0.0,0.0,0.0,0.02
SZ000096,20170629,0.0,0.0,0.0,0.1
SZ000096,20160624,0.0,0.0,0.0,0.02
SZ000096,20150709,0.0,0.0,0.0,0.02
SZ000096,20140711,0.0,0.0,0.0,0.02
SZ000096,20130703,0.0,0.0,0.0,0.02
SZ000096,20120704,0.0,0.0,0.0,0.06
SZ000096,20090703,0.0,0.0,0.0,0.08
SZ000096,20080708,0.0,0.0,0.0,0.16
SZ000096,20070710,0.0,0.0,0.0,0.16
SZ000096,20060719,0.0,0.0,0.0,0.06
SZ000096,20060206,0.36,0.0,0.0,0.0
SZ000096,20050622,0.0,0.0,0.0,0.135
SZ000096,20040625,0.0,0.0,0.0,0.125
SZ000096,20031120,0.6,0.0,0.0,0.0
SZ000096,20030729,0.0,0.0,0.0,0.2
SZ000096,20020715,0.0,0.0,0.0,0.15
SZ000096,20010619,0.0,0.0,0.0,0.11
SZ000099,20240521,0.0,0.0,0.0,0.0003883079847999
SZ000100,20240604,0.0,0.0,0.0,0.0018475750577
SZ000153,20240607,0.0,0.0,0.0,0.0019379844960999
SZ000156,20250829,0.0,0.0,0.0,0.18
SZ000156,20240826,0.0,0.0,0.0,0.0034920634920999
SZ000156,20230825,0.0,0.0,0.0,0.22
SZ000156,20220825,0.0,0.0,0.0,0.2
SZ000156,20210719,0.0,0.0,0.0,0.17
SZ000156,20200715,0.0,0.0,0.0,0.63
SZ000156,20190823,0.0,0.0,0.0,0.22
SZ000156,20180821,0.0,0.0,0.0,0.2
SZ000156,20170818,0.0,0.0,0.0,0.14
SZ000156,20160810,0.0,0.0,0.0,0.035
SZ000156,20130613,0.5406,0.0,0.0,0.0
SZ000156,20121019,0.54062,0.0,0.0,0.0
SZ000156,20070213,0.5406,0.0,0.0,0.0
SZ000156,20020828,0.0,0.0,0.0,0.08
SZ000156,20010628,0.0,0.0,0.0,0.05
SZ000157,20240726,0.0,0.0,0.0,0.0046989720999
SZ000166,20251224,0.0,0.0,0.0,0.035
SZ000166,20250813,0.0,0.0,0.0,0.046
SZ000166,20241218,0.0,0.0,0.0,0.017
SZ000166,20240820,0.0,0.0,0.0,0.0012095032396999
SZ000166,20230811,0.0,0.0,0.0,0.03
SZ000166,20220805,0.0,0.0,0.0,0.1
SZ000166,20210723,0.0,0.0,0.0,0.1
SZ000166,20200820,0.0,0.0,0.0,0.08
SZ000166,20190517,0.0,0.0,0.0,0.05
SZ000166,20180627,0.0,0.0,0.0,0.05
SZ000166,20170616,0.0,0.0,0.0,0.1
SZ000166,20160706,0.35,0.0,0.0,0.15
SZ000301,20240607,0.0,0.0,0.0,0.0011695906433
SZ000333,20240515,0.0,0.0,0.0,0.0042348955392
SZ000338,20240628,0.0,0.0,0.0,0.0018142414861
SZ000400,20240613,0.0,0.0,0.0,0.0009358204235999
SZ000403,20240628,0.0,0.0,0.0,0.0007507686819
SZ000404,20240626,0.0,0.0,0.0,0.0044563279857
SZ000406,20050721,0.0,0.0,0.0,0.3
SZ000406,20030814,0.0,0.0,0.0,0.3
SZ000406,20020729,0.2,0.0,0.0,0.1
SZ000406,20010528,0.0,0.0,0.0,0.2
SZ000406,20000303,0.0,0.8,5.0,0.0
SZ000406,19990816,0.0,0.0,0.0,0.2
SZ000406,19980507,0.8,0.0,0.0,0.0
SZ000406,19960910,0.5,0.0,0.0,0.0
SZ000407,20240725,0.0,0.0,0.0,0.0021653543307
SZ000408,20240419,0.0,0.0,0.0,0.0026315789474
SZ000411,20240529,0.0,0.0,0.0,0.0028807947019999
SZ000416,20220712,0.0,0.0,0.0,0.03
SZ000416,20210611,0.0,0.0,0.0,0.03
SZ000416,20200429,0.0,0.0,0.0,0.03
SZ000416,20190621,0.0,0.0,0.0,0.03
SZ000416,20180611,0.0,0.0,0.0,0.05
SZ000416,20170608,0.0,0.0,0.0,0.05
SZ000416,20160707,0.0,0.0,0.0,0.05
SZ000416,20150526,0.0,0.0,0.0,0.05
SZ000416,20130715,0.0,0.0,0.0,0.05
SZ000416,20060809,0.55,0.0,0.0,0.0
SZ000416,20040409,0.3,0.0,0.0,0.12
SZ000416,20030422,0.25,0.0,0.0,0.065
SZ000416,20020923,0.3,0.0,0.0,0.05
SZ000416,20020318,0.7,0.0,0.0,0.1
SZ000416,19980803,0.0,0.0,0.0,0.1707
SZ000416,19971219,0.0,0.2,4.6,0.0
SZ000416,19970731,0.5,0.0,0.0,0.0
SZ000417,20240711,0.0,0.0,0.0,0.0026699029126
SZ000419,20240809,0.0,0.0,0.0,0.0027397260274
SZ000421,20240628,0.0,0.0,0.0,0.0022271714922
SZ000422,20240614,0.0,0.0,0.0,0.0025
SZ000423,20240612,0.0,0.0,0.0,0.0025510297397999
SZ000425,20240703,0.0,0.0,0.0,0.0026470588235
SZ000426,20250822,0.0,0.0,0.0,0.07
SZ000426,20240709,0.0,0.0,0.0,0.0004666188083
SZ000426,20230829,0.0,0.0,0.0,0.017
SZ000426,20180816,0.0,0.0,0.0,0.0199
SZ000426,20170810,0.0,0.0,0.0,0.02
SZ000426,20150923,1.0,0.0,0.0,0.0
SZ000426,20150825,0.0,0.0,0.0,0.02
SZ000426,20140716,0.0,0.0,0.0,0.02
SZ000426,20130718,0.1,0.0,0.0,0.035
SZ000426,20120619,0.1,0.0,0.0,0.06
SZ000426,20070522,0.1,0.0,0.0,0.0
SZ000426,20060522,0.3,0.0,0.0,0.0
SZ000426,20060407,0.35,0.0,0.0,0.0
SZ000426,20060406,0.35,0.0,0.0,0.0
SZ000426,20020801,0.2,0.0,0.0,0.025
SZ000426,20010531,0.1,0.0,0.0,0.025
SZ000426,20010219,0.0,0.3,13.2,0.0
SZ000426,19990513,0.2,0.0,0.0,0.0
SZ000426,19980512,0.0,0.404,8.0,0.0
SZ000426,19980113,0.8,0.0,0.0,0.0
SZ000426,19970624,0.1,0.0,0.0,0.0
SZ000429,20240715,0.0,0.0,0.0,0.0049637023593
SZ000498,20240716,0.0,0.0,0.0,0.0035087699805
SZ000501,20240712,0.0,0.0,0.0,0.0006811989101
SZ000505,20240612,0.0,0.0,0.0,0.0012326388889
SZ000506,20140822,0.0,0.0,0.0,0.025
SZ000506,20130517,0.2,0.0,0.0,0.05
SZ000506,20090605,0.35,0.0,0.0,0.0
SZ000506,20081229,0.35,0.0,0.0,0.0
SZ000506,19950824,0.15,0.0,0.0,0.0
SZ000506,19950104,0.0,0.25,2.22,0.0
SZ000506,19940823,0.2,0.0,0.0,0.0
SZ000506,19930614,0.2,0.1,6.2,0.0
SZ000506,19930612,0.0,0.1,6.2,0.0
SZ000507,20240529,0.0,0.0,0.0,0.0002429149798
SZ000513,20240708,0.0,0.0,0.0,0.0035894708854
SZ000514,20240826,0.0,0.0,0.0,0.0003870967742
SZ000516,20190628,0.0,0.0,0.0,0.0867
SZ000516,20170714,0.0,0.0,0.0,0.03
SZ000516,20160519,1.5,0.0,0.0,0.05
SZ000516,20140617,0.0,0.0,0.0,0.05
SZ000516,20130626,0.0,0.0,0.0,0.05
SZ000516,20120528,0.0,0.0,0.0,0.05
SZ000516,20100610,0.9,0.0,0.0,0.06
SZ000516,20091020,0.0,0.3,3.98,0.0
SZ000516,20090605,1.0,0.0,0.0,0.1
SZ000516,20070824,0.0,0.0,0.0,0.15
SZ000516,20060725,0.0,0.0,0.0,0.132
SZ000516,20060331,0.4091,0.0,0.0,0.0
SZ000516,20050808,0.0,0.0,0.0,0.15
SZ000516,20040707,0.0,0.0,0.0,0.22
SZ000516,20030806,0.0,0.0,0.0,0.2
SZ000516,20020712,0.0,0.0,0.0,0.16
SZ000516,20010529,0.0,0.0,0.0,0.18
SZ000516,20010116,0.0,0.3,12.0,0.0
SZ000516,19980504,0.8,0.0,0.0,0.0
SZ000516,19960214,0.1,0.0,0.0,0.0
SZ000516,19940526,0.1,0.0,0.0,0.1
SZ000517,20240827,0.0,0.0,0.0,0.0120754716981
SZ000519,20240628,0.0,0.0,0.0,0.0003928571429
SZ000521,20240613,0.0,0.0,0.0,0.0033860045147
SZ000526,20060301,0.517,0.0,0.0,0.0
SZ000526,19960829,0.1,0.0,0.0,0.0
SZ000526,19960819,0.1,0.0,0.0,0.0
SZ000526,19940927,0.0,0.3,3.2,0.0
SZ000526,19940526,0.2,0.0,0.0,0.0
SZ000528,20240620,0.0,0.0,0.0,0.0017261251086
SZ000529,20240704,0.0,0.0,0.0,0.0024875621891
SZ000530,20240712,0.0,0.0,0.0,0.0008241758242
SZ000531,20240712,0.0,0.0,0.0,0.0019960079839999
SZ000532,20240607,0.0,0.0,0.0,0.0005637467476
SZ000534,20240827,0.0,0.0,0.0,0.0012931034483
SZ000536,20180522,0.0,0.0,0.0,0.1
SZ000536,20171023,0.0,0.0,0.0,0.1
SZ000536,20170531,0.6,0.0,0.0,0.1
SZ000536,20140925,0.45,0.0,0.0,0.0
SZ000536,20130426,0.0,0.0,0.0,0.38
SZ000536,20120427,0.0,0.0,0.0,0.52
SZ000536,20110511,0.0,0.0,0.0,0.3
SZ000536,20110325,0.02672,0.0,0.0,0.0
SZ000536,20110324,0.0267,0.0,0.0,0.0
SZ000536,20090409,0.5,0.0,0.0,0.0
SZ000536,19970728,0.0,0.0,0.0,0.03
SZ000536,19951019,0.0,0.274,3.32,0.0
SZ000536,19950906,0.0,0.0,0.0,0.18
SZ000536,19941019,0.0,0.2744,3.32,0.0
SZ000537,20240709,0.0,0.0,0.0,0.002
SZ000538,20240510,0.0,0.0,0.0,0.0036767569480999
SZ000539,20240614,0.0,0.0,0.0,0.0003552397869
SZ000541,20240708,0.0,0.0,0.0,0.0024948024948
SZ000543,20240530,0.0,0.0,0.0,0.0026498800959
SZ000544,20240618,0.0,0.0,0.0,0.0021791767554
SZ000546,20220616,0.0,0.0,0.0,0.02
SZ000546,20210709,0.0,0.0,0.0,0.06
SZ000546,20200702,0.0,0.0,0.0,0.08
SZ000546,20190717,0.0,0.0,0.0,0.05
SZ000546,20180614,0.0,0.0,0.0,0.05
SZ000546,20170606,0.0,0.0,0.0,0.5
SZ000546,20060512,0.18,0.0,0.0,0.0
SZ000546,19950530,0.1,0.0,0.0,0.0
SZ000546,19941215,0.0,0.0,0.0,0.0
SZ000546,19941013,0.0,0.498,2.4,0.0
SZ000546,19940511,0.2,0.0,0.0,0.0
SZ000548,20240613,0.0,0.0,0.0,0.0021479713604
SZ000550,20240719,0.0,0.0,0.0,0.0028452579035
SZ000551,20240704,0.0,0.0,0.0,0.0007891770011
SZ000552,20240621,0.0,0.0,0.0,0.0029325483871
SZ000554,20240626,0.0,0.0,0.0,0.0004618473896
SZ000555,20240614,0.0,0.0,0.0,0.0002755967326
SZ000556,20000808,0.0,0.0,0.0,0.0
SZ000556,19971128,0.5,0.0,0.0,0.0
SZ000556,19960730,0.1,0.0,0.0,0.02
SZ000556,19960416,0.0,0.218,2.45,0.0
SZ000556,19950927,0.2,0.0,0.0,0.0
SZ000556,19940719,0.2,0.0,0.0,0.16
SZ000559,20240618,0.0,0.0,0.0,0.0031578947368
SZ000563,20240528,0.0,0.0,0.0,0.0023333333333
SZ000565,20240607,0.0,0.0,0.0,0.0003676470588
SZ000566,20180815,0.0,0.0,0.0,0.1
SZ000566,20170707,0.0,0.0,0.0,0.15
SZ000566,20160531,1.0,0.0,0.0,0.0
SZ000566,20150629,0.0,0.0,0.0,0.03
SZ000566,20140620,0.0,0.0,0.0,0.05
SZ000566,20130726,0.0,0.0,0.0,0.05
SZ000566,20121026,1.0,0.0,0.0,0.0
SZ000566,20120719,0.0,0.0,0.0,0.1
SZ000566,20051121,0.3,0.0,0.0,0.0
SZ000566,19970702,0.2,0.0,0.0,0.0
SZ000566,19960730,0.1,0.0,0.0,0.13
SZ000566,19951011,0.0,0.0,0.0,0.179
SZ000566,19940816,0.2,0.0,0.0,0.0
SZ000567,20240614,0.0,0.0,0.0,0.0045212765957
SZ000568,20240823,0.0,0.0,0.0,0.0044082269388
SZ000570,20240522,0.0,0.0,0.0,0.0009126213592
SZ000573,20240619,0.0,0.0,0.0,0.002510460251
SZ000576,20210604,0.0,0.0,0.0,0.1982
SZ000576,20060313,0.97,0.0,0.0,0.0
SZ000576,20010713,0.0,0.0,0.0,0.07
SZ000576,19980622,0.0,0.1818,7.7,0.0
SZ000576,19980602,0.1,0.0,0.0,0.1
SZ000576,19980516,0.0,0.1818,7.7,0.0
SZ000576,19970623,0.0,0.0,0.0,0.1
SZ000576,19961217,0.5,0.0,0.0,0.0
SZ000576,19960805,0.0,0.25,6.5,0.0
SZ000576,19960717,0.2,0.0,0.0,0.5
SZ000576,19950613,0.3,0.0,0.0,0.35
SZ000581,20240620,0.0,0.0,0.0,0.0055157198014
SZ000582,20240606,0.0,0.0,0.0,0.0024844516539
SZ000586,20051229,0.38,0.0,0.0,0.0
SZ000586,20050627,0.0,0.0,0.0,0.03
SZ000586,19980618,0.3,0.0,0.0,0.0
SZ000586,19980313,0.0,0.3,5.0,0.0
SZ000586,19960603,1.0,0.0,0.0,0.0
SZ000589,20240529,0.0,0.0,0.0,0.0033955857385
SZ000591,20240705,0.0,0.0,0.0,0.0031295922747
SZ000596,20260210,0.0,0.0,0.0,1.0
SZ000596,20250626,0.0,0.0,0.0,5.0
SZ000596,20250124,0.0,0.0,0.0,1.0
SZ000596,20240620,0.0,0.0,0.0,0.0019430890797999
SZ000596,20230713,0.0,0.0,0.0,3.0
SZ000596,20220613,0.0,0.0,0.0,2.2
SZ000596,20210609,0.0,0.0,0.0,1.5
SZ000596,20200709,0.0,0.0,0.0,1.5
SZ000596,20190621,0.0,0.0,0.0,1.5
SZ000596,20180607,0.0,0.0,0.0,1.0
SZ000596,20170629,0.0,0.0,0.0,0.6
SZ000596,20160627,0.0,0.0,0.0,0.1
SZ000596,20150713,0.0,0.0,0.0,0.2
SZ000596,20140708,0.0,0.0,0.0,0.35
SZ000596,20130614,0.0,0.0,0.0,0.5
SZ000596,20120502,1.0,0.0,0.0,0.45
SZ000596,20110512,0.0,0.0,0.0,0.35
SZ000596,20100507,0.0,0.0,0.0,0.35
SZ000596,20100506,0.0,0.0,0.0,0.35
SZ000596,20060619,0.4,0.0,0.0,0.0
SZ000596,20030703,0.0,0.0,0.0,0.1
SZ000596,20020528,0.0,0.0,0.0,0.2
SZ000596,20010418,0.0,0.0,0.0,0.3
SZ000596,20000613,0.0,0.0,0.0,0.29
SZ000596,19990608,0.0,0.0,0.0,0.28
SZ000596,19980625,0.0,0.0,0.0,0.35
SZ000596,19970613,0.0,0.0,0.0,0.116
SZ000597,20240523,0.0,0.0,0.0,0.0021459227468
SZ000598,20240626,0.0,0.0,0.0,0.0022911051213
SZ000600,20240626,0.0,0.0,0.0,0.0012820512821
SZ000603,20240711,0.0,0.0,0.0,0.0006184320988
SZ000605,20240709,0.0,0.0,0.0,0.0004454342984
SZ000606,20140620,0.0,0.0,0.0,0.02
SZ000606,20090518,0.5,0.0,0.0,0.011
SZ000606,20070524,0.2,0.0,0.0,0.011
SZ000606,20060123,0.32,0.0,0.0,0.0
SZ000606,20010920,1.0,0.0,0.0,0.0
SZ000606,20000822,0.0,0.3,9.0,0.0
SZ000606,20000510,0.0,0.0,0.0,0.32
SZ000606,19990511,0.0,0.0,0.0,0.3
SZ000606,19980216,0.0,0.3,4.0,0.0
SZ000607,20240621,0.0,0.0,0.0,0.0009119496855
SZ000612,20240619,0.0,0.0,0.0,0.0020588235294
SZ000616,20160622,0.0,0.0,0.0,0.02
SZ000616,20150720,0.0,0.0,0.0,0.02
SZ000616,20140516,0.0,0.0,0.0,0.022
SZ000616,20130528,0.2,0.0,0.0,0.04
SZ000616,20120518,0.0,0.0,0.0,0.01
SZ000616,20110525,0.2,0.0,0.0,0.1
SZ000616,20100601,0.1,0.0,0.0,0.1
SZ000616,20090423,0.5,0.0,0.0,0.05
SZ000616,20080917,0.0,0.0,0.0,0.05
SZ000616,20080509,0.5,0.0,0.0,0.03
SZ000616,20070517,0.1,0.0,0.0,0.011
SZ000616,20060718,0.21,0.0,0.0,0.0
SZ000616,20060614,0.0,0.0,0.0,0.03
SZ000616,20060608,0.0,0.0,0.0,0.03
SZ000616,20050617,0.0,0.0,0.0,0.05
SZ000616,20040611,0.5,0.0,0.0,0.02
SZ000616,20021101,0.3,0.0,0.0,0.0
SZ000616,20010509,0.5357,0.0,0.0,0.0
SZ000616,20010116,0.0,0.3,17.0,0.0
SZ000616,19990714,0.3,0.0,0.0,0.3
SZ000616,19980624,0.0,0.3,7.0,0.0
SZ000616,19980612,0.0,0.0,0.0,0.2
SZ000616,19970710,0.0,0.0,0.0,0.2
SZ000617,20240711,0.0,0.0,0.0,0.0021869158879
SZ000623,20240709,0.0,0.0,0.0,0.0045214770158
SZ000625,20240524,0.0,0.0,0.0,0.0023493150684999
SZ000626,20171018,0.0,0.0,0.0,0.16
SZ000626,20161021,1.0,0.0,0.0,0.333
SZ000626,20061228,0.3,0.0,0.0,0.0
SZ000626,20030926,0.5,0.0,0.0,0.0
SZ000626,20000413,0.5,0.0,0.0,0.0
SZ000626,19990708,0.5,0.0,0.0,0.0
SZ000626,19970624,0.2,0.0,0.0,0.0
SZ000628,20240823,0.0,0.0,0.0,0.0004057661506
SZ000630,20240607,0.0,0.0,0.0,0.0020790708661
SZ000631,20240705,0.0,0.0,0.0,0.0041841004184
SZ000636,20250711,0.0,0.0,0.0,0.14877
SZ000636,20240705,0.0,0.0,0.0,0.0004042037186999
SZ000636,20230621,0.0,0.0,0.0,0.1
SZ000636,20221118,0.0,0.0,0.0,0.1144
SZ000636,20220720,0.0,0.0,0.0,0.116
SZ000636,20210625,0.0,0.0,0.0,0.05
SZ000636,20190521,0.0,0.0,0.0,0.3
SZ000636,20180608,0.0,0.0,0.0,0.07
SZ000636,20170526,0.0,0.0,0.0,0.02
SZ000636,20160613,0.0,0.0,0.0,0.03
SZ000636,20150713,0.0,0.0,0.0,0.02
SZ000636,20130729,0.0,0.0,0.0,0.03
SZ000636,20120724,0.0,0.0,0.0,0.08
SZ000636,20110621,0.0,0.0,0.0,0.2
SZ000636,20100707,0.0,0.0,0.0,0.08
SZ000636,20080522,0.0,0.0,0.0,0.02
SZ000636,20070215,0.0,0.0,0.0,0.035
SZ000636,20060406,0.8,0.0,0.0,0.0
SZ000636,20050722,0.0,0.0,0.0,0.05
SZ000636,20040714,0.0,0.0,0.0,0.05
SZ000636,20030714,0.0,0.0,0.0,0.025
SZ000636,20020719,0.0,0.0,0.0,0.04
SZ000636,20010524,0.0,0.0,0.0,0.15
SZ000636,20000912,0.5,0.0,0.0,0.0
SZ000636,20000418,0.0,0.0,0.0,0.2
SZ000636,19990909,0.5,0.0,0.0,0.0
SZ000636,19980929,0.8,0.0,0.0,0.0
SZ000636,19980303,0.0,0.15,13.0,0.0
SZ000636,19970527,1.0,0.0,0.0,0.0
SZ000650,20240708,0.0,0.0,0.0,0.0033112582781
SZ000651,20240828,0.0,0.0,0.0,0.0056978692842
SZ000652,20240712,0.0,0.0,0.0,0.0013157894737
SZ000655,20240621,0.0,0.0,0.0,0.0020725388601
SZ000656,20210709,0.0,0.0,0.0,0.45
SZ000656,20200703,0.0,0.0,0.0,0.45
SZ000656,20190614,0.0,0.0,0.0,0.36
SZ000656,20180704,0.0,0.0,0.0,0.25
SZ000656,20170526,0.0,0.0,0.0,0.2
SZ000656,20160426,0.0,0.0,0.0,0.05
SZ000656,20150429,2.0,0.0,0.0,0.15
SZ000656,20140710,0.0,0.0,0.0,0.12
SZ000656,20130627,0.0,0.0,0.0,0.1
SZ000656,20120719,0.0,0.0,0.0,0.1
SZ000656,20060824,0.6,0.0,0.0,0.0
SZ000656,19970606,0.1,0.0,0.0,0.15
SZ000657,20240531,0.0,0.0,0.0,0.0011473962929999
SZ000661,20240418,0.0,0.0,0.0,0.0037134840733
SZ000666,20230717,0.0,0.0,0.0,0.065
SZ000666,20220715,0.0,0.0,0.0,0.086
SZ000666,20210716,0.0,0.0,0.0,0.112
SZ000666,20200710,0.0,0.0,0.0,0.03
SZ000666,20190712,0.0,0.0,0.0,0.05
SZ000666,20180531,0.0,0.0,0.0,0.21
SZ000666,20170620,0.0,0.0,0.0,0.055
SZ000666,20160728,0.0,0.0,0.0,0.05
SZ000666,20150710,0.0,0.0,0.0,0.05
SZ000666,20140818,0.0,0.0,0.0,0.1
SZ000666,20130703,0.0,0.0,0.0,0.1
SZ000666,20120711,0.0,0.0,0.0,0.06
SZ000666,20110729,0.0,0.0,0.0,0.07
SZ000666,20090717,0.0,0.0,0.0,0.01
SZ000666,20080718,0.0,0.0,0.0,0.01
SZ000666,20070718,0.0,0.0,0.0,0.08
SZ000666,20060808,0.12,0.0,0.0,0.25
SZ000666,20060718,0.0,0.0,0.0,0.05
SZ000666,20050628,0.0,0.0,0.0,0.05
SZ000666,20040719,0.0,0.0,0.0,0.072
SZ000666,20030718,0.0,0.0,0.0,0.06
SZ000666,20020717,0.0,0.0,0.0,0.06
SZ000666,20010717,0.0,0.0,0.0,0.11
SZ000666,20000531,0.0,0.0,0.0,0.0
SZ000666,19980723,0.0,0.0,0.0,0.01
SZ000666,19970721,0.0,0.0,0.0,0.04
SZ000672,20240607,0.0,0.0,0.0,0.0060422960725
SZ000676,20200713,0.0,0.0,0.0,0.023
SZ000676,20190705,0.3,0.0,0.0,0.03
SZ000676,20180703,0.0,0.0,0.0,0.03
SZ000676,20070710,0.0,0.0,0.0,0.06
SZ000676,20060731,0.32,0.0,0.0,0.0
SZ000676,20060616,0.0,0.0,0.0,0.06
SZ000676,20050705,0.0,0.0,0.0,0.06
SZ000676,20040524,0.0,0.0,0.0,0.08
SZ000676,20030612,0.0,0.0,0.0,0.06
SZ000676,20020527,0.0,0.0,0.0,0.06
SZ000676,20010828,0.7,0.0,0.0,0.0
SZ000676,20010410,0.0,0.15,15.0,0.0
SZ000676,20010305,0.0,0.15,15.0,0.0
SZ000676,20000905,1.0,0.0,0.0,0.0
SZ000676,19980904,0.0,0.1764,10.0,0.0
SZ000676,19980423,0.7,0.0,0.0,0.0
SZ000680,20240625,0.0,0.0,0.0,0.0016357688113
SZ000681,20240802,0.0,0.0,0.0,0.0001810344827999
SZ000682,20240709,0.0,0.0,0.0,0.0007111111111
SZ000683,20240530,0.0,0.0,0.0,0.0039215686275
SZ000685,20240725,0.0,0.0,0.0,0.0027359781122
SZ000686,20251112,0.0,0.0,0.0,0.1
SZ000686,20250530,0.0,0.0,0.0,0.07
SZ000686,20250124,0.0,0.0,0.0,0.05
SZ000686,20240522,0.0,0.0,0.0,0.0014684287812
SZ000686,20230531,0.0,0.0,0.0,0.1
SZ000686,20220526,0.0,0.0,0.0,0.1
SZ000686,20210531,0.0,0.0,0.0,0.1
SZ000686,20200629,0.0,0.0,0.0,0.1
SZ000686,20190627,0.0,0.0,0.0,0.1
SZ000686,20180613,0.0,0.0,0.0,0.1
SZ000686,20170712,0.0,0.0,0.0,0.1
SZ000686,20160629,0.0,0.0,0.0,0.2
SZ000686,20160415,0.0,0.2,9.08,0.0
SZ000686,20150603,0.0,0.0,0.0,0.06
SZ000686,20140416,1.0,0.0,0.0,0.08
SZ000686,20130618,0.0,0.0,0.0,0.2
SZ000686,20110511,0.0,0.0,0.0,0.2
SZ000686,20100423,0.0,0.0,0.0,0.15
SZ000686,20090626,0.1,0.0,0.0,0.1
SZ000686,20090609,0.0,0.0,0.0,0.2
SZ000686,20070827,1.2,0.0,0.0,0.0
SZ000686,20070824,1.2,0.0,0.0,0.0
SZ000686,20020820,0.1,0.0,0.0,0.05
SZ000686,20010613,0.1757,0.0,0.0,0.0878
SZ000686,20001218,0.0,0.3,10.0,0.0
SZ000686,19980819,0.0,0.1775,7.5,0.0
SZ000686,19980507,0.3,0.0,0.0,0.0
SZ000686,19970617,0.3,0.0,0.0,0.0
SZ000688,20240726,0.0,0.0,0.0,0.0001904761905
SZ000690,20240514,0.0,0.0,0.0,0.0050847457627
SZ000703,20240626,0.0,0.0,0.0,0.0014224751067
SZ000705,20240607,0.0,0.0,0.0,0.0008391608392
SZ000707,20240621,0.0,0.0,0.0,0.0019830028329
SZ000708,20240510,0.0,0.0,0.0,0.0034685159705
SZ000709,20240711,0.0,0.0,0.0,0.0020618556701
SZ000713,20240627,0.0,0.0,0.0,0.0003571428571
SZ000715,20240524,0.0,0.0,0.0,0.0008431703204
SZ000716,20250815,0.0,0.0,0.0,0.05
SZ000716,20240822,0.0,0.0,0.0,0.0013888888889
SZ000716,20200824,0.0,0.0,0.0,0.02
SZ000716,20180817,0.0,0.0,0.0,0.072
SZ000716,20160624,1.0,0.0,0.0,0.1
SZ000716,20150629,0.0,0.0,0.0,0.06
SZ000716,20140815,0.0,0.0,0.0,0.05
SZ000716,20061127,0.1,0.0,0.0,0.0
SZ000716,20020626,0.3,0.0,0.0,0.05
SZ000716,19990714,0.0,0.3,7.0,0.0
SZ000716,19970717,0.2,0.0,0.0,0.0
SZ000718,20240809,0.0,0.0,0.0,0.0011428571429
SZ000719,20240626,0.0,0.0,0.0,0.0041257367387
SZ000722,20240614,0.0,0.0,0.0,0.0005030181087
SZ000725,20240619,0.0,0.0,0.0,0.0007246376812
SZ000726,20251023,0.0,0.0,0.0,0.1
SZ000726,20250620,0.0,0.0,0.0,0.1
SZ000726,20241219,0.0,0.0,0.0,0.05
SZ000726,20241108,0.0,0.0,0.0,0.1
SZ000726,20240619,0.0,0.0,0.0,0.0018413597734
SZ000726,20230616,0.0,0.0,0.0,0.1
SZ000726,20220623,0.0,0.0,0.0,0.07
SZ000726,20210618,0.0,0.0,0.0,0.05
SZ000726,20200709,0.0,0.0,0.0,0.1
SZ000726,20190621,0.0,0.0,0.0,0.5
SZ000726,20180627,0.0,0.0,0.0,0.5
SZ000726,20170612,0.0,0.0,0.0,0.5
SZ000726,20160623,0.0,0.0,0.0,0.5
SZ000726,20150618,0.0,0.0,0.0,0.5
SZ000726,20140523,0.0,0.0,0.0,0.38
SZ000726,20130621,0.0,0.0,0.0,0.28
SZ000726,20120627,0.0,0.0,0.0,0.28
SZ000726,20110602,0.0,0.0,0.0,0.25
SZ000726,20100701,0.0,0.0,0.0,0.25
SZ000726,20090625,0.0,0.0,0.0,0.2
SZ000726,20080507,0.0,0.0,0.0,0.2222
SZ000726,20070619,1.0,0.0,0.0,0.3718
SZ000726,20060713,0.0,0.0,0.0,0.3
SZ000726,20060612,0.07,0.0,0.0,0.0
SZ000726,20050715,0.0,0.0,0.0,0.375
SZ000726,20040528,0.0,0.0,0.0,0.375
SZ000726,20030520,0.2,0.0,0.0,0.3
SZ000726,20020708,0.3,0.0,0.0,0.318
SZ000726,20010524,0.3,0.0,0.0,0.0
SZ000728,20240530,0.0,0.0,0.0,0.0022970903522
SZ000729,20240724,0.0,0.0,0.0,0.0010427528676
SZ000731,20240617,0.0,0.0,0.0,0.0024949780059
SZ000733,20240628,0.0,0.0,0.0,0.0026618876941
SZ000735,20240618,0.0,0.0,0.0,0.0004366812227
SZ000736,20230616,0.0,0.0,0.0,0.01
SZ000736,20220630,0.0,0.0,0.0,0.04
SZ000736,20210630,0.0,0.0,0.0,0.05
SZ000736,20200618,0.3,0.0,0.0,0.11
SZ000736,20190627,0.2,0.0,0.0,0.19
SZ000736,20180622,0.5,0.0,0.0,0.52
SZ000736,20170712,0.0,0.0,0.0,0.02
SZ000736,20160603,0.0,0.0,0.0,0.02
SZ000736,20150515,0.0,0.0,0.0,0.02
SZ000736,20140509,0.0,0.0,0.0,0.02
SZ000736,20100429,0.01335,0.0,0.0,0.0
SZ000736,20090417,0.03346,0.0,0.0,0.0
SZ000736,20081205,0.4065,0.0,0.0,0.0
SZ000736,20020827,0.0,0.0,0.0,0.05
SZ000736,20001107,0.0,0.3,15.0,0.0
SZ000736,19990830,0.0,0.0,0.0,0.4
SZ000737,20240628,0.0,0.0,0.0,0.0011198208287
SZ000738,20240628,0.0,0.0,0.0,0.0008543489449
SZ000739,20240523,0.0,0.0,0.0,0.0020185261146
SZ000750,20240603,0.0,0.0,0.0,0.0012658227848
SZ000753,20240705,0.0,0.0,0.0,0.0008741258741
SZ000755,20240724,0.0,0.0,0.0,0.0010895883777
SZ000756,20250718,0.0,0.0,0.0,0.25
SZ000756,20240927,0.0,0.0,0.0,0.025
SZ000756,20240730,0.0,0.0,0.0,0.0017349063151
SZ000756,20230726,0.0,0.0,0.0,0.2
SZ000756,20220805,0.0,0.0,0.0,0.15
SZ000756,20210730,0.0,0.0,0.0,0.15
SZ000756,20200807,0.0,0.0,0.0,0.12
SZ000756,20190726,0.0,0.0,0.0,0.1
SZ000756,20180727,0.3,0.0,0.0,0.05
SZ000756,20180126,0.0,0.0,0.0,0.03
SZ000756,20160812,0.0,0.0,0.0,0.02
SZ000756,20150819,0.0,0.0,0.0,0.02
SZ000756,20140718,0.0,0.0,0.0,0.02
SZ000756,20130626,0.0,0.0,0.0,0.01
SZ000756,20120814,0.0,0.0,0.0,0.03
SZ000756,20110819,0.0,0.0,0.0,0.05
SZ000756,20100824,0.0,0.0,0.0,0.05
SZ000756,20090720,0.0,0.0,0.0,0.03
SZ000756,20080801,0.0,0.0,0.0,0.03
SZ000756,20070813,0.0,0.0,0.0,0.02
SZ000756,20060620,0.0,0.0,0.0,0.05
SZ000756,20060606,0.35,0.0,0.0,0.0
SZ000756,20040803,0.0,0.0,0.0,0.04
SZ000756,20030716,0.0,0.0,0.0,0.06
SZ000756,20020710,0.0,0.0,0.0,0.08
SZ000756,20010703,0.0,0.0,0.0,0.08
SZ000756,20000807,0.0,0.0,0.0,0.04
SZ000756,19990809,0.0,0.0,0.0,0.02
SZ000756,19980817,0.0,0.0,0.0,0.07
SZ000762,20240712,0.0,0.0,0.0,0.0005157297576
SZ000766,20010525,0.5,0.0,0.0,0.7
SZ000766,19991109,0.0,0.3,6.8,0.0
SZ000766,19970924,1.0,0.0,0.0,0.0
SZ000768,20240621,0.0,0.0,0.0,0.0004239084358
SZ000776,20251022,0.0,0.0,0.0,0.1
SZ000776,20250630,0.0,0.0,0.0,0.4
SZ000776,20241128,0.0,0.0,0.0,0.09974
SZ000776,20240703,0.0,0.0,0.0,0.0024549918167
SZ000776,20230811,0.0,0.0,0.0,0.35
SZ000776,20220713,0.0,0.0,0.0,0.5
SZ000776,20210707,0.0,0.0,0.0,0.45
SZ000776,20200805,0.0,0.0,0.0,0.35
SZ000776,20191213,0.0,0.0,0.0,0.2
SZ000776,20180815,0.0,0.0,0.0,0.4
SZ000776,20170705,0.0,0.0,0.0,0.35
SZ000776,20160824,0.0,0.0,0.0,0.8
SZ000776,20150508,0.0,0.0,0.0,0.2
SZ000776,20140709,0.0,0.0,0.0,0.2
SZ000776,20130711,0.0,0.0,0.0,0.15
SZ000776,20120705,1.0,0.0,0.0,0.5
SZ000776,20110622,0.0,0.0,0.0,0.5
SZ000776,20100507,0.0,0.0,0.0,2.0
SZ000776,20010731,0.0,0.0,0.0,0.15
SZ000776,20000606,0.5,0.0,0.0,0.0
SZ000776,19990429,0.1946,0.0,0.0,0.0
SZ000776,19990127,0.0,0.3,5.3,0.0
SZ000777,20240711,0.0,0.0,0.0,0.0012914364641
SZ000778,20240712,0.0,0.0,0.0,0.0017094017093999
SZ000779,20240725,0.0,0.0,0.0,0.0013029315960999
SZ000783,20240626,0.0,0.0,0.0,0.0024144869215
SZ000785,20240710,0.0,0.0,0.0,0.0026724137931
SZ000786,20250613,0.0,0.0,0.0,0.865
SZ000786,20240619,0.0,0.0,0.0,0.0026036794512
SZ000786,20230609,0.0,0.0,0.0,0.655
SZ000786,20220609,0.0,0.0,0.0,0.655
SZ000786,20210611,0.0,0.0,0.0,0.55
SZ000786,20200611,0.0,0.0,0.0,0.082
SZ000786,20190620,0.0,0.0,0.0,0.46
SZ000786,20180607,0.0,0.0,0.0,0.355
SZ000786,20170516,0.0,0.0,0.0,0.18
SZ000786,20160513,0.0,0.0,0.0,0.175
SZ000786,20150611,1.0,0.0,0.0,0.425
SZ000786,20140612,0.0,0.0,0.0,0.43
SZ000786,20130614,0.0,0.0,0.0,0.3177
SZ000786,20120612,0.0,0.0,0.0,0.29
SZ000786,20110622,0.0,0.0,0.0,0.165
SZ000786,20100618,0.0,0.0,0.0,0.12
SZ000786,20090609,0.0,0.0,0.0,0.065
SZ000786,20080613,0.0,0.0,0.0,0.035
SZ000786,20070622,0.0,0.0,0.0,0.08
SZ000786,20060629,0.2,0.0,0.0,0.383
SZ000786,20060606,0.0,0.0,0.0,0.07
SZ000786,20050603,0.0,0.0,0.0,0.05
SZ000786,20040604,0.0,0.0,0.0,0.08
SZ000786,20030620,0.0,0.0,0.0,0.06
SZ000786,20020607,1.0,0.0,0.0,0.1
SZ000786,20010619,0.0,0.0,0.0,0.15
SZ000786,20000818,0.0,0.3,15.0,0.0
SZ000786,20000627,0.0,0.0,0.0,0.1
SZ000786,19990526,0.5,0.0,0.0,0.0
SZ000786,19980821,0.0,0.3,9.0,0.0
SZ000786,19980616,0.0,0.0,0.0,0.1
SZ000788,20240716,0.0,0.0,0.0,0.0004868913858
SZ000789,20240530,0.0,0.0,0.0,0.0016333938294
SZ000790,20240726,0.0,0.0,0.0,0.0003012048193
SZ000791,20240516,0.0,0.0,0.0,0.0016081871344999
SZ000795,20240516,0.0,0.0,0.0,0.0004399141005
SZ000796,20231220,1.0,0.0,0.0,0.0
SZ000796,20170721,0.0,0.0,0.0,0.1
SZ000796,20060912,0.4,0.0,0.0,0.0
SZ000796,20040528,0.2,0.0,0.0,0.025
SZ000796,20030715,0.2,0.0,0.0,0.025
SZ000796,20010605,0.2,0.0,0.0,0.06
SZ000796,20000607,0.0,0.1602,10.8,0.0
SZ000796,19991207,0.3,0.0,0.0,0.0
SZ000796,19991105,0.2,0.0,0.0,0.0
SZ000796,19981201,0.2,0.0,0.0,0.0
SZ000796,19980105,0.0,0.0,0.0,0.188
SZ000797,20240621,0.0,0.0,0.0,0.0004255319149
SZ000797,20230616,0.0,0.0,0.0,0.01
SZ000797,20220630,0.0,0.0,0.0,0.01
SZ000797,20210714,0.0,0.0,0.0,0.06
SZ000797,20200717,0.0,0.0,0.0,0.05
SZ000797,20190718,0.2,0.0,0.0,0.06
SZ000797,20180801,0.3001,0.0,0.0,0.06
SZ000797,20170626,1.0,0.0,0.0,0.1
SZ000797,20160205,0.0,0.3,9.96,0.0
SZ000797,20150709,0.0,0.0,0.0,0.05
SZ000797,20140812,0.0,0.0,0.0,0.05
SZ000797,20120815,0.0,0.0,0.0,0.06
SZ000797,20090813,0.0,0.0,0.0,0.03
SZ000797,20080721,0.0,0.0,0.0,0.055
SZ000797,20070723,0.0,0.0,0.0,0.03
SZ000797,20061013,0.3,0.0,0.0,0.0
SZ000797,20020627,0.0,0.0,0.0,0.1
SZ000797,20010627,0.0,0.0,0.0,0.2
SZ000797,20000807,0.0,0.3,7.58,0.0
SZ000797,19980601,0.3,0.0,0.0,0.0
SZ000799,20240731,0.0,0.0,0.0,0.0024509803922
SZ000800,20240624,0.0,0.0,0.0,0.0018587360595
SZ000801,20240621,0.0,0.0,0.0,0.0009699321048
SZ000806,20080624,0.1,0.0,0.0,0.0
SZ000806,20060711,0.1,0.0,0.0,0.0
SZ000806,20060109,0.671,0.0,0.0,0.0
SZ000806,20060106,0.38,0.0,0.0,0.0
SZ000806,20050628,0.2,0.0,0.0,0.0
SZ000806,20040512,0.15,0.0,0.0,0.05
SZ000806,20020523,0.16,0.0,0.0,0.04
SZ000806,20010918,0.0,0.0,0.0,0.05
SZ000806,20010515,0.0,0.0,0.0,0.1
SZ000806,20000607,0.3,0.0,0.0,0.075
SZ000806,19990907,0.8,0.0,0.0,0.05
SZ000806,19990531,0.1,0.0,0.0,0.0
SZ000807,20240620,0.0,0.0,0.0,0.0016654598117
SZ000810,20240613,0.0,0.0,0.0,0.0016094420601
SZ000811,20240626,0.0,0.0,0.0,0.0010288065844
SZ000812,20240709,0.0,0.0,0.0,0.0005420054201
SZ000816,20190606,0.0,0.0,0.0,0.01
SZ000816,20160622,0.0,0.0,0.0,0.01
SZ000816,20150616,0.0,0.0,0.0,0.01
SZ000816,20140711,0.0,0.0,0.0,0.01
SZ000816,20130607,0.0,0.0,0.0,0.01
SZ000816,20120529,0.0,0.0,0.0,0.01
SZ000816,20110610,0.0,0.0,0.0,0.01
SZ000816,20110209,0.0,0.3,2.78,0.0
SZ000816,20100617,0.0,0.0,0.0,0.02
SZ000816,20090617,0.0,0.0,0.0,0.01
SZ000816,20080711,0.5,0.0,0.0,0.02
SZ000816,20070710,0.0,0.0,0.0,0.02
SZ000816,20060608,1.0,0.0,0.0,0.0
SZ000816,20060418,0.26,0.0,0.0,0.0
SZ000816,20020826,0.0,0.0,0.0,0.03
SZ000816,20010615,0.0,0.0,0.0,0.05
SZ000816,20000421,0.0,0.3,9.7,0.0
SZ000816,19980428,0.6,0.0,0.0,0.0
SZ000818,20240524,0.0,0.0,0.0,0.0002010454363
SZ000819,20240524,0.0,0.0,0.0,0.0005773672055
SZ000821,20240628,0.0,0.0,0.0,0.0007692307692
SZ000822,20240515,0.0,0.0,0.0,0.0014513788099
SZ000823,20240530,0.0,0.0,0.0,0.0012853470436999
SZ000826,20190717,0.0,0.0,0.0,0.03
SZ000826,20180529,0.4,0.0,0.0,0.4
SZ000826,20170524,0.0,0.0,0.0,0.2
SZ000826,20160628,0.0,0.0,0.0,0.15
SZ000826,20150612,0.0,0.0,0.0,0.1
SZ000826,20140527,0.3,0.0,0.0,0.1
SZ000826,20130625,0.0,0.0,0.0,0.1
SZ000826,20121231,0.0,0.3,12.71,0.0
SZ000826,20120509,0.2,0.0,0.0,0.1
SZ000826,20110517,0.0,0.0,0.0,0.1
SZ000826,20100629,0.0,0.0,0.0,0.05
SZ000826,20080926,0.8,0.0,0.0,0.045
SZ000826,20070524,0.1,0.0,0.0,0.02
SZ000826,20060210,0.25,0.0,0.0,0.0
SZ000826,19990608,0.3,0.0,0.0,0.0
SZ000826,19980819,0.0,0.0,0.0,0.1
SZ000828,20240529,0.0,0.0,0.0,0.0032565130260999
SZ000829,20240619,0.0,0.0,0.0,0.0002628811776999
SZ000830,20240606,0.0,0.0,0.0,0.0010612244898
SZ000831,20240625,0.0,0.0,0.0,0.000324017821
SZ000833,20240607,0.0,0.0,0.0,0.0009726962457
SZ000836,20180604,0.0,0.0,0.0,0.03
SZ000836,20160225,2.0,0.0,0.0,0.0
SZ000836,20130531,0.0,0.0,0.0,0.03
SZ000836,20100527,0.3,0.0,0.0,0.0
SZ000836,20090526,0.6,0.0,0.0,0.06
SZ000836,20060220,0.18227,0.0,0.0,0.0
SZ000836,20020619,0.0,0.0,0.0,0.2
SZ000836,19990728,0.0,0.3,15.0,0.0
SZ000836,19990702,0.0,0.0,0.0,0.2
SZ000848,20240530,0.0,0.0,0.0,0.0043715846995
SZ000850,20240726,0.0,0.0,0.0,0.003300330033
SZ000856,20070115,0.8,0.0,0.0,0.0
SZ000856,20010717,0.0,0.0,0.0,0.15
SZ000856,20000714,0.0,0.3,8.8,0.0
SZ000856,20000515,0.0,0.0,0.0,0.1
SZ000858,20240712,0.0,0.0,0.0,0.0035790925812
SZ000866,20050630,0.0,0.0,0.0,0.4
SZ000866,20040823,0.0,0.0,0.0,0.3
SZ000866,20010716,0.0,0.0,0.0,0.12
SZ000866,20000627,0.0,0.0,0.0,0.08
SZ000866,19990628,0.0,0.0,0.0,0.1
SZ000869,20240617,0.0,0.0,0.0,0.0021837184929
SZ000876,20250725,0.0,0.0,0.0,0.02412
SZ000876,20200619,0.0,0.0,0.0,0.15
SZ000876,20190621,0.0,0.0,0.0,0.03
SZ000876,20180713,0.0,0.0,0.0,0.15
SZ000876,20170808,0.0,0.0,0.0,0.5
SZ000876,20160628,1.0,0.0,0.0,0.55
SZ000876,20150717,0.0,0.0,0.0,0.25
SZ000876,20140612,0.0,0.0,0.0,0.25
SZ000876,20130718,0.0,0.0,0.0,0.12
SZ000876,20120718,0.0,0.0,0.0,0.17
SZ000876,20100714,0.1,0.0,0.0,0.116
SZ000876,20080704,0.2,0.0,0.0,0.012
SZ000876,20070712,0.0,0.0,0.0,0.05
SZ000876,20060808,1.0,0.0,0.0,0.06
SZ000876,20060207,0.3,0.0,0.0,0.0
SZ000876,20021111,0.3,0.0,0.0,0.025
SZ000876,20020705,0.25,0.0,0.0,0.04
SZ000876,20011120,0.0,0.0,0.0,0.2
SZ000876,20010223,0.0,0.2307,16.0,0.0
SZ000876,20000607,0.3,0.0,0.0,0.05
SZ000877,20240529,0.0,0.0,0.0,0.001875
SZ000878,20240523,0.0,0.0,0.0,0.0020311442111999
SZ000880,20240709,0.0,0.0,0.0,0.0024357239513
SZ000883,20240808,0.0,0.0,0.0,0.0017307692308
SZ000885,20240711,0.0,0.0,0.0,0.0021123218776
SZ000886,20241213,0.0,0.0,0.0,0.02
SZ000886,20240621,0.0,0.0,0.0,0.0011600928074
SZ000886,20230630,0.0,0.0,0.0,0.05
SZ000886,20220713,0.0,0.0,0.0,0.05
SZ000886,20210719,0.0,0.0,0.0,0.05
SZ000886,20201113,0.0,0.0,0.0,0.05
SZ000886,20190704,0.0,0.0,0.0,0.05
SZ000886,20180712,0.0,0.0,0.0,0.05
SZ000886,20140714,0.0,0.0,0.0,0.05
SZ000886,20110616,0.0,0.0,0.0,0.08
SZ000886,20060719,0.39,0.0,0.0,0.0
SZ000886,20010803,0.0,0.0,0.0,0.05
SZ000886,19990721,1.0,0.0,0.0,0.0
SZ000886,19980722,0.0,0.0,0.0,0.2
SZ000887,20240625,0.0,0.0,0.0,0.0016194331984
SZ000888,20240612,0.0,0.0,0.0,0.0017985611511
SZ000895,20240426,0.0,0.0,0.0,0.0025547445254999
SZ000899,20240614,0.0,0.0,0.0,0.0014463601533
SZ000900,20240613,0.0,0.0,0.0,0.0039267015707
SZ000902,20240521,0.0,0.0,0.0,0.0023400936037
SZ000905,20240617,0.0,0.0,0.0,0.001677852349
SZ000906,20250605,0.0,0.0,0.0,0.2
SZ000906,20240529,0.0,0.0,0.0,0.0043969849246
SZ000906,20230526,0.0,0.0,0.0,0.5
SZ000906,20220525,0.0,0.0,0.0,0.41
SZ000906,20210609,0.0,0.0,0.0,0.3
SZ000906,20200708,0.0,0.0,0.0,0.25
SZ000906,20190718,0.0,0.0,0.0,0.1502
SZ000906,20180613,0.2934,0.0,0.0,0.0978
SZ000906,20170602,0.3,0.0,0.0,0.05
SZ000906,20160624,0.0,0.0,0.0,0.06
SZ000906,20150605,0.0,0.0,0.0,0.08
SZ000906,20140613,0.0,0.0,0.0,0.05
SZ000906,20130709,0.0,0.0,0.0,0.05
SZ000906,20080613,0.3,0.0,0.0,0.0
SZ000906,20050719,0.0,0.0,0.0,0.01
SZ000906,20040723,0.0,0.0,0.0,0.015
SZ000906,20030521,0.0,0.0,0.0,0.02
SZ000906,20020425,0.9,0.0,0.0,0.02
SZ000906,20010419,0.0,0.0,0.0,0.02
SZ000906,20000511,0.0,0.0,0.0,0.02
SZ000910,20240515,0.0,0.0,0.0,0.0026874115983
SZ000913,20240523,0.0,0.0,0.0,0.0019910403186
SZ000915,20240516,0.0,0.0,0.0,0.0056641178137
SZ000916,20170524,0.0,0.0,0.0,0.16
SZ000916,20160624,0.0,0.0,0.0,0.08
SZ000916,20150526,0.0,0.0,0.0,0.08
SZ000916,20140530,0.0,0.0,0.0,0.08
SZ000916,20130628,0.0,0.0,0.0,0.08
SZ000916,20120726,0.0,0.0,0.0,0.08
SZ000916,20110714,0.0,0.0,0.0,0.08
SZ000916,20100610,0.0,0.0,0.0,0.08
SZ000916,20090527,0.0,0.0,0.0,0.14
SZ000916,20080606,0.0,0.0,0.0,0.16
SZ000916,20070601,0.0,0.0,0.0,0.16
SZ000916,20060626,0.0,0.0,0.0,0.16
SZ000916,20060419,0.21,0.0,0.0,0.40394
SZ000916,20060418,0.21,0.0,0.0,0.40394
SZ000916,20050624,0.0,0.0,0.0,0.16
SZ000916,20040611,0.0,0.0,0.0,0.1
SZ000916,20030613,0.0,0.0,0.0,0.15
SZ000916,20020702,0.0,0.0,0.0,0.1
SZ000916,20010608,0.0,0.0,0.0,0.1
SZ000916,20000706,0.0,0.0,0.0,0.08
SZ000917,20240730,0.0,0.0,0.0,0.0004073319756
SZ000919,20240531,0.0,0.0,0.0,0.0014409221902
SZ000920,20240619,0.0,0.0,0.0,0.0015850515464
SZ000921,20240815,0.0,0.0,0.0,0.0038812260536
SZ000922,20240604,0.0,0.0,0.0,0.0014326241135
SZ000923,20240603,0.0,0.0,0.0,0.0031152647975
SZ000926,20240708,0.0,0.0,0.0,0.0003039513678
SZ000926,20230731,0.0,0.0,0.0,0.03
SZ000926,20210723,0.0,0.0,0.0,0.05
SZ000926,20200713,0.0,0.0,0.0,0.1
SZ000926,20190717,0.0,0.0,0.0,0.1
SZ000926,20180521,0.0,0.0,0.0,0.2
SZ000926,20170511,0.0,0.0,0.0,0.25
SZ000926,20160620,0.0,0.0,0.0,0.25
SZ000926,20150603,0.0,0.0,0.0,0.1
SZ000926,20140521,0.0,0.0,0.0,0.2
SZ000926,20130710,0.0,0.0,0.0,0.15
SZ000926,20120702,0.0,0.0,0.0,0.1
SZ000926,20100422,0.0,0.0,0.0,0.1
SZ000926,20090521,0.0,0.0,0.0,0.1
SZ000926,20080522,0.0,0.0,0.0,0.1
SZ000926,20070522,0.98,0.0,0.0,0.02
SZ000926,20060809,0.0,0.0,0.0,0.2
SZ000926,20050527,0.0,0.0,0.0,0.2
SZ000926,20040729,0.0,0.0,0.0,0.1
SZ000926,20020527,0.0,0.0,0.0,0.125
SZ000926,20010601,0.0,0.0,0.0,0.125
SZ000926,20001110,0.3,0.0,0.0,0.0
SZ000926,19991110,0.0,0.0,0.0,0.125
SZ000927,20240802,0.0,0.0,0.0,0.000395256917
SZ000928,20240606,0.0,0.0,0.0,0.0041955835962
SZ000932,20240613,0.0,0.0,0.0,0.0046558704452999
SZ000933,20240516,0.0,0.0,0.0,0.0035211267606
SZ000935,20240606,0.0,0.0,0.0,0.0024753103198
SZ000936,20250925,0.0,0.0,0.0,0.02
SZ000936,20250626,0.0,0.0,0.0,0.02
SZ000936,20240926,0.0,0.0,0.0,0.02
SZ000936,20240704,0.0,0.0,0.0,0.0003514938488999
SZ000936,20230705,0.0,0.0,0.0,0.02
SZ000936,20220713,0.0,0.0,0.0,0.05
SZ000936,20210709,0.0,0.0,0.0,0.05
SZ000936,20200709,0.0,0.0,0.0,0.05
SZ000936,20190710,0.0,0.0,0.0,0.05
SZ000936,20180706,0.0,0.0,0.0,0.03
SZ000936,20170512,0.0,0.0,0.0,0.12
SZ000936,20160419,0.0,0.0,0.0,0.03
SZ000936,20150617,0.0,0.0,0.0,0.02
SZ000936,20140509,0.0,0.0,0.0,0.04
SZ000936,20130418,0.0,0.0,0.0,0.05
SZ000936,20120510,0.0,0.0,0.0,0.05
SZ000936,20110414,0.0,0.0,0.0,0.06
SZ000936,20101011,0.7,0.0,0.0,0.0
SZ000936,20100513,0.0,0.0,0.0,0.05
SZ000936,20090506,0.0,0.0,0.0,0.05
SZ000936,20080521,0.0,0.0,0.0,0.1
SZ000936,20070522,0.0,0.0,0.0,0.05
SZ000936,20060606,0.0,0.0,0.0,0.1
SZ000936,20051108,0.47,0.0,0.0,0.0
SZ000936,20050517,0.0,0.0,0.0,0.1
SZ000936,20040616,0.8,0.0,0.0,0.05
SZ000936,20030609,0.0,0.0,0.0,0.1
SZ000936,20020411,0.0,0.0,0.0,0.1
SZ000936,20010419,0.2,0.0,0.0,0.1
SZ000937,20240612,0.0,0.0,0.0,0.0075093867334
SZ000938,20240619,0.0,0.0,0.0,0.0005797101449
SZ000948,20240625,0.0,0.0,0.0,0.0009909165979
SZ000950,20240606,0.0,0.0,0.0,0.0008976660682
SZ000951,20240528,0.0,0.0,0.0,0.0028677839851
SZ000956,20050622,0.0,0.0,0.0,0.25
SZ000956,20040708,0.0,0.0,0.0,0.2
SZ000956,20030822,0.0,0.25,9.1,0.0
SZ000956,20030603,0.0,0.0,0.0,0.1
SZ000956,20020604,0.0,0.0,0.0,0.2
SZ000956,20010706,0.2,0.0,0.0,0.2
SZ000956,20000714,0.0,0.0,0.0,0.05
SZ000957,20240625,0.0,0.0,0.0,0.0003250478011
SZ000958,20240527,0.0,0.0,0.0,0.0014
SZ000959,20240717,0.0,0.0,0.0,0.0010791366906
SZ000960,20240522,0.0,0.0,0.0,0.0014882655982
SZ000963,20240528,0.0,0.0,0.0,0.0018164735359
SZ000965,20240614,0.0,0.0,0.0,0.0007067137809
SZ000966,20250715,0.0,0.0,0.0,0.072
SZ000966,20240613,0.0,0.0,0.0,0.0008008213552
SZ000966,20230620,0.0,0.0,0.0,0.014
SZ000966,20210608,0.0,0.0,0.0,0.05
SZ000966,20200709,0.0,0.0,0.0,0.16
SZ000966,20190705,0.0,0.0,0.0,0.06
SZ000966,20170622,0.0,0.0,0.0,0.09
SZ000966,20160623,1.0,0.0,0.0,0.26
SZ000966,20070613,0.0,0.0,0.0,0.11
SZ000966,20060731,0.35,0.0,0.0,0.0
SZ000966,20050531,0.0,0.0,0.0,0.1
SZ000966,20040712,0.0,0.0,0.0,0.12
SZ000966,20030627,0.0,0.0,0.0,0.07
SZ000966,20020620,0.0,0.0,0.0,0.1
SZ000966,20010615,0.2,0.0,0.0,0.2
SZ000966,20000623,0.0,0.0,0.0,0.15
SZ000967,20240716,0.0,0.0,0.0,0.0030193236714999
SZ000968,20240711,0.0,0.0,0.0,0.0028286189683999
SZ000969,20240627,0.0,0.0,0.0,0.001
SZ000970,20240618,0.0,0.0,0.0,0.0006218905473
SZ000973,20240618,0.0,0.0,0.0,0.0017539267016
SZ000975,20240510,0.0,0.0,0.0,0.0014736842105
SZ000976,20210818,0.0,0.0,0.0,0.0315
SZ000976,20060531,0.8944,0.0,0.0,0.0
SZ000976,20040708,0.0,0.0,0.0,0.1
SZ000976,20030521,0.0,0.0,0.0,0.25
SZ000976,20020522,0.0,0.0,0.0,0.03
SZ000976,20010615,0.0,0.0,0.0,0.12
SZ000976,20000713,0.8,0.0,0.0,0.015
SZ000977,20240621,0.0,0.0,0.0,0.0003456527519
SZ000983,20240712,0.0,0.0,0.0,0.008008008008
SZ000985,20240620,0.0,0.0,0.0,0.0001391035549
SZ000987,20240530,0.0,0.0,0.0,0.0030852994555
SZ000988,20240612,0.0,0.0,0.0,0.0005064145847
SZ000989,20240528,0.0,0.0,0.0,0.00513478819
SZ000990,20240529,0.0,0.0,0.0,0.0006234413965
SZ000993,20240516,0.0,0.0,0.0,0.0019175455417
SZ000996,20170707,0.5,0.0,0.0,0.03
SZ000996,20130716,0.0,0.0,0.0,0.03
SZ000996,20100519,1.0,0.0,0.0,0.0
SZ000996,20080529,1.0,0.0,0.0,0.0
SZ000996,20080421,1.0,0.0,0.0,0.0
SZ000996,20060403,0.34,0.0,0.0,0.0
SZ000996,20020724,0.0,0.0,0.0,0.03
SZ000996,20010626,0.0,0.0,0.0,0.1
SZ000997,20240730,0.0,0.0,0.0,0.0017160686426999
SZ000998,20240716,0.0,0.0,0.0,0.0005030181087
SZ000999,20240614,0.0,0.0,0.0,0.0024533856722
SZ001202,20240627,0.0,0.0,0.0,0.0026109660574
SZ001205,20240604,0.0,0.0,0.0,0.0006779661017
SZ001206,20260204,0.0,0.0,0.0,0.21896
SZ001206,20250903,0.0,0.0,0.0,0.2389
SZ001206,20250529,0.0,0.0,0.0,0.36874
SZ001206,20241219,0.0,0.0,0.0,0.22955
SZ001206,20240903,0.0,0.0,0.0,0.26721
SZ001206,20240604,0.0,0.0,0.0,0.0028248587571
SZ001206,20231220,0.0,0.0,0.0,0.25
SZ001206,20230428,0.4,0.0,0.0,0.5
SZ001206,20220915,0.4,0.0,0.0,0.0
SZ001206,20220602,0.0,0.0,0.0,0.7
SZ001206,20210924,0.0,0.0,0.0,0.8
SZ001207,20240410,0.0,0.0,0.0,0.0032573289902
SZ001208,20240613,0.0,0.0,0.0,0.0006849315067999
SZ001209,20240719,0.0,0.0,0.0,0.00078125
SZ001210,20240618,0.0,0.0,0.0,0.0003140703518
SZ001212,20240607,0.0,0.0,0.0,0.0006741573034
SZ001213,20240627,0.0,0.0,0.0,0.0014536340852
SZ001215,20240628,0.0,0.0,0.0,0.0006585788562
SZ001216,20250613,0.0,0.0,0.0,0.4
SZ001216,20240530,0.0,0.0,0.0,0.0019089574156
SZ001216,20230601,0.0,0.0,0.0,0.21
SZ001216,20220429,0.0,0.0,0.0,0.21
SZ001217,20240524,0.0,0.0,0.0,0.0009049773756
SZ001218,20240607,0.0,0.0,0.0,0.0040983606557
SZ001219,20240627,0.0,0.0,0.0,0.0018939393939
SZ001222,20240619,0.0,0.0,0.0,0.001614205004
SZ001223,20240516,0.0,0.0,0.0,0.0019267822736
SZ001225,20240422,0.0,0.0,0.0,0.0038616002471
SZ001226,20250618,0.0,0.0,0.0,0.4
SZ001226,20231130,0.0,0.0,0.0,0.4
SZ001226,20221018,0.0,0.0,0.0,0.536
SZ001227,20240711,0.0,0.0,0.0,0.0041666666667
SZ001228,20240521,0.0,0.0,0.0,0.0020547945205
SZ001229,20240628,0.0,0.0,0.0,0.0019730351858
SZ001230,20240606,0.0,0.0,0.0,0.0020266357846
SZ001231,20240826,0.0,0.0,0.0,0.0006182380216
SZ001234,20240621,0.0,0.0,0.0,0.0029325513196
SZ001236,20250808,0.0,0.0,0.0,0.01
SZ001236,20240809,0.0,0.0,0.0,5.6980057e-05
SZ001236,20230111,0.0,0.0,0.0,0.03
SZ001238,20240628,0.0,0.0,0.0,0.0003575076609
SZ001255,20240529,0.0,0.0,0.0,0.0003233082707
SZ001256,20250529,0.0,0.0,0.0,0.19895
SZ001256,20240529,0.0,0.0,0.0,0.0013577732519
SZ001256,20230615,0.0,0.0,0.0,0.17
SZ001258,20240530,0.0,0.0,0.0,0.001174743025
SZ001259,20240528,0.0,0.0,0.0,0.0017383746197
SZ001260,20240529,0.0,0.0,0.0,0.0008218277449
SZ001266,20250606,0.0,0.0,0.0,0.2989
SZ001266,20240621,0.0,0.0,0.0,0.0010266940452
SZ001266,20230609,0.0,0.0,0.0,0.2
SZ001266,20220714,0.4,0.0,0.0,0.6
SZ001267,20240530,0.0,0.0,0.0,0.0007462686567
SZ001268,20240703,0.0,0.0,0.0,0.0014880952381
SZ001269,20240617,0.0,0.0,0.0,0.0035797687947
SZ001270,20240507,0.0,0.0,0.0,0.0003728560776
SZ001278,20240711,0.0,0.0,0.0,0.0006747638327
SZ001282,20240709,0.0,0.0,0.0,0.0012566037735999
SZ001283,20240618,0.0,0.0,0.0,0.0010638297872
SZ001286,20250626,0.0,0.0,0.0,0.36
SZ001286,20250122,0.0,0.0,0.0,0.05
SZ001286,20240626,0.0,0.0,0.0,0.0030954428203
SZ001286,20230616,0.0,0.0,0.0,0.35
SZ001287,20240604,0.0,0.0,0.0,0.0004772599663
SZ001288,20240510,0.0,0.0,0.0,0.0010593220339
SZ001289,20240806,0.0,0.0,0.0,0.0013267740012
SZ001296,20251216,0.0,0.0,0.0,0.19836
SZ001296,20250704,0.0,0.0,0.0,0.19547
SZ001296,20250108,0.0,0.0,0.0,0.19547
SZ001296,20240530,0.0,0.0,0.0,0.0017467248908
SZ001296,20230616,0.0,0.0,0.0,0.1
SZ001296,20220624,0.3,0.0,0.0,0.4
SZ001298,20240529,0.0,0.0,0.0,0.0008650519031
SZ001299,20240528,0.0,0.0,0.0,0.0022222222222
SZ001301,20240619,0.0,0.0,0.0,0.001677148847
SZ001306,20250703,0.0,0.0,0.0,0.163
SZ001306,20241227,0.0,0.0,0.0,0.162
SZ001306,20240603,0.0,0.0,0.0,0.001065763384
SZ001308,20240527,0.0,0.0,0.0,0.0024580090127
SZ001309,20240426,0.0,0.0,0.0,0.0001064701065
SZ001311,20240611,0.0,0.0,0.0,0.0022905027933
SZ001313,20240619,0.0,0.0,0.0,0.0006188118811999
SZ001314,20240617,0.0,0.0,0.0,0.0008118764403
SZ001316,20250905,0.0,0.0,0.0,0.348
SZ001316,20250707,0.4,0.0,0.0,0.365
SZ001316,20240708,0.0,0.0,0.0,0.002224137931
SZ001316,20230707,0.0,0.0,0.0,0.625
SZ001317,20240611,0.0,0.0,0.0,0.0004832863471999
SZ001318,20240628,0.0,0.0,0.0,0.0015355086372
SZ001319,20240627,0.0,0.0,0.0,0.0022905364678
SZ001322,20240531,0.0,0.0,0.0,0.0014654622222
SZ001323,20240603,0.0,0.0,0.0,0.0031347962382
SZ001324,20240627,0.0,0.0,0.0,0.0006038647343
SZ001326,20250528,0.0,0.0,0.0,0.28
SZ001326,20241010,0.0,0.0,0.0,0.68
SZ001326,20240524,0.0,0.0,0.0,0.0017636684303
SZ001328,20240702,0.0,0.0,0.0,0.0025009619084
SZ001331,20240717,0.0,0.0,0.0,0.0007698229407
SZ001332,20240606,0.0,0.0,0.0,0.0019825535289
SZ001333,20240618,0.0,0.0,0.0,0.0020918070889
SZ001336,20251023,0.0,0.0,0.0,0.02981
SZ001336,20250711,0.0,0.0,0.0,0.11922
SZ001336,20241018,0.0,0.0,0.0,0.02981
SZ001336,20240703,0.0,0.0,0.0,0.0004453238434
SZ001336,20230530,0.0,0.0,0.0,0.12
SZ001337,20240517,0.0,0.0,0.0,0.0009310986965
SZ001338,20240619,0.0,0.0,0.0,0.0010009532888
SZ001339,20240527,0.0,0.0,0.0,0.0001459321416
SZ001356,20250617,0.0,0.0,0.0,0.038
SZ001358,20240424,0.0,0.0,0.0,0.0032258064516
SZ001359,20240607,0.0,0.0,0.0,0.0011015911873
SZ001360,20240521,0.0,0.0,0.0,0.0013636363636
SZ001366,20240530,0.0,0.0,0.0,0.0008333333332999
SZ001366,20230515,0.0,0.0,0.0,0.18
SZ001367,20240618,0.0,0.0,0.0,0.0013109596224
SZ001368,20240429,0.0,0.0,0.0,0.0037523452158
SZ001373,20240613,0.0,0.0,0.0,0.0007636502482
SZ001376,20250829,0.0,0.0,0.0,0.05
SZ001376,20250411,0.0,0.0,0.0,0.09961
SZ001376,20240920,0.0,0.0,0.0,0.05
SZ001376,20240417,0.0,0.0,0.0,0.0005518763797
SZ001376,20231227,0.0,0.0,0.0,0.1
SZ001378,20240529,0.0,0.0,0.0,0.0016286644951
SZ001379,20240522,0.0,0.0,0.0,0.0007980049875
SZ001380,20240513,0.0,0.0,0.0,0.0009973404255
SZ001386,20251218,0.0,0.0,0.0,0.3
SZ001387,20240603,0.0,0.0,0.0,0.0015590200445
SZ001389,20240701,0.0,0.0,0.0,0.0005584096493
SZ001696,20250617,0.0,0.0,0.0,0.2
SZ001696,20240614,0.0,0.0,0.0,0.0018896447468
SZ001696,20230621,0.0,0.0,0.0,0.25
SZ001696,20220624,0.0,0.0,0.0,0.25
SZ001696,20210622,0.0,0.0,0.0,0.3
SZ001696,20200623,0.0,0.0,0.0,0.3
SZ001696,20190628,0.0,0.0,0.0,0.23
SZ001696,20180622,0.0,0.0,0.0,0.03
SZ001696,20170714,0.0,0.0,0.0,0.03
SZ001696,20160708,0.0,0.0,0.0,0.36
SZ001696,20150529,0.0,0.0,0.0,0.03
SZ001696,20140612,0.0,0.0,0.0,0.03
SZ001696,20130614,0.0,0.0,0.0,0.05
SZ001696,20120525,0.0,0.0,0.0,0.2
SZ001696,20110414,0.0,0.0,0.0,0.4
SZ001696,20100427,0.7,0.0,0.0,0.05
SZ001696,20090430,0.3,0.0,0.0,0.2
SZ001696,20070827,1.0,0.0,0.0,0.12
SZ001696,20070529,0.0,0.0,0.0,0.02
SZ001696,20060421,0.2,0.0,0.0,0.023
SZ001696,20060125,0.3,0.0,0.0,0.0
SZ001696,20050527,0.3,0.0,0.0,0.06
SZ001696,19980427,0.6,0.0,0.0,0.0
SZ001696,19980425,0.6,0.0,0.0,0.0
SZ001696,19970625,0.3,0.0,0.0,0.325
SZ001872,20240717,0.0,0.0,0.0,0.0027397260274
SZ001896,20060726,0.0,0.0,0.0,0.8
SZ001896,20040715,0.0,0.0,0.0,0.05
SZ001896,20031209,0.0,0.0,0.0,0.07
SZ001896,20030606,0.0,0.0,0.0,0.07
SZ001896,20020619,0.0,0.0,0.0,0.1
SZ001896,20011018,0.0,0.0,0.0,0.2
SZ001896,20000622,0.0,0.0,0.0,0.2
SZ001896,20000621,0.0,0.0,0.0,0.2
SZ001896,19990723,0.0,0.0,0.0,0.35
SZ001914,20240821,0.0,0.0,0.0,0.0019122609674
SZ001965,20240730,0.0,0.0,0.0,0.0041876971609
SZ001979,20240723,0.0,0.0,0.0,0.003422459893
SZ002001,20240529,0.0,0.0,0.0,0.00233281493
SZ002003,20240523,0.0,0.0,0.0,0.0037159372419
SZ002004,20240603,0.0,0.0,0.0,0.0047516198704
SZ002006,20250704,0.0,0.0,0.0,0.14997
SZ002006,20240619,0.0,0.0,0.0,0.0010615711252999
SZ002006,20230621,0.0,0.0,0.0,0.2
SZ002006,20180607,0.0,0.0,0.0,0.02
SZ002006,20170621,0.0,0.0,0.0,0.02
SZ002006,20120516,0.5,0.0,0.0,0.1
SZ002006,20110913,1.0,0.0,0.0,0.0
SZ002006,20080515,0.5,0.0,0.0,0.0
SZ002006,20060622,0.2,0.0,0.0,0.1
SZ002006,20051028,0.35,0.0,0.0,0.0
SZ002006,20050609,0.0,0.0,0.0,0.25
SZ002007,20240614,0.0,0.0,0.0,0.0017281105990999
SZ002008,20240517,0.0,0.0,0.0,0.0009699321048
SZ002010,20240624,0.0,0.0,0.0,0.0025062656642
SZ002012,20240524,0.0,0.0,0.0,0.0007730673316999
SZ002014,20240412,0.0,0.0,0.0,0.0051740357479
SZ002015,20240611,0.0,0.0,0.0,0.0014705882353
SZ002016,20250714,0.0,0.0,0.0,0.01
SZ002016,20240806,0.0,0.0,0.0,0.0004180064309
SZ002016,20240419,0.0,0.0,0.0,0.024
SZ002016,20220719,0.0,0.0,0.0,0.3
SZ002016,20210720,0.0,0.0,0.0,0.1
SZ002016,20190603,0.0,0.0,0.0,0.5
SZ002016,20180503,0.0,0.0,0.0,0.72
SZ002016,20170601,0.0,0.0,0.0,0.38
SZ002016,20150518,0.0,0.0,0.0,0.1
SZ002016,20140612,0.0,0.0,0.0,0.08
SZ002016,20130510,0.4,0.0,0.0,0.15
SZ002016,20090514,0.2,0.0,0.0,0.0
SZ002016,20080902,1.0,0.0,0.0,0.0
SZ002016,20060612,0.0,0.0,0.0,0.05
SZ002016,20051028,0.52829,0.0,0.0,0.0
SZ002016,20051026,0.4791,0.0,0.0,0.0
SZ002016,20051025,0.52829,0.0,0.0,0.0
SZ002016,20050603,0.0,0.0,0.0,0.3
SZ002017,20240621,0.0,0.0,0.0,0.001775147929
SZ002020,20240524,0.0,0.0,0.0,0.0026086956522
SZ002023,20240613,0.0,0.0,0.0,0.0005170630817
SZ002025,20240614,0.0,0.0,0.0,0.0007739307536
SZ002026,20251204,0.0,0.0,0.0,0.05
SZ002026,20250716,0.0,0.0,0.0,0.08
SZ002026,20241216,0.0,0.0,0.0,0.06
SZ002026,20240621,0.0,0.0,0.0,0.0014580801944
SZ002026,20230613,0.0,0.0,0.0,0.05
SZ002026,20220617,0.0,0.0,0.0,0.1499
SZ002026,20210617,0.0,0.0,0.0,0.1
SZ002026,20200605,0.0,0.0,0.0,0.08
SZ002026,20190612,0.0,0.0,0.0,0.08
SZ002026,20180704,0.0,0.0,0.0,0.06
SZ002026,20170614,0.0,0.0,0.0,0.06
SZ002026,20160601,0.0,0.0,0.0,0.06
SZ002026,20150512,0.0,0.0,0.0,0.05
SZ002026,20140417,0.0,0.0,0.0,0.05
SZ002026,20130513,0.3,0.0,0.0,0.05
SZ002026,20120518,0.0,0.0,0.0,0.05
SZ002026,20110411,0.3,0.0,0.0,0.1
SZ002026,20100624,0.0,0.0,0.0,0.08
SZ002026,20090626,0.0,0.0,0.0,0.06
SZ002026,20080523,0.0,0.0,0.0,0.1
SZ002026,20070608,0.0,0.0,0.0,0.06
SZ002026,20060622,0.5,0.0,0.0,0.1
SZ002026,20051114,0.25,0.0,0.0,0.0
SZ002026,20050530,0.0,0.0,0.0,0.1
SZ002027,20240613,0.0,0.0,0.0,0.0051401869159
SZ002028,20240624,0.0,0.0,0.0,0.0005696809116999
SZ002029,20240621,0.0,0.0,0.0,0.00234375
SZ002030,20240614,0.0,0.0,0.0,0.0002546689304
SZ002032,20240528,0.0,0.0,0.0,0.004765229534
SZ002033,20240520,0.0,0.0,0.0,0.0034825870647
SZ002034,20240606,0.0,0.0,0.0,0.002084781098
SZ002035,20240626,0.0,0.0,0.0,0.0044378698225
SZ002036,20230711,0.0,0.0,0.0,0.009
SZ002036,20220711,0.0,0.0,0.0,0.011
SZ002036,20210607,0.0,0.0,0.0,0.0157
SZ002036,20200529,0.3,0.0,0.0,0.01
SZ002036,20190628,0.3,0.0,0.0,0.045
SZ002036,20180711,0.0,0.0,0.0,0.0486
SZ002036,20170613,0.0,0.0,0.0,0.0365
SZ002036,20160713,0.0,0.0,0.0,0.0306
SZ002036,20150605,0.0,0.0,0.0,0.015
SZ002036,20141030,0.0,0.3,5.0,0.0
SZ002036,20140514,0.0,0.0,0.0,0.05
SZ002036,20130710,0.0,0.0,0.0,0.05
SZ002036,20120704,0.0,0.0,0.0,0.05
SZ002036,20110520,0.0,0.0,0.0,0.05
SZ002036,20100709,0.0,0.0,0.0,0.1
SZ002036,20090508,0.5,0.0,0.0,0.1
SZ002036,20080723,0.0,0.0,0.0,0.1
SZ002036,20070418,0.2,0.0,0.0,0.2
SZ002036,20060523,0.35,0.0,0.0,0.15
SZ002036,20051115,0.35,0.0,0.0,0.0
SZ002036,20050428,0.0,0.0,0.0,0.15
SZ002038,20240704,0.0,0.0,0.0,0.0020325203252
SZ002039,20240614,0.0,0.0,0.0,0.0010399562124
SZ002040,20240701,0.0,0.0,0.0,0.0018681318680999
SZ002041,20240529,0.0,0.0,0.0,0.0003821656051
SZ002043,20240530,0.0,0.0,0.0,0.0045948203843
SZ002044,20240704,0.0,0.0,0.0,0.0004947916667
SZ002046,20250613,0.0,0.0,0.0,0.21
SZ002046,20240613,0.0,0.0,0.0,0.0017857142857
SZ002046,20230613,0.0,0.0,0.0,0.177
SZ002046,20220630,0.0,0.0,0.0,0.101
SZ002046,20210630,0.0,0.0,0.0,0.045
SZ002046,20200629,0.0,0.0,0.0,0.016
SZ002046,20190628,0.0,0.0,0.0,0.014
SZ002046,20180622,0.0,0.0,0.0,0.01
SZ002046,20170616,0.0,0.0,0.0,0.011
SZ002046,20150727,0.0,0.0,0.0,0.01
SZ002046,20140820,0.0,0.23,4.05,0.0
SZ002046,20140605,0.0,0.0,0.0,0.03
SZ002046,20130614,0.0,0.0,0.0,0.05
SZ002046,20120627,1.0,0.0,0.0,0.1
SZ002046,20120313,0.0,0.3,12.5,0.0
SZ002046,20110531,0.0,0.0,0.0,0.133
SZ002046,20100609,0.0,0.0,0.0,0.1
SZ002046,20091112,0.0,0.0,0.0,0.086
SZ002046,20080611,0.0,0.0,0.0,0.1
SZ002046,20070528,0.25,0.0,0.0,0.1
SZ002046,20060529,0.2,0.0,0.0,0.12
SZ002046,20051110,0.3,0.0,0.0,0.0
SZ002048,20240607,0.0,0.0,0.0,0.0045337159254
SZ002049,20240624,0.0,0.0,0.0,0.0011867364747
SZ002050,20240613,0.0,0.0,0.0,0.0010504201681
SZ002051,20240621,0.0,0.0,0.0,0.0017482517483
SZ002053,20240531,0.0,0.0,0.0,0.0012326656394
SZ002054,20240515,0.0,0.0,0.0,0.0011764705882
SZ002056,20250930,0.0,0.0,0.0,0.37407
SZ002056,20250530,0.0,0.0,0.0,0.44514
SZ002056,20240516,0.0,0.0,0.0,0.0027140076869
SZ002056,20230519,0.0,0.0,0.0,0.362
SZ002056,20220520,0.0,0.0,0.0,0.2416
SZ002056,20210521,0.0,0.0,0.0,0.218
SZ002056,20200515,0.0,0.0,0.0,0.1485
SZ002056,20190523,0.0,0.0,0.0,0.1491
SZ002056,20180504,0.0,0.0,0.0,0.1
SZ002056,20170426,1.0,0.0,0.0,0.06
SZ002056,20160506,1.0,0.0,0.0,0.2
SZ002056,20150618,0.0,0.0,0.0,0.28
SZ002056,20140605,0.0,0.0,0.0,0.1
SZ002056,20120524,0.0,0.0,0.0,0.02
SZ002056,20110506,0.0,0.0,0.0,0.07
SZ002056,20100519,0.0,0.0,0.0,0.07
SZ002056,20090611,0.0,0.0,0.0,0.05
SZ002056,20080506,1.0,0.0,0.0,0.0
SZ002056,20070516,0.0,0.0,0.0,0.3
SZ002057,20240626,0.0,0.0,0.0,0.0025746799431
SZ002060,20240607,0.0,0.0,0.0,0.003875
SZ002061,20240605,0.0,0.0,0.0,0.0031806615775999
SZ002062,20240517,0.0,0.0,0.0,0.002331002331
SZ002063,20240710,0.0,0.0,0.0,0.0005019305019
SZ002064,20240705,0.0,0.0,0.0,0.0021216407355
SZ002065,20240709,0.0,0.0,0.0,0.0011441647597
SZ002066,20250627,0.0,0.0,0.0,0.15
SZ002066,20240529,0.0,0.0,0.0,0.0011049723757
SZ002066,20230607,0.0,0.0,0.0,0.08
SZ002066,20130607,0.0,0.0,0.0,0.05
SZ002066,20120524,1.0,0.0,0.0,0.15
SZ002066,20110615,0.0,0.0,0.0,0.15
SZ002066,20100625,0.0,0.0,0.0,0.12
SZ002066,20090429,0.0,0.0,0.0,0.1
SZ002066,20080415,0.5,0.0,0.0,0.0
SZ002066,20070612,0.0,0.0,0.0,0.1
SZ002067,20240717,0.0,0.0,0.0,0.0009157509158
SZ002073,20240607,0.0,0.0,0.0,0.0013404825736999
SZ002074,20240621,0.0,0.0,0.0,0.0005063291139
SZ002075,20240626,0.0,0.0,0.0,0.0013054830287
SZ002076,20221221,0.4588,0.0,0.0,0.0
SZ002076,20170601,1.0,0.0,0.0,0.03
SZ002076,20160506,0.0,0.0,0.0,0.07
SZ002076,20150513,0.5,0.0,0.0,0.08
SZ002076,20140613,0.0,0.0,0.0,0.05
SZ002076,20130628,0.0,0.0,0.0,0.15
SZ002076,20120509,0.0,0.0,0.0,0.1
SZ002076,20110527,0.0,0.0,0.0,0.1
SZ002076,20070423,0.8,0.0,0.0,0.1
SZ002078,20240712,0.0,0.0,0.0,0.0020505809979
SZ002079,20240708,0.0,0.0,0.0,0.0004606060605999
SZ002080,20240531,0.0,0.0,0.0,0.0035353535354
SZ002081,20240606,0.0,0.0,0.0,0.0030395136778
SZ002082,20240711,0.0,0.0,0.0,0.0019512195122
SZ002083,20240521,0.0,0.0,0.0,0.0020161290323
SZ002084,20240626,0.0,0.0,0.0,0.0012328852459
SZ002085,20240603,0.0,0.0,0.0,0.0010006671114
SZ002086,20160601,1.0,0.0,0.0,0.056
SZ002086,20120627,0.0,0.0,0.0,0.2
SZ002086,20090608,1.0,0.0,0.0,0.06
SZ002086,20070718,0.0,0.0,0.0,0.1
SZ002088,20240614,0.0,0.0,0.0,0.0058266569556
SZ002090,20240627,0.0,0.0,0.0,0.0005966587112
SZ002091,20240620,0.0,0.0,0.0,0.0041039671683
SZ002093,20240523,0.0,0.0,0.0,0.0007256894049
SZ002095,20240621,0.0,0.0,0.0,0.0004091653028
SZ002096,20250728,0.0,0.0,0.0,0.23
SZ002096,20240517,0.0,0.0,0.0,0.0015332834705
SZ002096,20230630,0.0,0.0,0.0,0.03
SZ002096,20220713,0.0,0.0,0.0,0.03
SZ002096,20210714,0.0,0.0,0.0,0.02
SZ002096,20200710,0.0,0.0,0.0,0.02
SZ002096,20190614,0.0,0.0,0.0,0.02
SZ002096,20180706,0.0,0.0,0.0,0.02
SZ002096,20170616,0.0,0.0,0.0,0.04
SZ002096,20160624,0.0,0.0,0.0,0.04
SZ002096,20150625,0.0,0.0,0.0,0.12
SZ002096,20140620,0.0,0.0,0.0,0.1
SZ002096,20130708,0.0,0.0,0.0,0.06
SZ002096,20120615,1.0,0.0,0.0,0.15
SZ002096,20110616,0.0,0.0,0.0,0.15
SZ002096,20100430,0.0,0.0,0.0,0.3
SZ002096,20090515,0.5,0.0,0.0,0.28
SZ002096,20080521,0.5,0.0,0.0,0.3
SZ002096,20070406,0.0,0.0,0.0,0.3
SZ002097,20240717,0.0,0.0,0.0,0.0008488964345999
SZ002098,20240705,0.0,0.0,0.0,0.0020676691729
SZ002101,20240704,0.0,0.0,0.0,0.0030505243089
SZ002104,20240729,0.0,0.0,0.0,0.0025242718447
SZ002105,20240618,0.0,0.0,0.0,0.0007125890736
SZ002106,20250619,0.0,0.0,0.0,0.1
SZ002106,20240620,0.0,0.0,0.0,0.0023062730627
SZ002106,20230609,0.0,0.0,0.0,0.2
SZ002106,20220505,0.0,0.0,0.0,0.1
SZ002106,20210611,0.0,0.0,0.0,0.15
SZ002106,20200630,0.0,0.0,0.0,0.1
SZ002106,20190606,0.0,0.0,0.0,0.1
SZ002106,20180615,0.0,0.0,0.0,0.1
SZ002106,20170616,0.0,0.0,0.0,0.1
SZ002106,20150615,0.0,0.0,0.0,0.02
SZ002106,20140618,0.0,0.0,0.0,0.1
SZ002106,20130606,0.0,0.0,0.0,0.15
SZ002106,20120523,0.0,0.0,0.0,0.15
SZ002106,20110523,0.4,0.0,0.0,0.2
SZ002106,20100514,0.3,0.0,0.0,0.2
SZ002106,20090527,0.0,0.0,0.0,0.4
SZ002106,20080513,0.3,0.0,0.0,0.5
SZ002106,20070515,0.3,0.0,0.0,0.6
SZ002107,20240524,0.0,0.0,0.0,0.0051975051975
SZ002108,20240527,0.0,0.0,0.0,0.0027700831025
SZ002111,20240712,0.0,0.0,0.0,0.0009099181074
SZ002112,20240621,0.0,0.0,0.0,0.0003374578178
SZ002116,20250626,0.0,0.0,0.0,0.30938
SZ002116,20240628,0.0,0.0,0.0,0.0027340647858
SZ002116,20230529,0.0,0.0,0.0,0.1854
SZ002116,20220624,0.0,0.0,0.0,0.1433
SZ002116,20210623,0.0,0.0,0.0,0.0838
SZ002116,20200630,0.0,0.0,0.0,0.0671
SZ002116,20190628,0.0,0.0,0.0,0.25
SZ002116,20180615,0.0,0.0,0.0,0.22
SZ002116,20170629,0.0,0.0,0.0,0.2
SZ002116,20160729,0.0,0.0,0.0,0.3
SZ002116,20150611,0.3,0.0,0.0,0.2
SZ002116,20140627,0.496,0.0,0.0,0.2678
SZ002116,20130626,0.0,0.0,0.0,0.23
SZ002116,20120621,0.8,0.0,0.0,0.35
SZ002116,20110628,0.0,0.0,0.0,0.32
SZ002116,20100628,0.0,0.0,0.0,0.3
SZ002116,20090428,0.0,0.0,0.0,0.26
SZ002116,20080623,0.0,0.0,0.0,0.21
SZ002116,20070626,0.0,0.0,0.0,0.16
SZ002117,20240516,0.0,0.0,0.0,0.0032540675845
SZ002119,20240619,0.0,0.0,0.0,0.0002341920375
SZ002120,20240607,0.0,0.0,0.0,0.0019406392694
SZ002125,20240607,0.0,0.0,0.0,0.0015789473684
SZ002126,20250610,0.0,0.0,0.0,0.11907
SZ002126,20240520,0.0,0.0,0.0,0.0005425935974
SZ002126,20230704,0.0,0.0,0.0,0.08
SZ002126,20220627,0.0,0.0,0.0,0.08
SZ002126,20210518,0.0,0.0,0.0,0.08
SZ002126,20200623,0.0,0.0,0.0,0.08
SZ002126,20190618,0.0,0.0,0.0,0.05
SZ002126,20180521,0.0,0.0,0.0,0.04
SZ002126,20170516,0.0,0.0,0.0,0.038
SZ002126,20160617,1.0,0.0,0.0,0.06
SZ002126,20150618,0.0,0.0,0.0,0.05
SZ002126,20140530,0.0,0.0,0.0,0.035
SZ002126,20130626,0.0,0.0,0.0,0.03
SZ002126,20120612,1.0,0.0,0.0,0.05
SZ002126,20110512,0.3,0.0,0.0,0.08
SZ002126,20100629,0.0,0.0,0.0,0.05
SZ002126,20090703,0.0,0.0,0.0,0.12
SZ002126,20080627,0.0,0.0,0.0,0.068
SZ002127,20240530,0.0,0.0,0.0,0.0026845637584
SZ002128,20240529,0.0,0.0,0.0,0.0029655473179
SZ002129,20240709,0.0,0.0,0.0,0.003205918619
SZ002130,20240529,0.0,0.0,0.0,0.0012408759124
SZ002131,20240605,0.0,0.0,0.0,0.0017964071856
SZ002133,20240705,0.0,0.0,0.0,0.0022026431718
SZ002135,20240530,0.0,0.0,0.0,0.0021645021645
SZ002136,20240614,0.0,0.0,0.0,0.0010298661174
SZ002136,20230519,0.0,0.0,0.0,0.2
SZ002136,20220520,0.0,0.0,0.0,0.15
SZ002136,20210519,0.0,0.0,0.0,0.1
SZ002136,20200429,0.0,0.0,0.0,0.05
SZ002136,20190605,0.0,0.0,0.0,0.1
SZ002136,20180601,0.0,0.0,0.0,0.1
SZ002136,20120426,0.0,0.0,0.0,0.1
SZ002136,20110926,1.0,0.0,0.0,0.0
SZ002138,20240329,0.0,0.0,0.0,0.0011583011582999
SZ002139,20240510,0.0,0.0,0.0,0.0005730659025999
SZ002140,20240626,0.0,0.0,0.0,0.0014193548387
SZ002142,20240710,0.0,0.0,0.0,0.0027649769585
SZ002144,20240620,0.0,0.0,0.0,0.0017523364486
SZ002145,20240521,0.0,0.0,0.0,0.0011377657658
SZ002146,20210723,0.0,0.0,0.0,0.35
SZ002146,20200717,0.0,0.0,0.0,0.48
SZ002146,20190712,0.0,0.0,0.0,0.45
SZ002146,20180704,0.0,0.0,0.0,0.42
SZ002146,20170629,0.0,0.0,0.0,0.4
SZ002146,20160624,0.0,0.0,0.0,0.25
SZ002146,20150610,1.0,0.0,0.0,0.2
SZ002146,20140605,0.0,0.0,0.0,0.2
SZ002146,20130530,0.0,0.0,0.0,0.15
SZ002146,20120608,0.0,0.0,0.0,0.12
SZ002146,20110531,0.3,0.0,0.0,0.1
SZ002146,20100526,0.6,0.0,0.0,0.1
SZ002146,20090610,0.0,0.0,0.0,0.1
SZ002146,20080418,1.0,0.0,0.0,0.1
SZ002148,20240523,0.0,0.0,0.0,0.0002835538752
SZ002149,20240624,0.0,0.0,0.0,0.0010504201681
SZ002150,20240619,0.0,0.0,0.0,0.0005113221329
SZ002151,20240531,0.0,0.0,0.0,0.0005603287262
SZ002152,20240530,0.0,0.0,0.0,0.0018281535649
SZ002153,20240613,0.0,0.0,0.0,0.0001572327044
SZ002154,20240516,0.0,0.0,0.0,0.004215851602
SZ002155,20240614,0.0,0.0,0.0,0.0007523148148
SZ002156,20250617,0.0,0.0,0.0,0.045
SZ002156,20240625,0.0,0.0,0.0,5.25394046e-05
SZ002156,20230530,0.0,0.0,0.0,0.097
SZ002156,20210623,0.0,0.0,0.0,0.026
SZ002156,20190516,0.0,0.0,0.0,0.038
SZ002156,20160531,0.3,0.0,0.0,0.03
SZ002156,20151029,0.0,0.0,0.0,0.03
SZ002156,20140529,0.0,0.0,0.0,0.02
SZ002156,20130626,0.0,0.0,0.0,0.02
SZ002156,20121019,0.0,0.0,0.0,0.015
SZ002156,20110429,0.6,0.0,0.0,0.0
SZ002156,20100611,0.0,0.0,0.0,0.1
SZ002156,20090522,0.3,0.0,0.0,0.0
SZ002156,20080530,0.0,0.0,0.0,0.1
SZ002158,20240607,0.0,0.0,0.0,0.0031436314362999
SZ002159,20240712,0.0,0.0,0.0,0.0016641452344999
SZ002161,20240520,0.0,0.0,0.0,0.0003571428571
SZ002165,20240611,0.0,0.0,0.0,0.0020172910663
SZ002166,20250609,0.0,0.0,0.0,0.09794
SZ002166,20240603,0.0,0.0,0.0,0.0025773195876
SZ002166,20230512,0.0,0.0,0.0,0.1
SZ002166,20210525,0.0,0.0,0.0,0.05
SZ002166,20200623,0.0,0.0,0.0,0.05
SZ002166,20190619,0.0,0.0,0.0,0.05
SZ002166,20190417,0.0,0.3,3.77,0.0
SZ002166,20180613,0.0,0.0,0.0,0.05
SZ002166,20160426,0.0,0.0,0.0,0.05
SZ002166,20151020,2.0,0.0,0.0,0.05
SZ002166,20100513,1.0,0.0,0.0,0.03
SZ002169,20240711,0.0,0.0,0.0,0.0023474178403999
SZ002170,20240710,0.0,0.0,0.0,0.0025167785235
SZ002171,20240618,0.0,0.0,0.0,0.0021613832853
SZ002174,20240802,0.0,0.0,0.0,0.0006510416667
SZ002176,20180525,0.0,0.0,0.0,0.02
SZ002176,20170627,0.0,0.0,0.0,0.014
SZ002176,20150925,1.2,0.0,0.0,0.01
SZ002176,20150520,0.0,0.0,0.0,0.01
SZ002176,20140512,0.0,0.0,0.0,0.0159
SZ002176,20130708,0.0,0.0,0.0,0.012
SZ002176,20120528,1.0,0.0,0.0,0.03
SZ002176,20110225,0.8,0.0,0.0,0.035
SZ002176,20100611,0.0,0.0,0.0,0.035
SZ002176,20090611,0.0,0.0,0.0,0.03
SZ002176,20080919,0.6,0.0,0.0,0.0
SZ002176,20080528,0.0,0.0,0.0,0.15
SZ002177,20240710,0.0,0.0,0.0,0.0004545454545
SZ002179,20240521,0.0,0.0,0.0,0.001610738255
SZ002181,20240822,0.0,0.0,0.0,0.0016666666667
SZ002182,20240614,0.0,0.0,0.0,0.0007274762171
SZ002183,20240628,0.0,0.0,0.0,0.0004240282685999
SZ002184,20240802,0.0,0.0,0.0,0.0011402508552
SZ002185,20240620,0.0,0.0,0.0,0.0002588235294
SZ002186,20200624,0.0,0.0,0.0,0.06
SZ002186,20190606,0.0,0.0,0.0,0.18
SZ002186,20180608,0.0,0.0,0.0,0.26
SZ002186,20170609,0.0,0.0,0.0,0.24
SZ002186,20160608,0.0,0.0,0.0,0.22
SZ002186,20150610,0.0,0.0,0.0,0.202
SZ002186,20140530,0.0,0.0,0.0,0.22
SZ002186,20130604,1.0,0.0,0.0,0.5
SZ002186,20120529,0.0,0.0,0.0,0.6
SZ002186,20110603,0.0,0.0,0.0,0.5
SZ002186,20100526,0.0,0.0,0.0,0.49
SZ002186,20090527,0.0,0.0,0.0,0.44
SZ002186,20080613,0.0,0.0,0.0,0.36
SZ002187,20240612,0.0,0.0,0.0,0.0006787330317
SZ002190,20240621,0.0,0.0,0.0,8.39748076e-05
SZ002191,20240813,0.0,0.0,0.0,0.0075376884421999
SZ002192,20240621,0.0,0.0,0.0,0.0009715025906999
SZ002194,20240509,0.0,0.0,0.0,0.0013086150491
SZ002195,20240524,0.0,0.0,0.0,0.0003623188406
SZ002196,20180713,0.0,0.0,0.0,0.05
SZ002196,20170609,0.7,0.0,0.0,0.05
SZ002196,20160505,0.0,0.0,0.0,0.1
SZ002196,20150715,0.0,0.0,0.0,0.1
SZ002196,20140425,0.0,0.0,0.0,0.1
SZ002196,20130607,0.0,0.0,0.0,0.15
SZ002196,20120508,0.0,0.0,0.0,0.15
SZ002196,20110426,0.5,0.0,0.0,0.15
SZ002196,20100604,0.0,0.0,0.0,0.1
SZ002196,20090522,0.0,0.0,0.0,0.12
SZ002196,20080528,0.0,0.0,0.0,0.3
SZ002198,20240621,0.0,0.0,0.0,0.0007052186178
SZ002201,20240726,0.0,0.0,0.0,0.000117370892
SZ002202,20240816,0.0,0.0,0.0,0.0012987012987
SZ002203,20240717,0.0,0.0,0.0,0.0020910209102
SZ002204,20240607,0.0,0.0,0.0,0.000799086758
SZ002206,20250523,0.0,0.0,0.0,0.1746
SZ002206,20240531,0.0,0.0,0.0,0.003355704698
SZ002206,20230505,0.0,0.0,0.0,0.15
SZ002206,20220526,0.0,0.0,0.0,0.1
SZ002206,20210430,0.0,0.0,0.0,0.2
SZ002206,20200703,0.0,0.0,0.0,0.1
SZ002206,20190513,0.0,0.0,0.0,0.2
SZ002206,20180905,0.0,0.0,0.0,0.2
SZ002206,20170510,1.5,0.0,0.0,0.5
SZ002206,20160524,0.0,0.0,0.0,0.42
SZ002206,20150317,0.0,0.0,0.0,0.3
SZ002206,20140416,0.0,0.0,0.0,0.22
SZ002206,20130528,0.0,0.0,0.0,0.17
SZ002206,20120524,0.0,0.0,0.0,0.4
SZ002206,20110518,0.5,0.0,0.0,0.33
SZ002206,20100525,1.0,0.0,0.0,0.3
SZ002206,20090520,0.0,0.0,0.0,0.22
SZ002206,20080513,0.0,0.0,0.0,0.2
SZ002208,20240716,0.0,0.0,0.0,0.0020190023753
SZ002209,20240628,0.0,0.0,0.0,0.0003191489362
SZ002214,20240603,0.0,0.0,0.0,0.0004147580778999
SZ002215,20240607,0.0,0.0,0.0,0.0019011406844
SZ002216,20250611,0.0,0.0,0.0,0.3
SZ002216,20240607,0.0,0.0,0.0,0.0041152263374
SZ002216,20230607,0.0,0.0,0.0,0.35
SZ002216,20220527,0.0,0.0,0.0,0.2
SZ002216,20210519,0.1,0.0,0.0,0.6
SZ002216,20200528,0.0,0.0,0.0,0.06
SZ002216,20190619,0.0,0.0,0.0,0.03
SZ002216,20180627,0.0,0.0,0.0,0.02
SZ002216,20170607,0.0,0.0,0.0,0.01
SZ002216,20160531,0.0,0.0,0.0,0.013
SZ002216,20150428,1.0,0.0,0.0,0.03
SZ002216,20140606,0.0,0.0,0.0,0.05
SZ002216,20130411,1.0,0.0,0.0,0.2
SZ002216,20120613,0.0,0.0,0.0,0.1
SZ002216,20110512,0.0,0.0,0.0,0.2
SZ002216,20100609,0.0,0.0,0.0,0.2
SZ002216,20090605,1.0,0.0,0.0,0.2
SZ002218,20240709,0.0,0.0,0.0,0.0007326007326
SZ002222,20240628,0.0,0.0,0.0,0.0004106776181
SZ002223,20240529,0.0,0.0,0.0,0.0020125786164
SZ002224,20240619,0.0,0.0,0.0,0.0007425742574
SZ002225,20240620,0.0,0.0,0.0,0.0018617021277
SZ002226,20250626,0.0,0.0,0.0,0.065
SZ002226,20241023,0.0,0.0,0.0,0.01
SZ002226,20240606,0.0,0.0,0.0,0.0012738853503
SZ002226,20230614,0.0,0.0,0.0,0.06
SZ002226,20220616,0.0,0.0,0.0,0.06
SZ002226,20210525,0.4,0.0,0.0,0.055
SZ002226,20200714,0.0,0.0,0.0,0.05
SZ002226,20180427,0.0,0.0,0.0,0.065
SZ002226,20170608,0.0,0.0,0.0,0.055
SZ002226,20150528,1.0,0.0,0.0,0.45
SZ002226,20140605,0.0,0.0,0.0,0.4
SZ002226,20130510,0.0,0.0,0.0,0.3
SZ002226,20120627,0.0,0.0,0.0,0.2
SZ002226,20110926,0.5,0.0,0.0,0.6
SZ002226,20100419,1.0,0.0,0.0,0.0
SZ002226,20090527,0.3,0.0,0.0,0.1
SZ002228,20240606,0.0,0.0,0.0,0.0045801526718
SZ002230,20240705,0.0,0.0,0.0,0.0002432498176
SZ002232,20240531,0.0,0.0,0.0,8.39630563e-05
SZ002233,20240430,0.0,0.0,0.0,0.006518904824
SZ002236,20251209,0.0,0.0,0.0,0.18296
SZ002236,20250430,0.0,0.0,0.0,0.45525
SZ002236,20240920,0.0,0.0,0.0,0.18289
SZ002236,20240522,0.0,0.0,0.0,0.0021460674157
SZ002236,20231116,0.0,0.0,0.0,0.3101
SZ002236,20230606,0.0,0.0,0.0,0.241
SZ002236,20220601,0.0,0.0,0.0,0.27
SZ002236,20210512,0.0,0.0,0.0,0.268
SZ002236,20200522,0.0,0.0,0.0,0.133
SZ002236,20190419,0.0,0.0,0.0,0.1
SZ002236,20180511,0.0,0.0,0.0,0.2
SZ002236,20170608,0.0,0.0,0.0,0.1
SZ002236,20160427,1.5,0.0,0.0,0.2
SZ002236,20150522,0.0,0.0,0.0,0.1
SZ002236,20140522,0.0,0.0,0.0,0.0979
SZ002236,20130416,1.0,0.0,0.0,0.16
SZ002236,20120529,1.0,0.0,0.0,0.25
SZ002236,20110608,1.0,0.0,0.0,0.5
SZ002236,20100507,1.0,0.0,0.0,0.6
SZ002236,20090513,0.0,0.0,0.0,0.225
SZ002237,20240612,0.0,0.0,0.0,0.0011440491525
SZ002238,20240620,0.0,0.0,0.0,0.0011976047904
SZ002239,20240705,0.0,0.0,0.0,0.0003695652174
SZ002240,20240426,0.0,0.0,0.0,0.001378518093
SZ002241,20240531,0.0,0.0,0.0,0.0005803830528
SZ002242,20240523,0.0,0.0,0.0,0.0012175324675
SZ002243,20240607,0.0,0.0,0.0,0.001724137931
SZ002244,20240816,0.0,0.0,0.0,0.0010948905109
SZ002245,20240607,0.0,0.0,0.0,0.0001940491591
SZ002246,20260204,0.0,0.0,0.0,0.025
SZ002246,20250703,0.0,0.0,0.0,0.02
SZ002246,20250123,0.0,0.0,0.0,0.02
SZ002246,20240709,0.0,0.0,0.0,0.0006305170239999
SZ002246,20230711,0.0,0.0,0.0,0.05
SZ002246,20220713,0.0,0.0,0.0,0.045
SZ002246,20210709,0.0,0.0,0.0,0.04
SZ002246,20200608,0.0,0.0,0.0,0.055
SZ002246,20190705,0.0,0.0,0.0,0.055
SZ002246,20180709,0.0,0.0,0.0,0.04
SZ002246,20170616,0.0,0.0,0.0,0.025
SZ002246,20160617,0.0,0.0,0.0,0.02
SZ002246,20150619,0.0,0.0,0.0,0.03
SZ002246,20140606,0.5,0.0,0.0,0.05
SZ002246,20131029,0.0,0.0,0.0,0.03
SZ002246,20120614,0.0,0.0,0.0,0.05
SZ002246,20110623,0.0,0.0,0.0,0.3
SZ002246,20100709,0.0,0.0,0.0,0.05
SZ002246,20090604,0.0,0.0,0.0,0.06
SZ002249,20240627,0.0,0.0,0.0,0.0026915113872
SZ002250,20240712,0.0,0.0,0.0,0.000404040404
SZ002252,20240605,0.0,0.0,0.0,0.0004237288136
SZ002254,20240606,0.0,0.0,0.0,0.0028790786948
SZ002256,20180427,0.0,0.0,0.0,0.075
SZ002256,20170516,0.0,0.0,0.0,0.05
SZ002256,20160927,3.0,0.0,0.0,0.0
SZ002256,20150413,0.0,0.0,0.0,0.06
SZ002256,20140528,0.0,0.0,0.0,0.035
SZ002256,20130618,0.0,0.0,0.0,0.02
SZ002256,20120530,0.5,0.0,0.0,0.06
SZ002256,20100517,0.5,0.0,0.0,0.0
SZ002256,20090519,0.6,0.0,0.0,0.3
SZ002262,20240515,0.0,0.0,0.0,0.0012960712839
SZ002266,20250618,0.0,0.0,0.0,0.04948
SZ002266,20240618,0.0,0.0,0.0,0.0016835016835
SZ002266,20230613,0.0,0.0,0.0,0.06
SZ002266,20220613,0.0,0.0,0.0,0.08
SZ002266,20210617,0.0,0.0,0.0,0.04
SZ002266,20201113,0.0,0.0,0.0,0.01
SZ002266,20190710,0.0,0.0,0.0,0.01
SZ002266,20180711,0.0,0.0,0.0,0.01
SZ002266,20170712,0.0,0.0,0.0,0.01
SZ002266,20160715,0.0,0.0,0.0,0.01
SZ002266,20150703,0.3,0.0,0.0,0.015
SZ002266,20141104,0.0,0.0,0.0,0.01
SZ002266,20130916,1.009,0.0,0.0,0.0504
SZ002266,20120612,1.0,0.0,0.0,0.13
SZ002266,20110621,1.0,0.0,0.0,0.23
SZ002266,20100601,0.0,0.0,0.0,0.23
SZ002266,20090416,0.0,0.0,0.0,0.23
SZ002267,20240717,0.0,0.0,0.0,0.00375
SZ002268,20240719,0.0,0.0,0.0,0.0004716981132
SZ002270,20240527,0.0,0.0,0.0,0.0025833724753
SZ002271,20240522,0.0,0.0,0.0,0.0034762456546999
SZ002272,20240716,0.0,0.0,0.0,0.0011709601874
SZ002273,20240423,0.0,0.0,0.0,0.0022900763359
SZ002274,20240531,0.0,0.0,0.0,0.0036945812808
SZ002275,20240529,0.0,0.0,0.0,0.0021489971347
SZ002276,20250527,0.0,0.0,0.0,0.05
SZ002276,20240523,0.0,0.0,0.0,0.0006586826347
SZ002276,20230616,0.0,0.0,0.0,0.048
SZ002276,20220520,0.0,0.0,0.0,0.037
SZ002276,20210604,0.0,0.0,0.0,0.035
SZ002276,20200619,0.0,0.0,0.0,0.035
SZ002276,20190621,0.0,0.0,0.0,0.02
SZ002276,20170921,0.0,0.0,0.0,0.1
SZ002276,20160628,0.0,0.0,0.0,0.1
SZ002276,20150630,0.0,0.0,0.0,0.05
SZ002276,20140606,0.0,0.0,0.0,0.05
SZ002276,20130329,0.0,0.0,0.0,0.05
SZ002276,20120328,0.8,0.0,0.0,0.1
SZ002276,20100407,1.0,0.0,0.0,0.1
SZ002277,20240530,0.0,0.0,0.0,0.0004382470119999
SZ002278,20240624,0.0,0.0,0.0,0.0012165450122
SZ002281,20240712,0.0,0.0,0.0,0.0006324110671999
SZ002282,20240605,0.0,0.0,0.0,0.0022741600587
SZ002283,20240426,0.0,0.0,0.0,0.0044315992293
SZ002284,20240522,0.0,0.0,0.0,0.001312335958
SZ002286,20250703,0.0,0.0,0.0,0.06
SZ002286,20241210,0.0,0.0,0.0,0.035
SZ002286,20240308,0.0,0.0,0.0,0.0013745704467
SZ002286,20230620,0.0,0.0,0.0,0.08
SZ002286,20220627,0.0,0.0,0.0,0.06
SZ002286,20210603,0.0,0.0,0.0,0.06
SZ002286,20200630,0.0,0.0,0.0,0.03
SZ002286,20190717,0.0,0.0,0.0,0.03
SZ002286,20180531,0.0,0.0,0.0,0.09
SZ002286,20170717,0.0,0.0,0.0,0.08
SZ002286,20160412,0.0,0.0,0.0,0.06
SZ002286,20150624,0.0,0.0,0.0,0.03
SZ002286,20140609,1.0,0.0,0.0,0.05
SZ002286,20130604,0.0,0.0,0.0,0.15
SZ002286,20120530,0.3,0.0,0.0,0.1
SZ002286,20100603,0.3,0.0,0.0,0.05
SZ002287,20240704,0.0,0.0,0.0,0.0024452368823
SZ002293,20240617,0.0,0.0,0.0,0.0044943820225
SZ002294,20240619,0.0,0.0,0.0,0.0017889087657
SZ002295,20240726,0.0,0.0,0.0,0.0010162601626
SZ002296,20250527,0.0,0.0,0.0,0.2
SZ002296,20240530,0.0,0.0,0.0,0.0009861932939
SZ002296,20200610,0.0,0.0,0.0,0.05
SZ002296,20170518,0.0,0.0,0.0,0.01
SZ002296,20160511,0.0,0.0,0.0,0.03
SZ002296,20150709,0.0,0.0,0.0,0.03
SZ002296,20141028,0.7,0.0,0.0,0.0
SZ002296,20140424,0.0,0.0,0.0,0.28
SZ002296,20120516,0.0,0.0,0.0,0.15
SZ002296,20110513,0.7,0.0,0.0,0.35
SZ002296,20100401,0.7,0.0,0.0,0.7
SZ002299,20240426,0.0,0.0,0.0,0.0019243104553999
SZ002300,20240704,0.0,0.0,0.0,0.0030476190476
SZ002301,20240528,0.0,0.0,0.0,0.0015009041591
SZ002302,20240710,0.0,0.0,0.0,0.0023
SZ002303,20240708,0.0,0.0,0.0,0.0050583657588
SZ002304,20240626,0.0,0.0,0.0,0.0053637200737
SZ002306,20130701,1.0,0.0,0.0,0.08
SZ002306,20120511,1.0,0.0,0.0,0.5
SZ002306,20100413,0.0,0.0,0.0,0.285
SZ002311,20240704,0.0,0.0,0.0,0.0010663254424999
SZ002312,20240524,0.0,0.0,0.0,0.0011435832274
SZ002315,20240410,0.0,0.0,0.0,0.0030883261272
SZ002316,20190627,0.0,0.0,0.0,0.015
SZ002316,20160531,0.0,0.0,0.0,0.01
SZ002316,20150706,0.0,0.0,0.0,0.01
SZ002316,20130618,0.2,0.0,0.0,0.03
SZ002316,20120718,0.5,0.0,0.0,0.05
SZ002316,20110706,0.4,0.0,0.0,0.05
SZ002316,20100520,0.3,0.0,0.0,0.1
SZ002317,20240523,0.0,0.0,0.0,0.0013898540653
SZ002318,20240530,0.0,0.0,0.0,0.0019323671498
SZ002320,20240614,0.0,0.0,0.0,0.0019237147595
SZ002322,20240523,0.0,0.0,0.0,0.0061460592914
SZ002324,20240625,0.0,0.0,0.0,0.0005827505828
SZ002326,20230525,0.0,0.0,0.0,0.1
SZ002326,20220524,0.0,0.0,0.0,0.1
SZ002326,20190930,0.1206,0.0,0.0,0.0
SZ002326,20190820,0.0,0.0,0.0,0.15
SZ002326,20180622,0.0,0.0,0.0,0.1
SZ002326,20160624,0.0,0.0,0.0,0.06
SZ002326,20150429,1.8,0.0,0.0,0.1
SZ002326,20130718,0.0,0.0,0.0,0.1
SZ002326,20110610,0.8,0.0,0.0,0.0
SZ002326,20100707,0.0,0.0,0.0,0.3
SZ002327,20240619,0.0,0.0,0.0,0.0058295964126
SZ002328,20240626,0.0,0.0,0.0,0.0027368421053
SZ002330,20240709,0.0,0.0,0.0,0.0002770083102
SZ002332,20240605,0.0,0.0,0.0,0.0024193548387
SZ002333,20240613,0.0,0.0,0.0,0.0006140350877
SZ002334,20240523,0.0,0.0,0.0,0.0008720930233
SZ002335,20240531,0.0,0.0,0.0,0.0004938271605
SZ002336,20190529,0.1,0.0,0.0,0.0
SZ002336,20120418,0.0,0.0,0.0,0.5
SZ002336,20110513,0.0,0.0,0.0,0.5
SZ002336,20100604,0.0,0.0,0.0,0.5
SZ002337,20240606,0.0,0.0,0.0,0.0008571428571
SZ002338,20240719,0.0,0.0,0.0,7.99488327e-05
SZ002339,20240620,0.0,0.0,0.0,0.0003184713376
SZ002340,20240704,0.0,0.0,0.0,0.0012759170654
SZ002342,20240621,0.0,0.0,0.0,0.0001038062283999
SZ002344,20240704,0.0,0.0,0.0,0.0013395638629
SZ002345,20240606,0.0,0.0,0.0,0.0043029259897
SZ002346,20250613,0.0,0.0,0.0,0.46846
SZ002346,20240528,0.0,0.0,0.0,0.002200220022
SZ002346,20230704,0.0,0.0,0.0,0.2
SZ002346,20220526,0.0,0.0,0.0,0.2
SZ002346,20210521,0.0,0.0,0.0,0.2
SZ002346,20200609,0.0,0.0,0.0,0.2
SZ002346,20190722,0.0,0.0,0.0,0.2
SZ002346,20180716,0.0,0.0,0.0,0.2
SZ002346,20170725,0.0,0.0,0.0,0.1
SZ002346,20160628,0.0,0.0,0.0,0.1
SZ002346,20150717,0.0,0.0,0.0,0.05
SZ002346,20140321,1.0,0.0,0.0,0.0
SZ002346,20130725,0.0,0.0,0.0,0.1
SZ002346,20120720,0.0,0.0,0.0,0.15
SZ002346,20110718,0.0,0.0,0.0,0.1
SZ002346,20100625,0.0,0.0,0.0,0.035
SZ002349,20240612,0.0,0.0,0.0,0.0012795549373999
SZ002351,20240617,0.0,0.0,0.0,0.0015455950541
SZ002352,20240514,0.0,0.0,0.0,0.0016085790885
SZ002353,20240619,0.0,0.0,0.0,0.0013573407202
SZ002356,20220104,1.484,0.0,0.0,0.0
SZ002356,20180717,0.7,0.0,0.0,0.1
SZ002356,20170717,0.0,0.0,0.0,0.1
SZ002356,20160603,0.0,0.0,0.0,0.07
SZ002356,20150507,2.0,0.0,0.0,0.15
SZ002356,20140529,0.0,0.0,0.0,0.25
SZ002356,20130605,0.0,0.0,0.0,0.25
SZ002356,20120620,0.0,0.0,0.0,0.2
SZ002356,20110617,0.0,0.0,0.0,0.3
SZ002356,20100609,0.0,0.0,0.0,0.65
SZ002357,20240710,0.0,0.0,0.0,0.0009633911368
SZ002358,20240715,0.0,0.0,0.0,0.000583090379
SZ002360,20240711,0.0,0.0,0.0,0.0036904761905
SZ002361,20240612,0.0,0.0,0.0,0.0029673590504
SZ002363,20240628,0.0,0.0,0.0,0.0013745704467
SZ002364,20240628,0.0,0.0,0.0,0.0009293680296999
SZ002365,20240705,0.0,0.0,0.0,0.0014164305949
SZ002366,20221222,1.4,0.0,0.0,0.0
SZ002366,20190816,0.0,0.0,0.0,0.039
SZ002366,20180914,0.0,0.0,0.0,0.117
SZ002366,20170705,1.0,0.0,0.0,0.091
SZ002366,20160720,0.0,0.0,0.0,0.05
SZ002366,20140512,0.0,0.0,0.0,0.25
SZ002366,20130626,0.0,0.0,0.0,0.15
SZ002366,20120717,0.0,0.0,0.0,0.3
SZ002366,20110926,0.0,0.0,0.0,0.45
SZ002366,20101019,0.0,0.0,0.0,0.35
SZ002367,20240521,0.0,0.0,0.0,0.0047945205479
SZ002368,20240711,0.0,0.0,0.0,0.000874818753
SZ002371,20240704,0.0,0.0,0.0,0.000244238477
SZ002372,20240522,0.0,0.0,0.0,0.0043057050592
SZ002373,20240617,0.0,0.0,0.0,0.0005567928731
SZ002375,20240712,0.0,0.0,0.0,0.0006153846154
SZ002376,20250530,0.0,0.0,0.0,0.19583
SZ002376,20240531,0.0,0.0,0.0,0.0025996533795
SZ002376,20230608,0.0,0.0,0.0,0.15
SZ002376,20220608,0.0,0.0,0.0,0.2
SZ002376,20210604,0.0,0.0,0.0,0.25
SZ002376,20200527,0.0,0.0,0.0,0.2
SZ002376,20190529,0.0,0.0,0.0,0.2
SZ002376,20180523,0.0,0.0,0.0,0.2
SZ002376,20170522,0.0,0.0,0.0,0.2
SZ002376,20160520,0.0,0.0,0.0,0.15
SZ002376,20150625,0.0,0.0,0.0,0.1
SZ002376,20140619,0.0,0.0,0.0,0.1
SZ002376,20130614,1.0,0.0,0.0,0.2
SZ002376,20120525,0.0,0.0,0.0,0.2
SZ002376,20110608,1.0,0.0,0.0,0.3
SZ002376,20100608,0.0,0.0,0.0,0.2
SZ002378,20240528,0.0,0.0,0.0,0.0009146341463
SZ002381,20240429,0.0,0.0,0.0,0.0030303030303
SZ002384,20240530,0.0,0.0,0.0,0.0016181229772999
SZ002386,20240628,0.0,0.0,0.0,0.0020565552699
SZ002386,20230714,0.0,0.0,0.0,0.075
SZ002386,20220705,0.3,0.0,0.0,0.275
SZ002386,20200618,0.0,0.0,0.0,0.05
SZ002386,20190710,0.0,0.0,0.0,0.1
SZ002386,20170515,0.0,0.0,0.0,0.03
SZ002386,20150608,0.4,0.0,0.0,0.0
SZ002386,20140707,0.0,0.0,0.0,0.05
SZ002386,20130705,0.0,0.0,0.0,0.06
SZ002386,20120625,0.0,0.0,0.0,0.05
SZ002386,20110712,0.0,0.0,0.0,0.1
SZ002386,20100715,0.2,0.0,0.0,0.05
SZ002389,20240531,0.0,0.0,0.0,0.0003916449086
SZ002390,20240517,0.0,0.0,0.0,0.0015228426396
SZ002391,20240621,0.0,0.0,0.0,0.0042194092827
SZ002392,20240530,0.0,0.0,0.0,0.0017166212534
SZ002393,20240528,0.0,0.0,0.0,0.0023410066329
SZ002395,20240705,0.0,0.0,0.0,0.0006906077348
SZ002396,20250530,0.0,0.0,0.0,0.2488
SZ002396,20240603,0.0,0.0,0.0,0.0017482517483
SZ002396,20230711,0.0,0.0,0.0,0.1
SZ002396,20220715,0.0,0.0,0.0,0.1
SZ002396,20210813,0.0,0.0,0.0,0.1
SZ002396,20200710,0.0,0.0,0.0,0.11
SZ002396,20190703,0.0,0.0,0.0,0.11
SZ002396,20180711,0.0,0.0,0.0,0.15
SZ002396,20170616,0.0,0.0,0.0,0.1
SZ002396,20160624,0.0,0.0,0.0,0.1
SZ002396,20150529,0.5,0.0,0.0,0.1
SZ002396,20140620,0.0,0.0,0.0,0.3
SZ002396,20130621,0.0,0.0,0.0,0.25
SZ002396,20120614,0.0,0.0,0.0,0.3
SZ002396,20110628,1.0,0.0,0.0,0.1
SZ002398,20240617,0.0,0.0,0.0,0.0021164021163999
SZ002400,20240613,0.0,0.0,0.0,0.0005367793241
SZ002401,20240531,0.0,0.0,0.0,0.001152368758
SZ002402,20240509,0.0,0.0,0.0,0.0012761287045
SZ002404,20240515,0.0,0.0,0.0,0.0045180722892
SZ002406,20250709,0.0,0.0,0.0,0.15
SZ002406,20240709,0.0,0.0,0.0,0.0020920502092
SZ002406,20230714,0.0,0.0,0.0,0.1
SZ002406,20220714,0.0,0.0,0.0,0.08
SZ002406,20210713,0.0,0.0,0.0,0.25
SZ002406,20200713,0.0,0.0,0.0,0.25
SZ002406,20190419,0.0,0.0,0.0,0.05
SZ002406,20181024,0.0,0.0,0.0,0.2
SZ002406,20180625,0.0,0.0,0.0,0.12
SZ002406,20170706,0.0,0.0,0.0,0.15
SZ002406,20160805,0.0,0.0,0.0,0.1
SZ002406,20150528,1.0,0.0,0.0,0.2
SZ002406,20140523,0.0,0.0,0.0,0.3
SZ002406,20130625,0.0,0.0,0.0,0.2
SZ002406,20120628,0.0,0.0,0.0,0.2
SZ002406,20110527,0.5,0.0,0.0,0.3
SZ002406,20101025,0.0,0.0,0.0,0.2
SZ002407,20240514,0.0,0.0,0.0,0.0021201413428
SZ002408,20240606,0.0,0.0,0.0,0.0013291902071999
SZ002409,20240531,0.0,0.0,0.0,0.0006019060358
SZ002410,20240523,0.0,0.0,0.0,0.0005307050796
SZ002414,20240524,0.0,0.0,0.0,0.0002092675635
SZ002415,20240521,0.0,0.0,0.0,0.0026564344746
SZ002416,20250528,0.0,0.0,0.0,0.5
SZ002416,20240530,0.0,0.0,0.0,0.0039486673248
SZ002416,20230519,0.0,0.0,0.0,0.5
SZ002416,20220429,0.0,0.0,0.0,0.45
SZ002416,20210520,0.0,0.0,0.0,0.4
SZ002416,20200529,0.0,0.0,0.0,0.2
SZ002416,20190523,0.0,0.0,0.0,0.2
SZ002416,20180606,0.2,0.0,0.0,0.2
SZ002416,20170726,0.0,0.0,0.0,0.15
SZ002416,20140715,0.0,0.0,0.0,0.15
SZ002416,20120608,0.0,0.0,0.0,0.25
SZ002416,20111108,1.0,0.0,0.0,0.0
SZ002419,20240426,0.0,0.0,0.0,0.0030828516378
SZ002421,20240607,0.0,0.0,0.0,0.0008403361345
SZ002422,20240529,0.0,0.0,0.0,0.0024293956878
SZ002423,20240711,0.0,0.0,0.0,0.0018021680217
SZ002426,20180601,0.0,0.0,0.0,0.03
SZ002426,20170711,0.0,0.0,0.0,0.03
SZ002426,20160621,1.5,0.0,0.0,0.05
SZ002426,20150611,0.0,0.0,0.0,0.1
SZ002426,20140421,1.0,0.0,0.0,0.1
SZ002426,20130509,0.0,0.0,0.0,0.1
SZ002426,20120529,0.0,0.0,0.0,0.1
SZ002426,20110519,0.0,0.0,0.0,0.075
SZ002428,20240621,0.0,0.0,0.0,0.0002085505735
SZ002429,20240619,0.0,0.0,0.0,0.0021632653060999
SZ002430,20240515,0.0,0.0,0.0,0.0029761904762
SZ002432,20240604,0.0,0.0,0.0,0.0007199424046
SZ002434,20240607,0.0,0.0,0.0,0.0056074766355
SZ002436,20250528,0.0,0.0,0.0,0.02996
SZ002436,20240531,0.0,0.0,0.0,0.0004310344828
SZ002436,20230616,0.0,0.0,0.0,0.08
SZ002436,20220616,0.0,0.0,0.0,0.1
SZ002436,20210601,0.0,0.0,0.0,0.08
SZ002436,20200519,0.0,0.0,0.0,0.08
SZ002436,20190422,0.0,0.0,0.0,0.06
SZ002436,20180605,0.0,0.0,0.0,0.03
SZ002436,20170519,0.0,0.0,0.0,0.03
SZ002436,20161028,2.0,0.0,0.0,0.003
SZ002436,20160526,0.0,0.0,0.0,0.05
SZ002436,20150520,1.0,0.0,0.0,0.2
SZ002436,20140513,0.0,0.0,0.0,0.15
SZ002436,20130621,0.0,0.0,0.0,0.33
SZ002436,20120531,0.0,0.0,0.0,0.3
SZ002436,20110513,1.0,0.0,0.0,0.4
SZ002438,20240614,0.0,0.0,0.0,0.0013018714402
SZ002439,20240702,0.0,0.0,0.0,0.001578024547
SZ002440,20240626,0.0,0.0,0.0,0.0026785714286
SZ002441,20240626,0.0,0.0,0.0,0.0039318479684999
SZ002442,20240620,0.0,0.0,0.0,0.0026200873362
SZ002443,20240628,0.0,0.0,0.0,0.0011029411765
SZ002444,20240613,0.0,0.0,0.0,0.0003816793893
SZ002446,20190719,0.0,0.0,0.0,0.03
SZ002446,20180629,0.0,0.0,0.0,0.015
SZ002446,20170609,0.7,0.0,0.0,0.05
SZ002446,20160622,0.0,0.0,0.0,0.04
SZ002446,20150610,1.2,0.0,0.0,0.01
SZ002446,20140618,0.0,0.0,0.0,0.01
SZ002446,20130531,0.0,0.0,0.0,0.05
SZ002446,20110531,0.3,0.0,0.0,0.2
SZ002448,20240612,0.0,0.0,0.0,0.0021416803954
SZ002449,20240614,0.0,0.0,0.0,0.0008321775312
SZ002451,20240514,0.0,0.0,0.0,0.0001683501684
SZ002452,20240516,0.0,0.0,0.0,0.0009433962264
SZ002454,20240614,0.0,0.0,0.0,0.0010526315789
SZ002456,20201109,0.0,0.0,0.0,0.008
SZ002456,20200706,0.0,0.0,0.0,0.021
SZ002456,20180806,0.0,0.0,0.0,0.046
SZ002456,20170612,1.5,0.0,0.0,0.11
SZ002456,20160701,0.0,0.0,0.0,0.07
SZ002456,20150710,0.0,0.0,0.0,0.1
SZ002456,20140422,1.0,0.0,0.0,0.185
SZ002456,20130416,1.0,0.0,0.0,0.21
SZ002456,20110429,1.0,0.0,0.0,0.16
SZ002457,20240514,0.0,0.0,0.0,0.0011083743842
SZ002458,20240527,0.0,0.0,0.0,0.0019342359768
SZ002459,20240530,0.0,0.0,0.0,0.0034968944098999
SZ002460,20240724,0.0,0.0,0.0,0.0028653295129
SZ002461,20240607,0.0,0.0,0.0,0.0015683814304
SZ002462,20240627,0.0,0.0,0.0,0.0023193577163
SZ002463,20240520,0.0,0.0,0.0,0.0015427337242
SZ002465,20240531,0.0,0.0,0.0,0.0014031805426
SZ002466,20240607,0.0,0.0,0.0,0.0037709497207
SZ002466,20230630,0.0,0.0,0.0,3.0
SZ002466,20191226,0.0,0.3,8.75,0.0
SZ002466,20190619,0.0,0.0,0.0,0.18
SZ002466,20180507,0.0,0.0,0.0,0.2
SZ002466,20171226,0.0,0.15,11.06,0.0
SZ002466,20170510,0.0,0.0,0.0,0.18
SZ002466,20160527,2.8,0.0,0.0,0.3
SZ002466,20130613,0.0,0.0,0.0,0.1
SZ002466,20120515,0.0,0.0,0.0,0.1
SZ002466,20110524,0.5,0.0,0.0,0.1
SZ002468,20240619,0.0,0.0,0.0,0.0002275312855999
SZ002469,20240426,0.0,0.0,0.0,0.0050675675676
SZ002471,20240823,0.0,0.0,0.0,0.0015816326531
SZ002472,20240605,0.0,0.0,0.0,0.0005154639175
SZ002475,20240711,0.0,0.0,0.0,0.0007277168939
SZ002476,20250618,0.0,0.0,0.0,0.01
SZ002476,20240613,0.0,0.0,0.0,0.000269541779
SZ002476,20180703,0.0,0.0,0.0,0.01
SZ002476,20170619,0.0,0.0,0.0,0.03
SZ002476,20160622,0.0,0.0,0.0,0.03
SZ002476,20150701,0.0,0.0,0.0,0.03
SZ002476,20140619,0.0,0.0,0.0,0.03
SZ002476,20130527,0.7,0.0,0.0,0.05
SZ002476,20120604,1.0,0.0,0.0,0.05
SZ002476,20110526,0.5,0.0,0.0,0.1
SZ002478,20240524,0.0,0.0,0.0,0.0046822742475
SZ002479,20240523,0.0,0.0,0.0,0.0035545023697
SZ002481,20240603,0.0,0.0,0.0,0.0006451612903
SZ002483,20240515,0.0,0.0,0.0,0.0017857142857
SZ002484,20240617,0.0,0.0,0.0,0.0018169112509
SZ002486,20230605,0.0,0.0,0.0,0.012
SZ002486,20150710,0.0,0.0,0.0,0.01
SZ002486,20140423,1.0,0.0,0.0,0.08
SZ002486,20130411,1.0,0.0,0.0,0.07
SZ002486,20120606,0.0,0.0,0.0,0.12
SZ002486,20110527,0.0,0.0,0.0,0.15
SZ002487,20240612,0.0,0.0,0.0,0.000765993266
SZ002488,20240715,0.0,0.0,0.0,0.0002459016392999
SZ002489,20240529,0.0,0.0,0.0,0.00036900369
SZ002492,20240524,0.0,0.0,0.0,0.0024590163934
SZ002493,20240605,0.0,0.0,0.0,0.0009920634921
SZ002496,20180718,0.0,0.0,0.0,0.03
SZ002496,20170627,0.0,0.0,0.0,0.05
SZ002496,20160531,2.8,0.0,0.0,0.1
SZ002496,20150522,0.0,0.0,0.0,0.125
SZ002496,20150324,0.0,0.25,12.71,0.0
SZ002496,20140430,0.3,0.0,0.0,0.135
SZ002496,20130516,0.5,0.0,0.0,0.3
SZ002496,20120913,0.0,0.0,0.0,0.1
SZ002496,20110519,0.6,0.0,0.0,0.6
SZ002497,20240628,0.0,0.0,0.0,0.0003867403315
SZ002498,20240612,0.0,0.0,0.0,0.0010055865922
SZ002500,20240628,0.0,0.0,0.0,0.001867219917
SZ002506,20141222,1.9916,0.0,0.0,0.0
SZ002506,20120706,0.6,0.0,0.0,0.1
SZ002506,20110418,1.0,0.0,0.0,0.4
SZ002507,20240618,0.0,0.0,0.0,0.0022744503412
SZ002508,20240529,0.0,0.0,0.0,0.0019809825674
SZ002510,20240614,0.0,0.0,0.0,0.0008287292818
SZ002511,20240603,0.0,0.0,0.0,0.0007566204288
SZ002515,20240606,0.0,0.0,0.0,0.0004987531172
SZ002516,20250425,0.0,0.0,0.0,0.08
SZ002516,20240422,0.0,0.0,0.0,0.0023148148148
SZ002516,20230509,0.0,0.0,0.0,0.2
SZ002516,20220517,0.0,0.0,0.0,0.05
SZ002516,20210520,0.0,0.0,0.0,0.05
SZ002516,20200522,0.0,0.0,0.0,0.25
SZ002516,20190517,0.0,0.0,0.0,0.25
SZ002516,20180926,0.0,0.0,0.0,0.2
SZ002516,20180525,0.0,0.0,0.0,0.1
SZ002516,20170607,0.0,0.0,0.0,0.02
SZ002516,20160527,1.0,0.0,0.0,0.05
SZ002516,20150515,1.5,0.0,0.0,0.1
SZ002516,20140612,0.0,0.0,0.0,0.2
SZ002516,20130614,0.0,0.0,0.0,0.12
SZ002516,20120529,0.0,0.0,0.0,0.2
SZ002516,20110608,0.25,0.0,0.0,0.1
SZ002517,20240605,0.0,0.0,0.0,0.0009259259259
SZ002518,20240516,0.0,0.0,0.0,0.0020775623269
SZ002519,20240423,0.0,0.0,0.0,0.0019083969466
SZ002521,20240517,0.0,0.0,0.0,0.0014336917563
SZ002522,20240530,0.0,0.0,0.0,0.0009114583333
SZ002523,20240626,0.0,0.0,0.0,0.0006944444444
SZ002526,20250711,0.0,0.0,0.0,0.01
SZ002526,20240708,0.0,0.0,0.0,0.0009787234043
SZ002526,20200601,0.0,0.0,0.0,0.01
SZ002526,20180920,0.7,0.0,0.0,0.0
SZ002526,20180528,0.7,0.0,0.0,0.0
SZ002526,20140521,0.0,0.0,0.0,0.04
SZ002526,20130607,0.0,0.0,0.0,0.04
SZ002526,20120522,1.0,0.0,0.0,0.025
SZ002526,20110511,0.0,0.0,0.0,0.3
SZ002531,20240715,0.0,0.0,0.0,0.0009529860229
SZ002532,20240522,0.0,0.0,0.0,0.0017667844523
SZ002533,20240522,0.0,0.0,0.0,0.0040201005025
SZ002534,20240523,0.0,0.0,0.0,0.0008756567426
SZ002536,20250613,0.0,0.0,0.0,0.3
SZ002536,20241122,0.0,0.0,0.0,0.1
SZ002536,20240614,0.0,0.0,0.0,0.0028873917228
SZ002536,20230616,0.0,0.0,0.0,0.2
SZ002536,20220624,0.0,0.0,0.0,0.1
SZ002536,20210616,0.0,0.0,0.0,0.1
SZ002536,20200623,0.0,0.0,0.0,0.1
SZ002536,20190620,0.5,0.0,0.0,0.5
SZ002536,20180522,0.0,0.0,0.0,0.3
SZ002536,20170609,0.0,0.0,0.0,0.1
SZ002536,20160329,2.0,0.0,0.0,0.2
SZ002536,20150911,0.0,0.0,0.0,0.2
SZ002536,20140611,0.0,0.0,0.0,0.2
SZ002536,20130621,0.0,0.0,0.0,0.2
SZ002536,20120612,0.0,0.0,0.0,0.2
SZ002536,20110601,0.0,0.0,0.0,0.2
SZ002538,20240617,0.0,0.0,0.0,0.0024844720497
SZ002539,20240516,0.0,0.0,0.0,0.002358490566
SZ002540,20240530,0.0,0.0,0.0,0.0051669220986
SZ002541,20240521,0.0,0.0,0.0,0.0024563060935
SZ002543,20240618,0.0,0.0,0.0,0.0037037037037
SZ002544,20240711,0.0,0.0,0.0,0.0001429353779
SZ002545,20240712,0.0,0.0,0.0,0.0043352601156
SZ002546,20250514,0.0,0.0,0.0,0.12
SZ002546,20240520,0.0,0.0,0.0,0.0030690537083999
SZ002546,20230518,0.0,0.0,0.0,0.12
SZ002546,20220331,0.0,0.0,0.0,0.12
SZ002546,20210429,0.0,0.0,0.0,0.12
SZ002546,20200511,0.0,0.0,0.0,0.014
SZ002546,20190507,0.0,0.0,0.0,0.12
SZ002546,20180528,0.0,0.0,0.0,0.12
SZ002546,20170602,0.0,0.0,0.0,0.011
SZ002546,20160324,1.8,0.0,0.0,0.3
SZ002546,20150506,0.0,0.0,0.0,0.3
SZ002546,20140429,0.5,0.0,0.0,0.4
SZ002546,20130401,0.0,0.0,0.0,0.4
SZ002546,20120321,0.0,0.0,0.0,0.25
SZ002546,20110830,1.0,0.0,0.0,0.0
SZ002546,20110513,0.0,0.0,0.0,0.5
SZ002550,20240529,0.0,0.0,0.0,0.0020869565217
SZ002553,20240524,0.0,0.0,0.0,0.0009578544060999
SZ002554,20240712,0.0,0.0,0.0,0.0003587443946
SZ002555,20240521,0.0,0.0,0.0,0.0022397094430999
SZ002556,20251224,0.0,0.0,0.0,0.04855
SZ002556,20250529,0.0,0.0,0.0,0.19421
SZ002556,20240529,0.0,0.0,0.0,0.0038834951456
SZ002556,20230607,0.0,0.0,0.0,0.3
SZ002556,20220527,0.0,0.0,0.0,0.2
SZ002556,20211209,0.0,0.0,0.0,0.2
SZ002556,20210720,0.0,0.0,0.0,0.1
SZ002556,20200612,0.0,0.0,0.0,0.1
SZ002556,20190627,0.0,0.0,0.0,0.07
SZ002556,20180713,0.0,0.0,0.0,0.07
SZ002556,20170721,0.0,0.0,0.0,0.07
SZ002556,20160701,0.5,0.0,0.0,0.1
SZ002556,20150716,0.0,0.0,0.0,0.1
SZ002556,20140716,0.0,0.0,0.0,0.1
SZ002556,20130702,0.0,0.0,0.0,0.1
SZ002556,20120608,1.0,0.0,0.0,0.2
SZ002556,20110523,0.6,0.0,0.0,0.2
SZ002557,20240614,0.0,0.0,0.0,0.0032467532468
SZ002558,20240606,0.0,0.0,0.0,0.000792864222
SZ002559,20240521,0.0,0.0,0.0,0.0010989010989
SZ002561,20240514,0.0,0.0,0.0,0.001472392638
SZ002563,20240510,0.0,0.0,0.0,0.0044977511244
SZ002565,20240708,0.0,0.0,0.0,0.0010743801653
SZ002566,20250522,0.0,0.0,0.0,0.1
SZ002566,20240522,0.0,0.0,0.0,0.0020862308762
SZ002566,20230707,0.0,0.0,0.0,0.05
SZ002566,20220707,0.0,0.0,0.0,0.03
SZ002566,20210518,0.0,0.0,0.0,0.03
SZ002566,20200616,0.0,0.0,0.0,0.05
SZ002566,20180628,0.0,0.0,0.0,0.05
SZ002566,20150626,0.0,0.0,0.0,0.05
SZ002566,20140522,0.5,0.0,0.0,0.1
SZ002566,20120418,1.0,0.0,0.0,0.2
SZ002572,20240521,0.0,0.0,0.0,0.0047687172151
SZ002573,20240718,0.0,0.0,0.0,0.0027964722222
SZ002574,20240710,0.0,0.0,0.0,0.0024813895781999
SZ002576,20250711,0.0,0.0,0.0,0.07999
SZ002576,20240613,0.0,0.0,0.0,0.0004680851064
SZ002576,20230707,0.0,0.0,0.0,0.038
SZ002576,20220708,0.0,0.0,0.0,0.08
SZ002576,20210625,0.0,0.0,0.0,0.1
SZ002576,20200716,0.0,0.0,0.0,0.05
SZ002576,20190620,0.0,0.0,0.0,0.05
SZ002576,20180530,0.0,0.0,0.0,0.01
SZ002576,20170613,0.0,0.0,0.0,0.01
SZ002576,20160621,0.0,0.0,0.0,0.03
SZ002576,20140530,0.0,0.0,0.0,0.03
SZ002576,20130517,0.0,0.0,0.0,0.03
SZ002576,20120515,0.3,0.0,0.0,0.26
SZ002578,20240606,0.0,0.0,0.0,0.0014285714286
SZ002580,20240621,0.0,0.0,0.0,0.0009076433121
SZ002582,20240527,0.0,0.0,0.0,0.0086830680174
SZ002584,20240710,0.0,0.0,0.0,0.0003367003367
SZ002585,20240625,0.0,0.0,0.0,0.0006085192698
SZ002586,20190719,0.0,0.0,0.0,0.15
SZ002586,20180615,0.0,0.0,0.0,0.0455
SZ002586,20170711,0.0,0.0,0.0,0.05
SZ002586,20160608,0.0,0.0,0.0,0.05
SZ002586,20150605,1.0,0.0,0.0,0.1
SZ002586,20140606,0.0,0.0,0.0,0.15
SZ002586,20130527,0.5,0.0,0.0,0.1
SZ002586,20120612,0.9,0.0,0.0,0.1
SZ002587,20240531,0.0,0.0,0.0,0.0010619469027
SZ002588,20240607,0.0,0.0,0.0,0.0018786127168
SZ002589,20240604,0.0,0.0,0.0,0.0005284552846
SZ002593,20240528,0.0,0.0,0.0,0.0015432098765
SZ002594,20240729,0.0,0.0,0.0,0.0012150508727
SZ002595,20240710,0.0,0.0,0.0,0.001640850617
SZ002596,20210609,0.0,0.0,0.0,0.01
SZ002596,20190612,0.0,0.0,0.0,0.008
SZ002596,20180528,0.0,0.0,0.0,0.02
SZ002596,20170428,2.0,0.0,0.0,0.03
SZ002596,20160617,0.0,0.0,0.0,0.03
SZ002596,20150616,0.0,0.0,0.0,0.02
SZ002596,20140606,0.0,0.0,0.0,0.0298
SZ002596,20130614,0.6,0.0,0.0,0.1
SZ002596,20120607,0.0,0.0,0.0,0.2
SZ002597,20240524,0.0,0.0,0.0,0.0008741258741
SZ002598,20240705,0.0,0.0,0.0,0.0013850415512
SZ002599,20240531,0.0,0.0,0.0,0.0003546099291
SZ002600,20240530,0.0,0.0,0.0,0.0006382978723
SZ002603,20240719,0.0,0.0,0.0,0.0018703241895
SZ002605,20240620,0.0,0.0,0.0,0.0040196516302
SZ002606,20250926,0.0,0.0,0.0,0.01089
SZ002606,20250528,0.0,0.0,0.0,0.01981
SZ002606,20241230,0.0,0.0,0.0,0.05347
SZ002606,20240701,0.0,0.0,0.0,0.00017310253
SZ002606,20230706,0.0,0.0,0.0,0.042
SZ002606,20220613,0.0,0.0,0.0,0.036
SZ002606,20210608,0.0,0.0,0.0,0.025
SZ002606,20200715,0.0,0.0,0.0,0.012
SZ002606,20180619,0.0,0.0,0.0,0.015
SZ002606,20170512,1.0,0.0,0.0,0.1
SZ002606,20160629,0.0,0.0,0.0,0.075
SZ002606,20150518,0.0,0.0,0.0,0.075
SZ002606,20140509,0.0,0.0,0.0,0.1
SZ002606,20130513,0.0,0.0,0.0,0.125
SZ002606,20120518,1.0,0.0,0.0,0.2
SZ002608,20240705,0.0,0.0,0.0,0.0012820512821
SZ002609,20240605,0.0,0.0,0.0,0.0015762925599
SZ002612,20240531,0.0,0.0,0.0,0.0026785714286
SZ002613,20240628,0.0,0.0,0.0,0.0018413597734
SZ002614,20240529,0.0,0.0,0.0,0.0043859649123
SZ002615,20240604,0.0,0.0,0.0,0.0014577259475
SZ002616,20250924,0.0,0.0,0.0,0.15
SZ002616,20240510,0.0,0.0,0.0,0.0019083969466
SZ002616,20210430,0.0,0.0,0.0,0.2
SZ002616,20200603,0.0,0.0,0.0,0.2
SZ002616,20181023,0.0,0.0,0.0,0.2
SZ002616,20170519,1.0,0.0,0.0,0.0
SZ002616,20160928,0.0,0.0,0.0,0.12
SZ002616,20151019,0.0,0.0,0.0,0.35
SZ002616,20150430,1.0,0.0,0.0,0.35
SZ002616,20140513,0.0,0.0,0.0,0.06
SZ002616,20130624,0.0,0.0,0.0,0.35
SZ002616,20130604,0.0,0.0,0.0,0.35
SZ002616,20120608,0.0,0.0,0.0,0.1
SZ002623,20240528,0.0,0.0,0.0,0.0025484199796
SZ002624,20240605,0.0,0.0,0.0,0.0049568965517
SZ002626,20250620,0.0,0.0,0.0,0.4
SZ002626,20240606,0.0,0.0,0.0,0.0014114326041
SZ002626,20230526,0.0,0.0,0.0,0.2
SZ002626,20220617,0.0,0.0,0.0,0.6
SZ002626,20210618,0.0,0.0,0.0,0.6
SZ002626,20200529,0.0,0.0,0.0,0.6
SZ002626,20190528,0.0,0.0,0.0,0.8
SZ002626,20180511,0.0,0.0,0.0,0.4
SZ002626,20170612,0.0,0.0,0.0,0.2
SZ002626,20160613,0.0,0.0,0.0,0.05
SZ002626,20150609,1.0,0.0,0.0,0.3
SZ002626,20140606,0.6,0.0,0.0,0.5
SZ002626,20130509,0.0,0.0,0.0,0.3
SZ002626,20120528,1.0,0.0,0.0,0.6
SZ002627,20240614,0.0,0.0,0.0,0.0020618556701
SZ002631,20240528,0.0,0.0,0.0,0.0006651884701
SZ002632,20240530,0.0,0.0,0.0,0.0035714285714
SZ002635,20240611,0.0,0.0,0.0,0.0020689655171999
SZ002636,20250529,0.0,0.0,0.0,0.085
SZ002636,20240618,0.0,0.0,0.0,0.0008849557522
SZ002636,20230626,0.0,0.0,0.0,0.085
SZ002636,20220809,0.0,0.0,0.0,0.085
SZ002636,20210723,0.0,0.0,0.0,0.06
SZ002636,20170712,0.0,0.0,0.0,0.065
SZ002636,20150522,1.6,0.0,0.0,0.0
SZ002636,20140710,0.0,0.0,0.0,0.06
SZ002637,20240618,0.0,0.0,0.0,0.0011520737327
SZ002641,20240628,0.0,0.0,0.0,0.0025
SZ002643,20240606,0.0,0.0,0.0,0.0026548672566
SZ002644,20240625,0.0,0.0,0.0,0.0004694835681
SZ002646,20250710,0.0,0.0,0.0,0.011
SZ002646,20240913,0.0,0.0,0.0,0.033
SZ002646,20240625,0.0,0.0,0.0,0.0012658227848
SZ002646,20230712,0.0,0.0,0.0,0.06
SZ002646,20220624,0.0,0.0,0.0,0.05
SZ002646,20200702,0.0,0.0,0.0,0.03
SZ002646,20190605,0.0,0.0,0.0,0.12
SZ002646,20180710,0.0,0.0,0.0,0.07
SZ002646,20170615,0.0,0.0,0.0,0.17
SZ002646,20160715,0.0,0.0,0.0,0.18
SZ002646,20150714,0.0,0.0,0.0,0.25
SZ002646,20140710,0.0,0.0,0.0,0.3
SZ002646,20130628,0.0,0.0,0.0,0.25
SZ002646,20120613,0.0,0.0,0.0,0.2
SZ002648,20240514,0.0,0.0,0.0,0.0020418580909
SZ002649,20240716,0.0,0.0,0.0,0.0003457446809
SZ002651,20240710,0.0,0.0,0.0,0.0007889546351
SZ002653,20240524,0.0,0.0,0.0,0.0006620324396
SZ002655,20240529,0.0,0.0,0.0,0.0002901353965
SZ002656,20190603,0.0,0.0,0.0,0.004
SZ002656,20180531,0.6,0.0,0.0,0.015
SZ002656,20160526,0.6,0.0,0.0,0.11
SZ002656,20150325,0.0,0.0,0.0,0.11
SZ002656,20140527,0.0,0.0,0.0,0.18
SZ002656,20130516,1.0,0.0,0.0,0.37
SZ002658,20240522,0.0,0.0,0.0,0.0048154093097999
SZ002660,20240614,0.0,0.0,0.0,0.0013054830287
SZ002662,20240429,0.0,0.0,0.0,0.0030303030303
SZ002664,20240611,0.0,0.0,0.0,0.0005555555555999
SZ002666,20251021,0.0,0.0,0.0,0.09039
SZ002666,20240521,0.0,0.0,0.0,0.0014628820961
SZ002666,20210708,0.0,0.0,0.0,0.107
SZ002666,20200716,0.0,0.0,0.0,0.04
SZ002666,20190508,0.0,0.0,0.0,0.266
SZ002666,20180719,0.0,0.0,0.0,0.047
SZ002666,20170714,0.0,0.0,0.0,0.047
SZ002666,20160715,0.0,0.0,0.0,0.061
SZ002666,20150709,1.0,0.0,0.0,0.12
SZ002666,20140721,0.0,0.0,0.0,0.15
SZ002666,20130614,1.0,0.0,0.0,0.29
SZ002666,20121026,0.0,0.0,0.0,0.19
SZ002666,20120731,0.0,0.0,0.0,0.035
SZ002669,20240529,0.0,0.0,0.0,0.0007179487179
SZ002673,20240626,0.0,0.0,0.0,0.0014150943396
SZ002674,20240529,0.0,0.0,0.0,0.0050420168067
SZ002675,20240624,0.0,0.0,0.0,0.0009735202492
SZ002676,20250529,0.0,0.0,0.0,0.01
SZ002676,20241016,0.0,0.0,0.0,0.01
SZ002676,20170607,0.8,0.0,0.0,0.015
SZ002676,20160311,1.5,0.0,0.0,0.01
SZ002676,20150617,0.0,0.0,0.0,0.09
SZ002676,20140708,0.0,0.0,0.0,0.07
SZ002676,20130520,0.0,0.0,0.0,0.125
SZ002676,20121108,0.0,0.0,0.0,0.2
SZ002677,20240524,0.0,0.0,0.0,0.0072254335259999
SZ002678,20240509,0.0,0.0,0.0,4.49438202e-05
SZ002679,20240709,0.0,0.0,0.0,0.0003863636364
SZ002683,20240510,0.0,0.0,0.0,0.0024977698483
SZ002686,20250707,0.0,0.0,0.0,0.00999
SZ002686,20240628,0.0,0.0,0.0,0.0004796163069999
SZ002686,20230714,0.0,0.0,0.0,0.02
SZ002686,20220527,0.0,0.0,0.0,0.02
SZ002686,20190716,0.0,0.0,0.0,0.02
SZ002686,20180717,0.0,0.0,0.0,0.07
SZ002686,20170420,0.0,0.0,0.0,0.07
SZ002686,20160628,0.0,0.0,0.0,0.06
SZ002686,20150814,0.5,0.0,0.0,0.08
SZ002686,20140627,1.0,0.0,0.0,0.15
SZ002686,20130528,0.5,0.0,0.0,0.17
SZ002687,20240409,0.0,0.0,0.0,0.0033444816054
SZ002688,20240531,0.0,0.0,0.0,0.0021276595745
SZ002690,20240517,0.0,0.0,0.0,0.0037858301785
SZ002692,20240619,0.0,0.0,0.0,0.0005633802817
SZ002695,20240506,0.0,0.0,0.0,0.0021897810219
SZ002696,20190709,0.0,0.0,0.0,0.05
SZ002696,20180612,0.7,0.0,0.0,0.35
SZ002696,20170608,0.0,0.0,0.0,0.1
SZ002696,20160622,0.0,0.0,0.0,0.1
SZ002696,20150608,0.0,0.0,0.0,0.15
SZ002696,20140616,1.0,0.0,0.0,0.2
SZ002696,20130619,0.0,0.0,0.0,0.3
SZ002697,20240514,0.0,0.0,0.0,0.0023091247671999
SZ002698,20240620,0.0,0.0,0.0,0.0018587360595
SZ002700,20240710,0.0,0.0,0.0,0.0008759124088
SZ002701,20240719,0.0,0.0,0.0,0.0028301886792
SZ002702,20240606,0.0,0.0,0.0,0.0010610079576
SZ002703,20240816,0.0,0.0,0.0,0.000224075576
SZ002705,20240614,0.0,0.0,0.0,0.0026525198939
SZ002706,20250513,0.0,0.0,0.0,0.21246
SZ002706,20240514,0.0,0.0,0.0,0.0031725888325
SZ002706,20230505,0.0,0.0,0.0,0.2
SZ002706,20220923,0.0,0.0,0.0,0.2
SZ002706,20210427,0.3,0.0,0.0,0.3
SZ002706,20200428,0.0,0.0,0.0,0.25
SZ002706,20190424,0.0,0.0,0.0,0.25
SZ002706,20180425,0.5,0.0,0.0,0.25
SZ002706,20170426,1.0,0.0,0.0,0.4
SZ002706,20160517,1.0,0.0,0.0,0.5
SZ002706,20150430,0.3,0.0,0.0,0.35
SZ002706,20140422,0.0,0.0,0.0,0.8
SZ002709,20240429,0.0,0.0,0.0,0.0014381591563
SZ002716,20180724,0.7,0.0,0.0,0.1
SZ002716,20170712,0.0,0.0,0.0,0.05
SZ002716,20160622,0.0,0.0,0.0,0.05
SZ002716,20150625,1.2,0.0,0.0,0.1
SZ002716,20140710,0.0,0.0,0.0,0.128
SZ002718,20240528,0.0,0.0,0.0,0.001652892562
SZ002722,20240704,0.0,0.0,0.0,0.0016829052258999
SZ002723,20240712,0.0,0.0,0.0,0.0003287197232
SZ002724,20240530,0.0,0.0,0.0,0.0007590132827
SZ002726,20210430,0.0,0.0,0.0,0.1819
SZ002726,20200610,0.0,0.0,0.0,0.049
SZ002726,20191011,0.3,0.0,0.0,0.0
SZ002726,20190822,0.0,0.0,0.0,0.047
SZ002726,20180814,0.0,0.0,0.0,0.05
SZ002726,20170825,0.7,0.0,0.0,0.0
SZ002726,20170810,0.0,0.0,0.0,0.16
SZ002726,20160608,0.0,0.0,0.0,0.08
SZ002726,20150427,1.0,0.0,0.0,0.15
SZ002727,20240530,0.0,0.0,0.0,0.0018796992480999
SZ002728,20240424,0.0,0.0,0.0,0.0035260930889
SZ002729,20240614,0.0,0.0,0.0,0.000281124498
SZ002730,20240529,0.0,0.0,0.0,0.0017881705639999
SZ002731,20240719,0.0,0.0,0.0,0.0008819875776
SZ002732,20240620,0.0,0.0,0.0,0.0010033444815999
SZ002733,20240612,0.0,0.0,0.0,0.0013578235294
SZ002734,20240612,0.0,0.0,0.0,0.0028011204482
SZ002735,20240711,0.0,0.0,0.0,0.0005574912892
SZ002736,20260211,0.0,0.0,0.0,0.1
SZ002736,20250616,0.0,0.0,0.0,0.35
SZ002736,20240619,0.0,0.0,0.0,0.0029220779221
SZ002736,20230621,0.0,0.0,0.0,0.27
SZ002736,20220622,0.0,0.0,0.0,0.5
SZ002736,20210617,0.0,0.0,0.0,0.23
SZ002736,20200429,0.0,0.0,0.0,0.2
SZ002736,20190612,0.0,0.0,0.0,0.12
SZ002736,20180615,0.0,0.0,0.0,0.15
SZ002736,20170609,0.0,0.0,0.0,0.2
SZ002736,20160624,0.0,0.0,0.0,0.6
SZ002736,20150625,0.0,0.0,0.0,0.2
SZ002737,20240614,0.0,0.0,0.0,0.0051299589603
SZ002738,20240530,0.0,0.0,0.0,0.003078817734
SZ002743,20240809,0.0,0.0,0.0,0.0017914438503
SZ002745,20240522,0.0,0.0,0.0,0.0038540478905
SZ002746,20250926,0.0,0.0,0.0,0.1
SZ002746,20250612,0.0,0.0,0.0,0.15
SZ002746,20250110,0.0,0.0,0.0,0.1
SZ002746,20240530,0.0,0.0,0.0,0.0023547880691
SZ002746,20230629,0.0,0.0,0.0,0.1
SZ002746,20220630,0.0,0.0,0.0,0.1
SZ002746,20210609,0.5,0.0,0.0,0.3
SZ002746,20200424,0.0,0.0,0.0,0.4
SZ002746,20190528,0.5,0.0,0.0,0.5
SZ002746,20180524,0.7,0.0,0.0,0.4
SZ002746,20170619,0.0,0.0,0.0,0.2
SZ002746,20160517,0.0,0.0,0.0,0.1
SZ002747,20240607,0.0,0.0,0.0,0.0004132231405
SZ002749,20240529,0.0,0.0,0.0,0.0015422578655
SZ002752,20240710,0.0,0.0,0.0,0.0020449897751
SZ002753,20240626,0.0,0.0,0.0,0.0023580034423
SZ002756,20251022,0.0,0.0,0.0,0.29486
SZ002756,20250509,0.0,0.0,0.0,0.48944
SZ002756,20241010,0.0,0.0,0.0,0.48944
SZ002756,20240530,0.0,0.0,0.0,0.0044023772837
SZ002756,20230927,0.0,0.0,0.0,1.0
SZ002756,20230421,0.3,0.0,0.0,5.0
SZ002756,20220527,0.0,0.0,0.0,0.5
SZ002756,20210601,0.0,0.0,0.0,0.31
SZ002756,20200422,0.0,0.0,0.0,0.456
SZ002756,20190523,0.0,0.0,0.0,1.0
SZ002756,20180611,0.0,0.0,0.0,1.0
SZ002756,20170420,0.0,0.0,0.0,0.13
SZ002756,20160620,0.8,0.0,0.0,0.2
SZ002757,20240528,0.0,0.0,0.0,0.0015372790161
SZ002758,20240528,0.0,0.0,0.0,0.0032502708558999
SZ002759,20240524,0.0,0.0,0.0,0.0010893246186999
SZ002760,20240709,0.0,0.0,0.0,0.0008163265306
SZ002761,20240809,0.0,0.0,0.0,0.0006289308176
SZ002762,20240523,0.0,0.0,0.0,0.0007656967841
SZ002763,20240510,0.0,0.0,0.0,0.00513478819
SZ002766,20220104,1.0,0.0,0.0,0.0
SZ002766,20180716,0.0,0.0,0.0,0.025
SZ002766,20170713,1.0,0.0,0.0,0.1
SZ002766,20160714,0.0,0.0,0.0,0.108
SZ002767,20240628,0.0,0.0,0.0,0.0001365187713
SZ002768,20240529,0.0,0.0,0.0,0.0008075370121
SZ002772,20240516,0.0,0.0,0.0,0.0041265474553
SZ002773,20240528,0.0,0.0,0.0,0.0016608391608
SZ002774,20240515,0.0,0.0,0.0,0.0053619302948999
SZ002776,20200715,0.0,0.0,0.0,0.038
SZ002776,20190703,0.5,0.0,0.0,0.1
SZ002776,20180718,0.5042,0.0,0.0,0.1008
SZ002776,20170718,0.0,0.0,0.0,0.07
SZ002776,20160331,1.0,0.0,0.0,0.18
SZ002777,20240621,0.0,0.0,0.0,0.0007712082262
SZ002779,20240703,0.0,0.0,0.0,0.0005368647101
SZ002782,20240515,0.0,0.0,0.0,0.0006986899563
SZ002783,20240625,0.0,0.0,0.0,0.0014025245442
SZ002786,20190611,0.0,0.0,0.0,0.021
SZ002786,20180717,0.0,0.0,0.0,0.017
SZ002786,20170609,0.0,0.0,0.0,0.017
SZ002786,20160531,2.0,0.0,0.0,0.1
SZ002788,20240704,0.0,0.0,0.0,0.0037453183521
SZ002790,20240618,0.0,0.0,0.0,0.0024900398406
SZ002791,20240429,0.0,0.0,0.0,0.0003211303789
SZ002792,20240618,0.0,0.0,0.0,0.0013976240391
SZ002796,20200528,0.5,0.0,0.0,0.05
SZ002796,20190401,0.5,0.0,0.0,0.2
SZ002796,20180418,0.0,0.0,0.0,0.2
SZ002796,20170519,0.0,0.0,0.0,0.3
SZ002796,20160905,0.0,0.0,0.0,0.6
SZ002797,20240731,0.0,0.0,0.0,0.0006374501991999
SZ002799,20240816,0.0,0.0,0.0,0.0005911330049
SZ002800,20240702,0.0,0.0,0.0,
SZ002801,20240613,0.0,0.0,0.0,0.0014184397163
SZ002802,20240722,0.0,0.0,0.0,0.0031055900620999
SZ002803,20240430,0.0,0.0,0.0,0.0022929936306
SZ002806,20200529,0.0,0.0,0.0,0.08
SZ002806,20190523,0.0,0.0,0.0,0.08
SZ002806,20180604,0.0,0.0,0.0,0.08
SZ002806,20170518,0.7,0.0,0.0,0.1
SZ002807,20240510,0.0,0.0,0.0,0.0048469387755
SZ002808,20240614,0.0,0.0,0.0,0.0011834319527
SZ002809,20240607,0.0,0.0,0.0,0.002196193265
SZ002810,20240705,0.0,0.0,0.0,0.0017621145373999
SZ002811,20240529,0.0,0.0,0.0,0.0028328611898
SZ002812,20240603,0.0,0.0,0.0,0.0038984323983
SZ002815,20240524,0.0,0.0,0.0,0.0023041474654
SZ002816,20190722,0.0,0.0,0.0,0.01
SZ002816,20180709,0.0,0.0,0.0,0.026
SZ002816,20170707,0.0,0.0,0.0,0.05
SZ002817,20240627,0.0,0.0,0.0,0.0015426497278
SZ002818,20240514,0.0,0.0,0.0,0.004718945177
SZ002819,20240701,0.0,0.0,0.0,0.0001423149905
SZ002820,20240606,0.0,0.0,0.0,0.0025348542459
SZ002821,20240628,0.0,0.0,0.0,0.0026666666666999
SZ002823,20240517,0.0,0.0,0.0,0.000703284965
SZ002824,20240716,0.0,0.0,0.0,0.0015076273734
SZ002825,20240628,0.0,0.0,0.0,0.0018957345971999
SZ002826,20250624,0.0,0.0,0.0,0.09821
SZ002826,20240531,0.0,0.0,0.0,0.0003405221339
SZ002826,20230707,0.0,0.0,0.0,0.1
SZ002826,20220708,0.0,0.0,0.0,0.1
SZ002826,20210714,0.0,0.0,0.0,0.08
SZ002826,20200714,0.0,0.0,0.0,0.04
SZ002826,20190610,0.0,0.0,0.0,0.03
SZ002826,20180528,0.0,0.0,0.0,0.06
SZ002826,20170612,0.0,0.0,0.0,0.06
SZ002827,20240621,0.0,0.0,0.0,0.0007583417594
SZ002828,20240620,0.0,0.0,0.0,0.0009908597082
SZ002830,20240607,0.0,0.0,0.0,0.0024870466321
SZ002831,20240529,0.0,0.0,0.0,0.0024132365759
SZ002832,20240816,0.0,0.0,0.0,0.0049800796813
SZ002833,20240621,0.0,0.0,0.0,0.0031545741325
SZ002835,20240530,0.0,0.0,0.0,0.0012068965517
SZ002836,20250527,0.0,0.0,0.0,0.24207
SZ002836,20240531,0.0,0.0,0.0,0.0015337423313
SZ002836,20230608,0.2,0.0,0.0,0.4
SZ002836,20220711,0.2,0.0,0.0,0.1
SZ002836,20210616,0.0,0.0,0.0,0.3
SZ002836,20200720,0.0,0.0,0.0,0.1
SZ002836,20190528,0.0,0.0,0.0,0.5
SZ002836,20180529,0.0,0.0,0.0,0.25
SZ002836,20170414,1.0,0.0,0.0,0.2
SZ002837,20240527,0.0,0.0,0.0,0.0006363347121
SZ002838,20240628,0.0,0.0,0.0,0.0007127192982
SZ002839,20240606,0.0,0.0,0.0,0.0047393364929
SZ002841,20240529,0.0,0.0,0.0,0.0025914634145999
SZ002843,20240513,0.0,0.0,0.0,0.0012165450122
SZ002845,20240520,0.0,0.0,0.0,0.0005734767025
SZ002846,20240618,0.0,0.0,0.0,0.0003342618384
SZ002846,20210330,0.6,0.0,0.0,0.1499
SZ002846,20200601,0.0,0.0,0.0,0.1297
SZ002846,20190617,0.0,0.0,0.0,0.05
SZ002846,20180626,0.0,0.0,0.0,0.05
SZ002846,20171031,0.6,0.0,0.0,0.2
SZ002847,20240524,0.0,0.0,0.0,0.0021717098596
SZ002849,20240604,0.0,0.0,0.0,0.0003322259136
SZ002850,20240524,0.0,0.0,0.0,0.0015435274748
SZ002851,20240716,0.0,0.0,0.0,0.0009060681629
SZ002853,20240709,0.0,0.0,0.0,0.0023174971031
SZ002856,20180620,0.2,0.0,0.0,0.15
SZ002857,20240620,0.0,0.0,0.0,0.0003185840708
SZ002859,20240605,0.0,0.0,0.0,0.0009945300844999
SZ002860,20240523,0.0,0.0,0.0,0.0009823182711
SZ002861,20240530,0.0,0.0,0.0,0.0016375545852
SZ002863,20240628,0.0,0.0,0.0,0.0003170731707
SZ002864,20240603,0.0,0.0,0.0,0.0007547169811
SZ002865,20240426,0.0,0.0,0.0,0.0014333008067999
SZ002866,20240516,0.0,0.0,0.0,0.0001047486033999
SZ002866,20230516,0.0,0.0,0.0,0.04
SZ002866,20220516,0.0,0.0,0.0,0.06
SZ002866,20210601,0.0,0.0,0.0,0.1
SZ002866,20200601,0.0,0.0,0.0,0.09
SZ002866,20190528,0.0,0.0,0.0,0.0886
SZ002866,20180710,0.7,0.0,0.0,0.12
SZ002866,20170807,0.0,0.0,0.0,0.055
SZ002867,20240710,0.0,0.0,0.0,0.0047033285094
SZ002869,20240705,0.0,0.0,0.0,0.0003367003367
SZ002870,20240606,0.0,0.0,0.0,0.0002989536622
SZ002871,20240611,0.0,0.0,0.0,0.0037359900374
SZ002873,20240625,0.0,0.0,0.0,0.0008505467801
SZ002876,20250506,0.0,0.0,0.0,0.14967
SZ002876,20240529,0.0,0.0,0.0,0.0001017501018
SZ002876,20230523,0.0,0.0,0.0,0.2
SZ002876,20220519,0.0,0.0,0.0,0.2964
SZ002876,20210423,0.4,0.0,0.0,0.2
SZ002876,20200430,0.0,0.0,0.0,0.05
SZ002876,20190625,0.3,0.0,0.0,0.04
SZ002876,20180620,0.0,0.0,0.0,0.3
SZ002877,20240625,0.0,0.0,0.0,0.0006338028168999
SZ002878,20240528,0.0,0.0,0.0,0.0003602305475999
SZ002879,20240423,0.0,0.0,0.0,0.0018910741301
SZ002880,20240712,0.0,0.0,0.0,0.0007079646018
SZ002881,20240527,0.0,0.0,0.0,0.0004885197851
SZ002882,20240530,0.0,0.0,0.0,0.001095890411
SZ002883,20240705,0.0,0.0,0.0,0.0007620164127
SZ002884,20240516,0.0,0.0,0.0,0.0044228217602999
SZ002885,20240604,0.0,0.0,0.0,0.0001194539249
SZ002886,20250530,0.0,0.0,0.0,0.042
SZ002886,20240530,0.0,0.0,0.0,4.11764706e-05
SZ002886,20230519,0.0,0.0,0.0,0.015
SZ002886,20220622,0.0,0.0,0.0,0.06
SZ002886,20210513,0.7,0.0,0.0,0.1
SZ002886,20200609,0.0,0.0,0.0,0.08
SZ002886,20190529,0.0,0.0,0.0,0.06
SZ002886,20180613,0.5,0.0,0.0,0.11
SZ002887,20240531,0.0,0.0,0.0,0.0034818941504
SZ002888,20240612,0.0,0.0,0.0,0.0006012378426
SZ002889,20240529,0.0,0.0,0.0,0.0003705318221
SZ002890,20240628,0.0,0.0,0.0,0.0009615384615
SZ002891,20240605,0.0,0.0,0.0,0.0010466637593
SZ002892,20240529,0.0,0.0,0.0,0.000688599847
SZ002893,20240620,0.0,0.0,0.0,0.0008146639511
SZ002895,20240516,0.0,0.0,0.0,0.0044345898004
SZ002896,20250627,0.3,0.0,0.0,0.26
SZ002896,20240708,0.0,0.0,0.0,0.0002975083674
SZ002896,20230627,0.0,0.0,0.0,0.07
SZ002896,20220527,0.3,0.0,0.0,0.3
SZ002896,20210519,0.3,0.0,0.0,0.4
SZ002896,20200710,0.0,0.0,0.0,0.1
SZ002896,20190709,0.0,0.0,0.0,0.15
SZ002896,20180629,0.0,0.0,0.0,0.18
SZ002897,20240614,0.0,0.0,0.0,0.0002402691014
SZ002898,20240628,0.0,0.0,0.0,0.0002265005663
SZ002899,20240529,0.0,0.0,0.0,0.0004889807163
SZ002900,20240605,0.0,0.0,0.0,0.0019940179462
SZ002901,20240624,0.0,0.0,0.0,0.0009352787131
SZ002903,20240521,0.0,0.0,0.0,0.0010976948408
SZ002906,20250512,0.0,0.0,0.0,0.48
SZ002906,20240619,0.0,0.0,0.0,0.0012010981469
SZ002906,20230524,0.0,0.0,0.0,0.25
SZ002906,20220530,0.0,0.0,0.0,0.2
SZ002906,20210528,0.0,0.0,0.0,0.2
SZ002906,20200601,0.0,0.0,0.0,0.1
SZ002906,20180627,0.0,0.0,0.0,0.25
SZ002907,20240604,0.0,0.0,0.0,0.0003676470588
SZ002908,20240531,0.0,0.0,0.0,0.0005917159763
SZ002909,20240704,0.0,0.0,0.0,0.0012048192770999
SZ002911,20240426,0.0,0.0,0.0,0.0042122886236
SZ002912,20240419,0.0,0.0,0.0,0.0012547051443
SZ002913,20240530,0.0,0.0,0.0,0.0012519872814
SZ002916,20250529,0.3,0.0,0.0,1.5
SZ002916,20240530,0.0,0.0,0.0,0.0010007783831999
SZ002916,20230530,0.0,0.0,0.0,1.0
SZ002916,20220530,0.0,0.0,0.0,0.95
SZ002916,20210601,0.0,0.0,0.0,0.95
SZ002916,20200513,0.4,0.0,0.0,1.15
SZ002916,20190517,0.2,0.0,0.0,0.75
SZ002916,20180528,0.0,0.0,0.0,0.51
SZ002917,20240712,0.0,0.0,0.0,0.0011428571429
SZ002918,20240701,0.0,0.0,0.0,0.0033112582781
SZ002919,20240531,0.0,0.0,0.0,0.0008792497069
SZ002920,20240429,0.0,0.0,0.0,0.0007116834703
SZ002921,20240607,0.0,0.0,0.0,0.0010504201681
SZ002922,20240510,0.0,0.0,0.0,0.0016574585635
SZ002923,20240531,0.0,0.0,0.0,0.0018744142455
SZ002925,20240531,0.0,0.0,0.0,0.0034954407295
SZ002926,20251222,0.0,0.0,0.0,0.04
SZ002926,20250729,0.0,0.0,0.0,0.085
SZ002926,20240726,0.0,0.0,0.0,0.0007836990596
SZ002926,20230825,0.0,0.0,0.0,0.03
SZ002926,20220816,0.0,0.0,0.0,0.1
SZ002926,20210824,0.0,0.0,0.0,0.111
SZ002926,20200827,0.0,0.0,0.0,0.076
SZ002926,20190826,0.0,0.0,0.0,0.076
SZ002926,20180824,0.0,0.0,0.0,0.038
SZ002927,20240613,0.0,0.0,0.0,0.0010680379747
SZ002929,20240717,0.0,0.0,0.0,0.0008812125485
SZ002930,20240709,0.0,0.0,0.0,0.0021570319241
SZ002932,20240528,0.0,0.0,0.0,0.0006292606188
SZ002933,20240715,0.0,0.0,0.0,0.0001121076233
SZ002935,20240620,0.0,0.0,0.0,0.0005191434134
SZ002936,20250710,0.0,0.0,0.0,0.02
SZ002936,20230703,0.1,0.0,0.0,0.0
SZ002936,20211220,0.1,0.0,0.0,0.0
SZ002936,20200630,0.1,0.0,0.0,0.1
SZ002936,20190619,0.0,0.0,0.0,0.15
SZ002937,20240606,0.0,0.0,0.0,0.0014333492594
SZ002938,20240613,0.0,0.0,0.0,0.0015313935681
SZ002939,20240806,0.0,0.0,0.0,0.0016886930984
SZ002940,20240617,0.0,0.0,0.0,0.0013530927834999
SZ002941,20240716,0.0,0.0,0.0,0.0017837235228999
SZ002942,20240626,0.0,0.0,0.0,0.0016501650165
SZ002943,20240515,0.0,0.0,0.0,0.0015612802497999
SZ002945,20240627,0.0,0.0,0.0,3.88349515e-05
SZ002946,20260116,0.0,0.0,0.0,0.07
SZ002946,20250626,0.0,0.0,0.0,0.25
SZ002946,20250214,0.0,0.0,0.0,0.035
SZ002946,20240709,0.0,0.0,0.0,0.0018181818182
SZ002946,20230620,0.0,0.0,0.0,0.085
SZ002946,20220615,0.0,0.0,0.0,0.075
SZ002946,20210623,0.0,0.0,0.0,0.07
SZ002946,20200812,0.0,0.0,0.0,0.06
SZ002946,20190712,0.0,0.0,0.0,0.06
SZ002947,20240509,0.0,0.0,0.0,0.0015183723049
SZ002948,20240620,0.0,0.0,0.0,0.0046109510085999
SZ002949,20240508,0.0,0.0,0.0,0.0064724919093999
SZ002950,20240619,0.0,0.0,0.0,0.0003931802326
SZ002952,20240531,0.0,0.0,0.0,0.0003449762829
SZ002953,20240627,0.0,0.0,0.0,0.0009970089731
SZ002955,20240705,0.0,0.0,0.0,0.0020066100093999
SZ002956,20250703,0.0,0.0,0.0,0.4176
SZ002956,20240709,0.0,0.0,0.0,0.002382782475
SZ002956,20230704,0.0,0.0,0.0,0.269
SZ002956,20220704,0.0,0.0,0.0,0.268
SZ002956,20210716,0.4,0.0,0.0,0.375
SZ002956,20200703,1.0,0.0,0.0,1.6
SZ002957,20240620,0.0,0.0,0.0,0.0012087139845
SZ002958,20240709,0.0,0.0,0.0,0.0037313432836
SZ002959,20240530,0.0,0.0,0.0,0.0019710906702
SZ002960,20240430,0.0,0.0,0.0,0.0023989033585
SZ002961,20240513,0.0,0.0,0.0,0.0016923076923
SZ002962,20240607,0.0,0.0,0.0,0.0013888888889
SZ002965,20240529,0.0,0.0,0.0,0.0017647058824
SZ002966,20251117,0.0,0.0,0.0,0.21
SZ002966,20250605,0.0,0.0,0.0,0.2
SZ002966,20241118,0.0,0.0,0.0,0.2
SZ002966,20240606,0.0,0.0,0.0,0.0050649350649
SZ002966,20230531,0.0,0.0,0.0,0.33
SZ002966,20220511,0.1,0.0,0.0,0.28
SZ002966,20210527,0.0,0.0,0.0,0.24
SZ002966,20200604,0.0,0.0,0.0,0.2
SZ002967,20240528,0.0,0.0,0.0,0.0010972933431
SZ002968,20240628,0.0,0.0,0.0,0.0030944625407
SZ002969,20240528,0.0,0.0,0.0,0.0008797653959
SZ002970,20240530,0.0,0.0,0.0,0.0013755158184
SZ002971,20240705,0.0,0.0,0.0,0.0004295532646
SZ002972,20240528,0.0,0.0,0.0,0.0029880478088
SZ002973,20240605,0.0,0.0,0.0,0.0010928961749
SZ002976,20240522,0.0,0.0,0.0,0.0006382978723
SZ002976,20210616,0.2,0.0,0.0,0.1
SZ002976,20200616,0.0,0.0,0.0,0.5
SZ002977,20240618,0.0,0.0,0.0,0.0005623242737
SZ002978,20240619,0.0,0.0,0.0,0.0016812373907
SZ002979,20240719,0.0,0.0,0.0,0.0006315789474
SZ002980,20240607,0.0,0.0,0.0,0.0027063599459
SZ002981,20240607,0.0,0.0,0.0,0.001506514658
SZ002983,20240618,0.0,0.0,0.0,0.001636270726
SZ002984,20240419,0.0,0.0,0.0,0.0011963816748999
SZ002985,20240613,0.0,0.0,0.0,0.0002839756592
SZ002986,20250711,0.0,0.0,0.0,0.3
SZ002986,20240628,0.0,0.0,0.0,0.0007830853562999
SZ002986,20230704,0.4,0.0,0.0,0.5
SZ002986,20220520,0.4,0.0,0.0,0.1
SZ002986,20210622,0.4,0.0,0.0,0.12
SZ002986,20200915,0.0,0.0,0.0,1.0
SZ002987,20240516,0.0,0.0,0.0,0.001
SZ002990,20240516,0.0,0.0,0.0,0.0018165304269
SZ002991,20240808,0.0,0.0,0.0,0.003970856102
SZ002993,20240606,0.0,0.0,0.0,0.0016680567138999
SZ002996,20250529,0.0,0.0,0.0,0.04936
SZ002996,20240528,0.0,0.0,0.0,0.0011074197121
SZ002996,20230505,0.0,0.0,0.0,0.05
SZ002996,20220419,0.0,0.0,0.0,0.1
SZ002996,20210520,0.0,0.0,0.0,0.1
SZ002997,20240614,0.0,0.0,0.0,0.0009581603322
SZ002998,20240613,0.0,0.0,0.0,0.0008547008546999
SZ002999,20240528,0.0,0.0,0.0,0.0019017432647
SZ003000,20240430,0.0,0.0,0.0,0.0020547945205
SZ003001,20240705,0.0,0.0,0.0,0.0007044661215
SZ003002,20240529,0.0,0.0,0.0,0.0020374898126
SZ003003,20240717,0.0,0.0,0.0,0.0012953367876
SZ003004,20240604,0.0,0.0,0.0,0.0008133387556
SZ003006,20250423,0.0,0.0,0.0,0.54995
SZ003006,20240424,0.0,0.0,0.0,0.0026029342168
SZ003006,20230426,0.0,0.0,0.0,0.3
SZ003006,20220428,0.0,0.0,0.0,0.3
SZ003006,20210528,0.0,0.0,0.0,0.3
SZ003007,20240603,0.0,0.0,0.0,0.0007272727273
SZ003008,20240527,0.0,0.0,0.0,0.0013888888889
SZ003009,20240702,0.0,0.0,0.0,0.000160871562
SZ003010,20240613,0.0,0.0,0.0,0.0018975332068
SZ003011,20240531,0.0,0.0,0.0,0.0040080160321
SZ003012,20240529,0.0,0.0,0.0,0.0042253521127
SZ003013,20240529,0.0,0.0,0.0,0.0028671737858
SZ003015,20240520,0.0,0.0,0.0,0.0009496676162999
SZ003016,20240624,0.0,0.0,0.0,0.003500761035
SZ003016,20230615,0.0,0.0,0.0,0.3
SZ003016,20220607,0.0,0.0,0.0,0.6
SZ003016,20210701,0.0,0.0,0.0,0.4
SZ003017,20240711,0.0,0.0,0.0,0.0029163966299
SZ003018,20240712,0.0,0.0,0.0,0.0026702269693
SZ003019,20240611,0.0,0.0,0.0,0.0017314351674
SZ003020,20240528,0.0,0.0,0.0,0.0018670649739
SZ003021,20240521,0.0,0.0,0.0,0.0007748661595
SZ003022,20240425,0.0,0.0,0.0,0.0005053695514999
SZ003023,20240613,0.0,0.0,0.0,0.0024125452352
SZ003025,20240607,0.0,0.0,0.0,0.0016934801016
SZ003026,20250703,0.0,0.0,0.0,0.14954
SZ003026,20240718,0.0,0.0,0.0,
SZ003026,20230630,0.0,0.0,0.0,0.2
SZ003026,20220601,0.0,0.0,0.0,0.6
SZ003026,20210617,0.0,0.0,0.0,1.0
SZ003027,20240606,0.0,0.0,0.0,0.0004562737643
SZ003030,20240611,0.0,0.0,0.0,0.0009689922481
SZ003031,20240611,0.0,0.0,0.0,0.0006218112245
SZ003032,20240620,0.0,0.0,0.0,0.000172972973
SZ003033,20240530,0.0,0.0,0.0,0.0019290123457
SZ003035,20240627,0.0,0.0,0.0,0.000204494382
SZ003036,20250627,0.0,0.0,0.0,0.124
SZ003036,20240523,0.0,0.0,0.0,0.0042168534137
SZ003036,20230515,0.0,0.0,0.0,0.17
SZ003036,20220523,0.0,0.0,0.0,0.072
SZ003036,20210528,0.0,0.0,0.0,0.059
SZ003037,20240619,0.0,0.0,0.0,0.0008333333332999
SZ003038,20240529,0.0,0.0,0.0,0.0016148566815
SZ003039,20240628,0.0,0.0,0.0,0.001379585327
SZ003040,20240704,0.0,0.0,0.0,0.0012645590682
SZ003041,20240605,0.0,0.0,0.0,0.0030234315949
SZ003043,20240606,0.0,0.0,0.0,0.0006684491979
SZ003816,20250703,0.0,0.0,0.0,0.095
SZ003816,20240710,0.0,0.0,0.0,0.0018650793650999
SZ003816,20230707,0.0,0.0,0.0,0.087
SZ003816,20220707,0.0,0.0,0.0,0.084
SZ003816,20210708,0.0,0.0,0.0,0.08
SZ003816,20200710,0.0,0.0,0.0,0.076
SZ003816,20171228,0.0,0.0,0.0,12.052
SZ003816,20161229,0.0,0.0,0.0,2.556
SZ111026,20100629,0.0,0.0,0.0,5.3
SZ111026,20090629,0.0,0.0,0.0,5.3
SZ111026,20070629,0.0,0.0,0.0,5.3
SZ111026,20060628,0.0,0.0,0.0,5.3
SZ150006,20120511,0.0,0.0,0.0,0.0
SZ150016,20201231,0.0,0.0,0.0,0.0
SZ150016,20190424,0.203,0.0,0.0,0.0
SZ150016,20160425,1.178,0.0,0.0,0.0
SZ150016,20130424,-0.006,0.0,0.0,0.0
SZ150036,20200506,0.0,0.0,0.0,0.0
SZ150036,20200106,0.034,0.0,0.0,0.0
SZ150036,20190104,-0.001,0.0,0.0,0.0
SZ150036,20180104,0.176,0.0,0.0,0.0
SZ150036,20170105,0.02597403,0.0,0.0,0.0
SZ150036,20160106,0.1108891,0.0,0.0,0.0
SZ150036,20150107,0.007992008,0.0,0.0,0.0
SZ150036,20140106,0.03696304,0.0,0.0,0.0
SZ150036,20130108,0.04295704,0.0,0.0,0.0
SZ150036,20120106,0.051,0.0,0.0,0.0
SZ150036,20120104,0.0,0.0,0.0,0.041
SZ150046,20141124,0.0,0.0,0.0,0.0
SZ150056,20200217,0.0,0.0,0.0,0.0
SZ150066,20200318,0.0,0.0,0.0,0.0
SZ150066,20200106,0.013,0.0,0.0,0.0
SZ150066,20190104,-0.03,0.0,0.0,0.0
SZ150066,20180104,-0.1,0.0,0.0,0.0
SZ150066,20170105,-0.072,0.0,0.0,0.0
SZ150066,20160106,-0.087,0.0,0.0,0.0
SZ150066,20150514,-0.105,0.0,0.0,0.0
SZ150066,20150107,-0.037,0.0,0.0,0.0
SZ150066,20140106,-0.05,0.0,0.0,0.0
SZ150066,20130108,-0.04,0.0,0.0,0.0
SZ150076,20180817,0.0,0.0,0.0,0.0
SZ150076,20180104,-0.069,0.0,0.0,0.0
SZ150076,20170105,0.024,0.0,0.0,0.0
SZ150076,20160106,-0.01798202,0.0,0.0,0.0
SZ150076,20150107,-0.07992008,0.0,0.0,0.0
SZ150076,20140106,-0.05,0.0,0.0,0.0
SZ150076,20130108,-0.05594406,0.0,0.0,0.0
SZ150086,20170508,0.0,0.0,0.0,0.0
SZ150086,20150828,-0.6869806,0.0,0.0,0.0
SZ150086,20150617,2.45671,0.0,0.0,0.0
SZ150096,20170628,0.0,0.0,0.0,0.0
SZ150096,20170105,0.05994006,0.0,0.0,0.0
SZ150096,20160106,0.1028971,0.0,0.0,0.0
SZ150096,20150107,0.03996004,0.0,0.0,0.0
SZ150096,20140106,0.01998002,0.0,0.0,0.0
SZ150096,20130108,0.04895105,0.0,0.0,0.0
SZ150106,20190919,0.0,0.0,0.0,0.0
SZ150106,20180921,0.066,0.0,0.0,0.0
SZ150106,20170921,0.118,0.0,0.0,0.0
SZ150106,20160921,0.166,0.0,0.0,0.0
SZ150106,20150922,0.05394606,0.0,0.0,0.0
SZ150106,20150828,-0.03,0.0,0.0,0.0
SZ150106,20150521,0.062,0.0,0.0,0.0
SZ150106,20140923,0.2487513,0.0,0.0,0.0
SZ150106,20130924,0.1748252,0.0,0.0,0.0
SZ150116,20160118,0.0,0.0,0.0,0.0
SZ150136,20200326,0.0,0.0,0.0,0.0
SZ150146,20201113,0.0,0.0,0.0,0.0
SZ150146,20180214,-0.6373518,0.0,0.0,0.0
SZ150146,20150326,1.178499,0.0,0.0,0.0
SZ150156,20171103,0.0,0.0,0.0,0.0
SZ150156,20151019,0.383,0.0,0.0,0.0
SZ150156,20150925,0.394,0.0,0.0,0.0
SZ150166,20170310,0.0,0.0,0.0,0.0
SZ150176,20210105,0.0,0.0,0.0,0.0
SZ150186,20201231,0.0,0.0,0.0,0.0
SZ150186,20200729,0.027,0.0,0.0,0.0
SZ150186,20190729,0.016,0.0,0.0,0.0
SZ150186,20180727,-0.055,0.0,0.0,0.0
SZ150186,20180209,-0.02,0.0,0.0,0.0
SZ150186,20170727,0.016,0.0,0.0,0.0
SZ150186,20160727,0.027,0.0,0.0,0.0
SZ150186,20150727,-0.18,0.0,0.0,0.0
SZ150186,20150713,-0.123,0.0,0.0,0.0
SZ150196,20201231,0.0,0.0,0.0,0.0
SZ150196,20200106,0.048,0.0,0.0,0.0
SZ150196,20190104,0.026,0.0,0.0,0.0
SZ150196,20180104,0.015,0.0,0.0,0.0
SZ150196,20170105,0.077,0.0,0.0,0.0
SZ150196,20160106,0.048,0.0,0.0,0.0
SZ150196,20150713,-0.07,0.0,0.0,0.0
SZ150206,20201231,0.0,0.0,0.0,0.0
SZ150206,20170511,-0.7435622,0.0,0.0,0.0
SZ150206,20151111,1.12525,0.0,0.0,0.0
SZ150206,20150917,-0.7431507,0.0,0.0,0.0
SZ150206,20150507,1.431866,0.0,0.0,0.0
SZ150216,20201202,0.0,0.0,0.0,0.0
SZ150216,20200714,1.198,0.0,0.0,0.0
SZ150216,20150918,-0.6554536,0.0,0.0,0.0
SZ150226,20200805,0.0,0.0,0.0,0.0
SZ150226,20150828,-0.7435644,0.0,0.0,0.0
SZ150236,20201231,0.0,0.0,0.0,0.0
SZ150236,20190312,0.9463938,0.0,0.0,0.0
SZ150236,20180807,-0.7295082,0.0,0.0,0.0
SZ150236,20160112,-0.6690307,0.0,0.0,0.0
SZ150246,20201231,0.0,0.0,0.0,0.0
SZ150246,20200709,1.244742,0.0,0.0,0.0
SZ150246,20150828,-0.5864078,0.0,0.0,0.0
SZ150256,20200805,0.0,0.0,0.0,0.0
SZ150266,20160202,-0.710251,0.0,0.0,0.0
SZ150266,20150731,-0.6305668,0.0,0.0,0.0
SZ150276,20201231,0.0,0.0,0.0,0.0
SZ150276,20180622,-0.7295082,0.0,0.0,0.0
SZ150276,20150713,-0.6034985,0.0,0.0,0.0
SZ150296,20201130,0.0,0.0,0.0,0.0
SZ150296,20150713,-0.5366284,0.0,0.0,0.0
SZ150306,20190329,0.0,0.0,0.0,0.0
SZ150306,20180822,-0.7480916,0.0,0.0,0.0
SZ150316,20201231,0.0,0.0,0.0,0.0
SZ150316,20200716,1.354839,0.0,0.0,0.0
SZ150316,20200109,1.057927,0.0,0.0,0.0
SZ150316,20180913,-0.704918,0.0,0.0,0.0
SZ150316,20150827,-0.5494382,0.0,0.0,0.0
SZ150326,20181023,-0.6502326,0.0,0.0,0.0
SZ150326,20160129,-0.7264574,0.0,0.0,0.0
SZ150336,20201130,0.0,0.0,0.0,0.0
SZ150336,20171208,-0.7387475,0.0,0.0,0.0
SZ159116,20250918,-0.99,0.0,0.0,0.0
SZ159246,20260213,0.9990741,0.0,0.0,0.0
SZ159336,20251023,0.0,0.0,0.0,0.03
SZ159396,20250117,-0.99,0.0,0.0,0.0
SZ159516,20260330,1.0,0.0,0.0,0.0
SZ159576,20260210,0.0,0.0,0.0,0.003
SZ159576,20251117,0.0,0.0,0.0,0.003
SZ159576,20250813,0.0,0.0,0.0,0.0024
SZ159576,20250519,0.0,0.0,0.0,0.0022
SZ159576,20250218,0.0,0.0,0.0,0.0023
SZ159576,20241113,0.0,0.0,0.0,0.002
SZ159576,20240814,0.0,0.0,0.0,0.002
SZ159596,20251020,0.9984,0.0,0.0,0.0
SZ159596,20251015,0.0,0.0,0.0,0.0293
SZ159596,20241021,0.0,0.0,0.0,0.0202
SZ159636,20251208,0.998557,0.0,0.0,0.0
SZ159806,20220114,2.0,0.0,0.0,0.0
SZ159816,20260325,0.0,0.0,0.0,0.7655
SZ159816,20251209,0.0,0.0,0.0,0.9166
SZ159816,20210511,0.0,0.0,0.0,1.3
SZ159816,20201221,0.0,0.0,0.0,0.0435
SZ159816,20200825,-0.9000018,0.0,0.0,0.0
SZ159876,20250804,0.9984227,0.0,0.0,0.0
SZ159916,20111012,4.448364,0.0,0.0,0.0
SZ159926,20130718,-0.99,0.0,0.0,0.0
SZ159966,20201106,3.07648,0.0,0.0,0.0
SZ160106,20260120,0.0,0.0,0.0,0.07
SZ160106,20250121,0.0,0.0,0.0,0.02
SZ160106,20220119,0.0,0.0,0.0,0.227
SZ160106,20210119,0.0,0.0,0.0,0.38
SZ160106,20200117,0.0,0.0,0.0,0.02
SZ160106,20180117,0.0,0.0,0.0,0.044
SZ160106,20170119,0.0,0.0,0.0,0.02
SZ160106,20160121,0.0,0.0,0.0,0.645
SZ160106,20150121,0.0,0.0,0.0,0.18
SZ160106,20140120,0.0,0.0,0.0,0.16
SZ160106,20130116,0.0,0.0,0.0,0.03
SZ160106,20120113,0.0,0.0,0.0,0.02
SZ160106,20110117,0.0,0.0,0.0,0.073
SZ160106,20110114,0.0,0.0,0.0,0.073
SZ160106,20100316,0.0,0.0,0.0,0.05
SZ160106,20100315,0.0,0.0,0.0,0.05
SZ160106,20081222,0.0,0.0,0.0,0.05
SZ160106,20081219,0.0,0.0,0.0,0.05
SZ160106,20080520,0.0,0.0,0.0,0.35
SZ160106,20080519,0.0,0.0,0.0,0.35
SZ160106,20061129,0.0,0.0,0.0,0.747
SZ160106,20061128,0.0,0.0,0.0,0.747
SZ160106,20060328,0.0,0.0,0.0,0.057
SZ160106,20060228,0.0,0.0,0.0,0.05
SZ160106,20060119,0.0,0.0,0.0,0.05
SZ160136,20171201,0.0248,0.0,0.0,0.0
SZ160136,20161201,0.0433,0.0,0.0,0.0
SZ160416,20120828,0.0,0.0,0.0,0.04
SZ160516,20191202,0.0,0.0,0.0,0.0
SZ160516,20181203,0.0,0.0,0.0,0.0
SZ160516,20171201,0.0202,0.0,0.0,0.0
SZ160516,20161201,0.0213,0.0,0.0,0.0
SZ160516,20151201,0.0058,0.0,0.0,0.0
SZ160516,20150826,0.0,0.0,0.0,0.0
SZ160526,20220118,0.0,0.0,0.0,0.1388
SZ160526,20210119,0.0,0.0,0.0,0.1481
SZ160526,20200115,0.0,0.0,0.0,0.0352
SZ160626,20180102,0.0182,0.0,0.0,0.0
SZ160626,20170103,0.0203,0.0,0.0,0.0
SZ160626,20160104,0.0079,0.0,0.0,0.0
SZ160626,20150515,0.505,0.0,0.0,0.0
SZ160626,20150513,0.5046,0.0,0.0,0.0
SZ160626,20150226,0.526,0.0,0.0,0.0
SZ160626,20150217,0.5261,0.0,0.0,0.0
SZ160626,20150105,0.0163,0.0,0.0,0.0
SZ160636,20161101,0.0256,0.0,0.0,0.0
SZ160706,20260119,0.0,0.0,0.0,0.0355
SZ160706,20250116,0.0,0.0,0.0,0.015
SZ160706,20210421,0.0,0.0,0.0,0.1979
SZ160706,20200403,0.0,0.0,0.0,0.03
SZ160706,20180116,0.0,0.0,0.0,0.0233
SZ160706,20070823,0.0,0.0,0.0,0.429
SZ160706,20070822,0.0,0.0,0.0,0.429
SZ160706,20070808,0.0,0.0,0.0,0.2
SZ160706,20070305,0.0,0.0,0.0,0.069
SZ160706,20070205,0.0,0.0,0.0,0.92
SZ160706,20060619,0.0,0.0,0.0,0.15
SZ160706,20060414,0.0,0.0,0.0,0.03
SZ160706,20060309,0.0,0.0,0.0,0.07
SZ160716,20090407,0.0,0.0,0.0,0.01
SZ160716,20090225,0.0,0.0,0.0,0.006
SZ160716,20081224,0.0,0.0,0.0,0.013
SZ160726,20200727,0.0,0.0,0.0,0.64
SZ160806,20201229,0.0,0.0,0.0,0.1345
SZ160806,20200618,0.0,0.0,0.0,0.0693
SZ160806,20200325,0.0,0.0,0.0,0.0596
SZ160806,20190912,0.0,0.0,0.0,0.0664
SZ160806,20190621,0.0,0.0,0.0,0.0612
SZ160806,20140523,0.032,0.0,0.0,0.0
SZ160806,20140521,0.0322,0.0,0.0,0.0
SZ160806,20130523,0.028,0.0,0.0,0.0
SZ160806,20130521,0.0284,0.0,0.0,0.0
SZ160916,20190917,0.0,0.0,0.0,0.5
SZ160916,20121219,0.0,0.0,0.0,0.0
SZ160916,20120829,0.0,0.0,0.0,0.0
SZ161026,20171215,0.0239,0.0,0.0,0.0
SZ161026,20161215,0.0265,0.0,0.0,0.0
SZ161026,20151215,0.0082,0.0,0.0,0.0
SZ161026,20150527,0.583,0.0,0.0,0.0
SZ161026,20150525,0.5833,0.0,0.0,0.0
SZ161216,20211214,0.0,0.0,0.0,0.082
SZ161216,20191226,0.0,0.0,0.0,0.07
SZ161216,20181112,0.0,0.0,0.0,0.033
SZ161216,20161215,0.0,0.0,0.0,0.01
SZ161216,20161115,0.0,0.0,0.0,0.006
SZ161216,20161024,0.0,0.0,0.0,0.007
SZ161216,20160118,0.0,0.0,0.0,0.006
SZ161216,20151215,0.0,0.0,0.0,0.006
SZ161216,20151116,0.0,0.0,0.0,0.007
SZ161216,20151021,0.0,0.0,0.0,0.005
SZ161216,20150916,0.0,0.0,0.0,0.004
SZ161216,20150817,0.0,0.0,0.0,0.02
SZ161216,20150715,0.0,0.0,0.0,0.006
SZ161216,20150615,0.0,0.0,0.0,0.015
SZ161216,20150518,0.0,0.0,0.0,0.015
SZ161216,20150416,0.0,0.0,0.0,0.03
SZ161216,20150316,0.0,0.0,0.0,0.02
SZ161216,20150213,0.0,0.0,0.0,0.03
SZ161216,20150119,0.0,0.0,0.0,0.08
SZ161216,20141215,0.0,0.0,0.0,0.03
SZ161216,20141114,0.0,0.0,0.0,0.015
SZ161216,20141022,0.0,0.0,0.0,0.013
SZ161216,20140916,0.0,0.0,0.0,0.002
SZ161216,20140813,0.0,0.0,0.0,0.017
SZ161216,20131018,0.0,0.0,0.0,0.003
SZ161216,20130912,0.0,0.0,0.0,0.003
SZ161216,20130813,0.0,0.0,0.0,0.003
SZ161216,20130711,0.0,0.0,0.0,0.01
SZ161216,20130618,0.0,0.0,0.0,0.01
SZ161216,20130514,0.0,0.0,0.0,0.015
SZ161216,20130415,0.0,0.0,0.0,0.01
SZ161216,20130313,0.0,0.0,0.0,0.02
SZ161216,20130220,0.0,0.0,0.0,0.01
SZ161216,20130116,0.0,0.0,0.0,0.005
SZ161216,20121213,0.0,0.0,0.0,0.005
SZ161216,20121113,0.0,0.0,0.0,0.005
SZ161216,20121018,0.0,0.0,0.0,0.004
SZ161216,20120913,0.0,0.0,0.0,0.004
SZ161216,20120813,0.0,0.0,0.0,0.01
SZ161216,20120712,0.0,0.0,0.0,0.008
SZ161216,20120613,0.0,0.0,0.0,0.01
SZ161216,20120514,0.0,0.0,0.0,0.01
SZ161216,20120418,0.0,0.0,0.0,0.01
SZ161626,20250325,0.0,0.0,0.0,0.107
SZ161626,20240927,0.0,0.0,0.0,0.1187
SZ161626,20240627,0.0,0.0,0.0,0.1516
SZ161706,20191030,0.0,0.0,0.0,0.1851
SZ161706,20070322,1.3103,0.0,0.0,0.0
SZ161706,20070119,0.0,0.0,0.0,0.2
SZ161706,20061102,0.0,0.0,0.0,0.1
SZ161706,20060606,0.0,0.0,0.0,0.2
SZ161706,20060418,0.0,0.0,0.0,0.05
SZ161706,20060301,0.0,0.0,0.0,0.035
SZ161706,20060119,0.0,0.0,0.0,0.015
SZ161726,20171215,0.0209,0.0,0.0,0.0
SZ161726,20161215,0.0227,0.0,0.0,0.0
SZ161726,20151215,0.0098,0.0,0.0,0.0
SZ161816,20180102,0.0215,0.0,0.0,0.0
SZ161816,20170103,0.0239,0.0,0.0,0.0
SZ161816,20160104,0.0098,0.0,0.0,0.0
SZ161816,20150825,0.0,0.0,0.0,0.0
SZ161816,20150528,1.102,0.0,0.0,0.0
SZ161816,20150107,0.024,0.0,0.0,0.0
SZ161816,20140106,0.035,0.0,0.0,0.0
SZ161816,20130108,0.01,0.0,0.0,0.0
SZ161816,20120831,0.0,0.0,0.0,0.0
SZ161816,20120104,0.0381,0.0,0.0,0.0
SZ161826,20171201,0.0379,0.0,0.0,0.0
SZ161826,20161201,0.0328,0.0,0.0,0.0
SZ161826,20151201,0.0093,0.0,0.0,0.0
SZ161826,20150112,0.476,0.0,0.0,0.0
SZ161826,20150108,0.4759,0.0,0.0,0.0
SZ161826,20141203,0.037,0.0,0.0,0.0
SZ161826,20141201,0.0366,0.0,0.0,0.0
SZ161826,20131204,0.013,0.0,0.0,0.0
SZ161826,20131202,0.0126,0.0,0.0,0.0
SZ162006,20221219,0.0,0.0,0.0,0.3
SZ162006,20221101,0.0,0.0,0.0,0.0776
SZ162006,20211220,0.0,0.0,0.0,0.41
SZ162006,20211122,0.0,0.0,0.0,0.12
SZ162006,20170607,0.0,0.0,0.0,0.064
SZ162006,20170120,0.0,0.0,0.0,0.03
SZ162006,20160121,0.0,0.0,0.0,0.1
SZ162006,20150122,0.0,0.0,0.0,0.05
SZ162006,20140905,0.0,0.0,0.0,0.04
SZ162006,20140117,0.0,0.0,0.0,0.04
SZ162006,20130122,0.0,0.0,0.0,0.015
SZ162006,20110420,0.0,0.0,0.0,0.19
SZ162006,20110419,0.0,0.0,0.0,0.19
SZ162006,20100427,0.0,0.0,0.0,0.29
SZ162006,20100426,0.0,0.0,0.0,0.29
SZ162006,20091222,0.0,0.0,0.0,0.02
SZ162006,20091221,0.0,0.0,0.0,0.02
SZ162006,20081217,0.0,0.0,0.0,0.01
SZ162006,20081216,0.0,0.0,0.0,0.01
SZ162006,20070312,1.281,0.0,0.0,0.0
SZ162006,20070309,1.2808,0.0,0.0,0.0
SZ162006,20070302,0.0,0.0,0.0,0.6
SZ162006,20020516,0.0,0.9511,1.01,0.0
SZ162216,20251030,0.0,0.0,0.0,0.0684
SZ162216,20250924,0.0,0.0,0.0,0.0715
SZ162216,20180102,0.019,0.0,0.0,0.0
SZ162216,20170103,0.0209,0.0,0.0,0.0
SZ162216,20160104,0.0172,0.0,0.0,0.0
SZ162216,20150410,1.02,0.0,0.0,0.0
SZ162216,20150107,0.019,0.0,0.0,0.0
SZ162216,20130108,0.029,0.0,0.0,0.0
SZ162216,20120106,0.002,0.0,0.0,0.0
SZ162216,20120104,0.0024,0.0,0.0,0.0
SZ163116,20170515,0.0218,0.0,0.0,0.0
SZ163116,20160513,0.01,0.0,0.0,0.0
SZ163406,20160421,1.612,0.0,0.0,0.0
SZ163406,20130422,0.0,0.0,0.0,0.0
SZ163806,20180313,0.0,0.0,0.0,0.055
SZ163806,20180117,0.0,0.0,0.0,0.035
SZ163806,20170119,0.0,0.0,0.0,0.035
SZ163806,20151222,0.0,0.0,0.0,0.15
SZ163806,20150120,0.0,0.0,0.0,0.025
SZ163806,20140120,0.0,0.0,0.0,0.015
SZ163806,20120625,0.0,0.0,0.0,0.05
SZ163806,20110624,0.0,0.0,0.0,0.07
SZ163806,20101221,0.0,0.0,0.0,0.02
SZ163806,20100629,0.0,0.0,0.0,0.02
SZ163806,20100119,0.0,0.0,0.0,0.01
SZ164206,20211230,0.0,0.0,0.0,0.1912
SZ164206,20151203,0.0,0.0,0.0,0.0
SZ164606,20240628,0.0,0.0,0.0,0.2237
SZ164606,20170914,0.0,0.0,0.0,0.1425
SZ164606,20140114,0.0,0.0,0.0,0.027
SZ164606,20121221,0.0,0.0,0.0,0.016
SZ164606,20120119,0.0,0.0,0.0,0.008
SZ165516,20201225,0.0,0.0,0.0,0.625
SZ165516,20170926,0.0,0.0,0.0,0.514
SZ165526,20210624,0.0,0.0,0.0,0.035
SZ166006,20180627,0.0,0.0,0.0,0.0583
SZ166006,20170912,0.0,0.0,0.0,0.144
SZ166006,20161108,0.0,0.0,0.0,0.114
SZ166006,20101115,0.0,0.0,0.0,0.05
SZ166006,20101112,0.0,0.0,0.0,0.05
SZ166016,20250620,0.0,0.0,0.0,0.0107
SZ166016,20220628,0.0,0.0,0.0,0.013
SZ166016,20220323,0.0,0.0,0.0,0.035
SZ166016,20211227,0.0,0.0,0.0,0.048
SZ166016,20210928,0.0,0.0,0.0,0.054
SZ166016,20210624,0.0,0.0,0.0,0.057
SZ166016,20210330,0.0,0.0,0.0,0.058
SZ166016,20200623,0.0,0.0,0.0,0.029
SZ166016,20171220,0.0,0.0,0.0,0.01
SZ166016,20170810,0.0,0.0,0.0,0.11
SZ166016,20170629,0.0,0.0,0.0,0.065
SZ166016,20160825,0.0,0.0,0.0,0.038
SZ169106,20260313,0.0,0.0,0.0,0.031
SZ169106,20251217,0.0,0.0,0.0,0.009
SZ169106,20250909,0.0,0.0,0.0,0.01
SZ169106,20250609,0.0,0.0,0.0,0.005
SZ169106,20250324,0.0,0.0,0.0,0.005
SZ169106,20241119,0.0,0.0,0.0,0.01
SZ169106,20230414,0.0,0.0,0.0,0.01
SZ169106,20220308,0.0,0.0,0.0,0.005
SZ169106,20211206,0.0,0.0,0.0,0.01
SZ169106,20210903,0.0,0.0,0.0,0.01
SZ169106,20210615,0.0,0.0,0.0,0.01
SZ169106,20210305,0.0,0.0,0.0,0.05
SZ169106,20210120,0.0,0.0,0.0,0.03
SZ169106,20201204,0.0,0.0,0.0,0.02
SZ169106,20201105,0.0,0.0,0.0,0.02
SZ169106,20200826,0.0,0.0,0.0,0.02
SZ169106,20200615,0.0,0.0,0.0,0.01
SZ169106,20200305,0.0,0.0,0.0,0.02
SZ169106,20191128,0.0,0.0,0.0,0.02
SZ169106,20190917,0.0,0.0,0.0,0.015
SZ169106,20190719,0.0,0.0,0.0,0.02
SZ169106,20190517,0.0,0.0,0.0,0.02
SZ169106,20190307,0.0,0.0,0.0,0.015
SZ169106,20181226,0.0,0.0,0.0,0.015
SZ180106,20251224,0.0,0.0,0.0,0.0419
SZ180106,20250924,0.0,0.0,0.0,0.0372
SZ180106,20250714,0.0,0.0,0.0,0.11875
SZ180606,20260331,0.0,0.0,0.0,0.08588
SZ184696,20070404,0.0,0.0,0.0,0.5
SZ184696,20060406,0.0,0.0,0.0,0.005
SZ184696,20050404,0.0,0.0,0.0,0.046
SZ184696,20040406,0.0,0.0,0.0,0.01
SZ184696,20020404,0.0,0.0,0.0,0.0043
SZ184696,20010406,0.0,0.0,0.0,0.085
SZ184706,20080408,0.0,0.0,0.0,0.93
SZ184706,20070404,0.0,0.0,0.0,0.5
SZ200016,20220610,0.0,0.0,0.0,0.05
SZ200016,20210604,0.0,0.0,0.0,0.1
SZ200016,20200709,0.0,0.0,0.0,0.05
SZ200016,20190705,0.0,0.0,0.0,0.1
SZ200016,20180606,0.0,0.0,0.0,0.162
SZ200016,20150925,1.0,0.0,0.0,0.0
SZ200016,20150720,0.0,0.0,0.0,0.01
SZ200016,20140529,0.0,0.0,0.0,0.01
SZ200016,20130614,0.0,0.0,0.0,0.01
SZ200016,20120709,0.0,0.0,0.0,0.01
SZ200016,20110711,0.0,0.0,0.0,0.01
SZ200016,20100715,0.0,0.0,0.0,0.01
SZ200016,20090710,0.0,0.0,0.0,0.05
SZ200016,20080603,1.0,0.0,0.0,0.0
SZ200016,20070802,0.0,0.0,0.0,0.1
SZ200016,20070801,0.0,0.0,0.0,0.1
SZ200016,20010625,0.0,0.0,0.0,0.15
SZ200016,20000726,0.1,0.0,0.0,0.4
SZ200016,19991021,0.0,0.0,0.0,0.3
SZ200016,19990823,0.2,0.0,0.0,0.3
SZ200016,19980716,0.0,0.3,10.5,0.0
SZ200016,19980622,0.0,0.0,0.0,0.56
SZ200016,19970714,0.0,0.0,0.0,0.52
SZ200016,19961030,0.0,0.3,5.85,0.0
SZ200016,19960717,0.0,0.3,6.28,0.0
SZ200016,19960705,0.0,0.0,0.0,0.515
SZ200016,19951025,0.0,0.0,0.0,0.4
SZ200016,19940617,0.5,0.0,0.0,0.11
SZ200016,19940613,0.5,0.0,0.0,0.11
SZ200016,19930528,0.35,0.0,0.0,0.09
SZ200016,19930503,0.35,0.0,0.0,0.09
SZ200026,20250528,0.0,0.0,0.0,0.43048
SZ200026,20240612,0.0,0.0,0.0,0.44097
SZ200026,20230615,0.0,0.0,0.0,0.25
SZ200026,20220615,0.0,0.0,0.0,0.27788
SZ200026,20220610,0.0,0.0,0.0,0.3
SZ200026,20210601,0.0,0.0,0.0,0.4084
SZ200026,20200701,0.0,0.0,0.0,0.2
SZ200026,20190812,0.0,0.0,0.0,0.2008
SZ200026,20180730,0.0,0.0,0.0,0.2
SZ200026,20170622,0.0,0.0,0.0,0.1
SZ200026,20160624,0.0,0.0,0.0,0.1186
SZ200026,20150806,0.0,0.0,0.0,0.1
SZ200026,20140731,0.0,0.0,0.0,0.1
SZ200026,20130813,0.0,0.0,0.0,0.1
SZ200026,20120601,0.0,0.0,0.0,0.1
SZ200026,20110427,0.4,0.0,0.0,0.1
SZ200026,20100804,0.0,0.0,0.0,0.1
SZ200026,20090715,0.0,0.0,0.0,0.1
SZ200026,20080626,0.0,0.0,0.0,0.1
SZ200026,20020719,0.0,0.0,0.0,0.05
SZ200026,20000726,0.0,0.0,0.0,0.1
SZ200026,19990810,0.0,0.0,0.0,0.18
SZ200026,19980826,0.0,0.0,0.0,0.1
SZ200026,19980810,0.0,0.0,0.0,0.175
SZ200026,19980108,0.5,0.0,0.0,0.0
SZ200026,19971030,0.0,0.2,7.47,0.0
SZ200026,19970715,0.0,0.0,0.0,0.1
SZ200026,19960624,0.2,0.0,0.0,0.2
SZ200026,19960102,0.2,0.0,0.0,0.273
SZ200026,19951227,0.2,0.0,0.0,0.3
SZ200026,19940713,0.5,0.0,0.0,0.1
SZ200026,19940706,0.5,0.0,0.0,0.1
SZ200056,20190709,0.0,0.0,0.0,0.01
SZ200056,20180815,0.0,0.0,0.0,0.04
SZ200056,20160708,1.0,0.0,0.0,0.0
SZ200056,20140808,0.2,0.0,0.0,0.0
SZ200056,20000724,0.0,0.0,0.0,0.05
SZ200056,19980727,0.2,0.0,0.0,0.0
SZ200056,19970728,0.2,0.0,0.0,0.0
SZ200056,19960827,0.0,0.0,0.0,0.12
SZ200056,19960826,0.0,0.0,0.0,0.12
SZ200596,20260210,0.0,0.0,0.0,1.11807
SZ200596,20250626,0.0,0.0,0.0,5.45613
SZ200596,20250124,0.0,0.0,0.0,1.08307
SZ200596,20240620,0.0,0.0,0.0,4.94397
SZ200596,20230713,0.0,0.0,0.0,3.0
SZ200596,20220613,0.0,0.0,0.0,2.2
SZ200596,20210609,0.0,0.0,0.0,1.5
SZ200596,20200709,0.0,0.0,0.0,1.5
SZ200596,20190621,0.0,0.0,0.0,1.5
SZ200596,20180607,0.0,0.0,0.0,1.0
SZ200596,20170629,0.0,0.0,0.0,0.6
SZ200596,20160627,0.0,0.0,0.0,0.1
SZ200596,20150713,0.0,0.0,0.0,0.2
SZ200596,20140708,0.0,0.0,0.0,0.35
SZ200596,20130614,0.0,0.0,0.0,0.5
SZ200596,20120502,1.0,0.0,0.0,0.45
SZ200596,20110512,0.0,0.0,0.0,0.35
SZ200596,20100507,0.0,0.0,0.0,0.35
SZ200596,20030723,0.0,0.0,0.0,0.0942
SZ200596,20030703,0.0,0.0,0.0,0.1
SZ200596,20020528,0.0,0.0,0.0,0.2
SZ200596,20010418,0.0,0.0,0.0,0.3
SZ200596,20000613,0.0,0.0,0.0,0.29
SZ200596,19990608,0.0,0.0,0.0,0.28
SZ200596,19980625,0.0,0.0,0.0,0.35
SZ200596,19970613,0.0,0.0,0.0,0.21
SZ200706,20200609,0.0,0.0,0.0,0.08
SZ200706,20190724,0.0,0.0,0.0,0.04
SZ200706,20180709,0.0,0.0,0.0,0.04
SZ200706,20170710,0.0,0.0,0.0,0.01
SZ200706,20140812,0.0,0.0,0.0,0.04
SZ200706,20130820,0.0,0.0,0.0,0.04
SZ200706,20120813,0.0,0.0,0.0,0.04
SZ200706,20110810,0.0,0.0,0.0,0.04
SZ200706,20100810,0.0,0.0,0.0,0.04
SZ200706,20090821,0.0,0.0,0.0,0.04
SZ200706,20080807,0.0,0.0,0.0,0.04
SZ200706,20070810,0.0,0.0,0.0,0.035
SZ200706,20061116,0.22,0.0,0.0,0.0
SZ200706,20060814,0.0,0.0,0.0,0.05
SZ200706,20050812,0.0,0.0,0.0,0.03
SZ200706,20040817,0.0,0.0,0.0,0.03
SZ200706,20030812,0.0,0.0,0.0,0.03
SZ200706,20020812,0.0,0.0,0.0,0.03
SZ200706,20010817,0.0,0.0,0.0,0.05
SZ200706,20000811,0.0,0.0,0.0,0.05
SZ200706,19990813,0.0,0.0,0.0,0.06
SZ200706,19980811,0.0,0.0,0.0,0.1
SZ200726,20251023,0.0,0.0,0.0,0.10957
SZ200726,20250620,0.0,0.0,0.0,0.10768
SZ200726,20241219,0.0,0.0,0.0,0.05412
SZ200726,20241108,0.0,0.0,0.0,0.11045
SZ200726,20240619,0.0,0.0,0.0,0.14286
SZ200726,20230616,0.0,0.0,0.0,0.1
SZ200726,20220623,0.0,0.0,0.0,0.07
SZ200726,20210618,0.0,0.0,0.0,0.05
SZ200726,20200709,0.0,0.0,0.0,0.1
SZ200726,20190621,0.0,0.0,0.0,0.5
SZ200726,20180627,0.0,0.0,0.0,0.5
SZ200726,20170612,0.0,0.0,0.0,0.5
SZ200726,20160623,0.0,0.0,0.0,0.5
SZ200726,20150618,0.0,0.0,0.0,0.5
SZ200726,20140523,0.0,0.0,0.0,0.38
SZ200726,20130621,0.0,0.0,0.0,0.28
SZ200726,20120627,0.0,0.0,0.0,0.28
SZ200726,20110602,0.0,0.0,0.0,0.25
SZ200726,20100701,0.0,0.0,0.0,0.25
SZ200726,20090625,0.0,0.0,0.0,0.2
SZ200726,20080507,0.0,0.0,0.0,0.2222
SZ200726,20070619,1.0,0.0,0.0,0.3718
SZ200726,20060713,0.0,0.0,0.0,0.3
SZ200726,20050715,0.0,0.0,0.0,0.375
SZ200726,20040528,0.0,0.0,0.0,0.375
SZ200726,20030520,0.2,0.0,0.0,0.3
SZ200726,20020708,0.3,0.0,0.0,0.318
SZ200726,20010524,0.3,0.0,0.0,0.0
SZ200726,20000523,0.0,0.0,0.0,0.318
SZ200726,19990525,0.0,0.0,0.0,0.2675
SZ200726,19980612,0.0,0.0,0.0,0.107
SZ200986,20210426,0.0,0.0,0.0,0.034
SZ200986,20200603,0.0,0.0,0.0,0.015
SZ200986,20180612,0.0,0.0,0.0,0.018
SZ200986,20170518,0.0,0.0,0.0,0.032
SZ200986,20160613,0.0,0.0,0.0,0.038
SZ200986,20150825,0.0,0.0,0.0,0.015
SZ200986,20131021,0.0,0.0,0.0,0.1
SZ200986,20130710,0.0,0.0,0.0,0.1
SZ200986,20120629,0.0,0.0,0.0,0.2
SZ200986,20070705,0.15,0.0,0.0,0.05
SZ200986,20040713,0.0,0.0,0.0,0.11
SZ200986,20030620,0.0,0.0,0.0,0.11
SZ200986,20020709,0.0,0.0,0.0,0.133
SZ200986,20010611,0.0,0.0,0.0,0.126
SZ300001,20240614,0.0,0.0,0.0,0.0004597701148999
SZ300002,20240607,0.0,0.0,0.0,0.0006857142856999
SZ300003,20240627,0.0,0.0,0.0,0.0021506164828
SZ300005,20240703,0.0,0.0,0.0,0.0004780876493999
SZ300006,20200703,0.0,0.0,0.0,0.05
SZ300006,20190712,0.0,0.0,0.0,0.05
SZ300006,20180822,0.0,0.0,0.0,0.05
SZ300006,20170705,0.0,0.0,0.0,0.05
SZ300006,20160524,2.6,0.0,0.0,0.1
SZ300006,20150715,0.0,0.0,0.0,0.1
SZ300006,20140813,0.0,0.0,0.0,0.1
SZ300006,20130813,0.0,0.0,0.0,0.1
SZ300006,20120620,0.0,0.0,0.0,0.1
SZ300006,20110712,1.0,0.0,0.0,0.1
SZ300006,20100625,0.0,0.0,0.0,0.1
SZ300007,20240529,0.0,0.0,0.0,0.0007288629738
SZ300009,20240527,0.0,0.0,0.0,0.0025484199796
SZ300012,20240524,0.0,0.0,0.0,0.0008453085375999
SZ300014,20240521,0.0,0.0,0.0,0.0013273161667
SZ300015,20240606,0.0,0.0,0.0,0.0012357701812
SZ300016,20250519,0.0,0.0,0.0,0.05
SZ300016,20230525,0.0,0.0,0.0,0.07
SZ300016,20220429,0.0,0.0,0.0,0.07
SZ300016,20210419,0.0,0.0,0.0,0.06
SZ300016,20200615,0.0,0.0,0.0,0.07
SZ300016,20190403,0.0,0.0,0.0,0.1
SZ300016,20180904,0.5,0.0,0.0,0.0
SZ300016,20180416,0.0,0.0,0.0,0.037
SZ300016,20170331,0.0,0.0,0.0,0.01
SZ300016,20160628,0.0,0.0,0.0,0.02
SZ300016,20150525,0.0,0.0,0.0,0.06
SZ300016,20140508,0.0,0.0,0.0,0.1
SZ300016,20130416,1.0,0.0,0.0,0.2
SZ300016,20120411,0.0,0.0,0.0,0.2
SZ300016,20110519,0.5,0.0,0.0,0.2
SZ300016,20100531,0.5,0.0,0.0,0.13
SZ300017,20240523,0.0,0.0,0.0,0.0028636884307
SZ300018,20240607,0.0,0.0,0.0,0.0011135857461
SZ300019,20240430,0.0,0.0,0.0,0.0021865889213
SZ300021,20240517,0.0,0.0,0.0,0.0007518796992
SZ300026,20250624,0.0,0.0,0.0,0.03
SZ300026,20240523,0.0,0.0,0.0,0.0008064516129
SZ300026,20230512,0.0,0.0,0.0,0.03
SZ300026,20220519,0.0,0.0,0.0,0.04
SZ300026,20210610,0.0,0.0,0.0,0.04
SZ300026,20200601,0.0,0.0,0.0,0.05
SZ300026,20190516,0.0,0.0,0.0,0.02
SZ300026,20180518,0.0,0.0,0.0,0.02
SZ300026,20170524,0.0,0.0,0.0,0.025
SZ300026,20161026,2.0,0.0,0.0,0.0
SZ300026,20160525,0.0,0.0,0.0,0.06
SZ300026,20150526,0.5,0.0,0.0,0.1
SZ300026,20140519,0.5,0.0,0.0,0.1
SZ300026,20130507,0.5,0.0,0.0,0.1
SZ300026,20120510,0.5,0.0,0.0,0.17
SZ300026,20110519,0.5,0.0,0.0,0.25
SZ300026,20100510,1.0,0.0,0.0,0.5
SZ300031,20240613,0.0,0.0,0.0,0.0004201680672
SZ300033,20240329,0.0,0.0,0.0,0.0016318053701
SZ300034,20240711,0.0,0.0,0.0,0.0007788944724
SZ300035,20240605,0.0,0.0,0.0,0.0016146393972
SZ300036,20240521,0.0,0.0,0.0,0.0006510416667
SZ300036,20220517,0.0,0.0,0.0,0.06
SZ300036,20210518,0.0,0.0,0.0,0.052
SZ300036,20200526,0.0,0.0,0.0,0.048
SZ300036,20190516,0.0,0.0,0.0,0.075
SZ300036,20180511,0.0,0.0,0.0,0.088
SZ300036,20170511,0.0,0.0,0.0,0.06
SZ300036,20160505,1.0,0.0,0.0,0.1
SZ300036,20150512,0.6,0.0,0.0,0.1
SZ300036,20140530,0.0,0.0,0.0,0.1
SZ300036,20110616,0.6,0.0,0.0,0.2
SZ300036,20100521,0.0,0.0,0.0,0.2
SZ300037,20240510,0.0,0.0,0.0,0.0017426662794
SZ300039,20240619,0.0,0.0,0.0,0.0017391304348
SZ300040,20240711,0.0,0.0,0.0,0.0013011152416
SZ300041,20240523,0.0,0.0,0.0,0.0012224938875
SZ300046,20250606,0.0,0.0,0.0,0.08
SZ300046,20250116,0.0,0.0,0.0,0.065
SZ300046,20190705,0.0,0.0,0.0,0.3
SZ300046,20180509,0.5,0.0,0.0,0.2
SZ300046,20170511,0.0,0.0,0.0,0.05
SZ300046,20160615,0.0,0.0,0.0,0.25
SZ300046,20150605,0.0,0.0,0.0,0.4
SZ300046,20140410,0.0,0.0,0.0,0.4
SZ300046,20130411,0.0,0.0,0.0,0.4
SZ300046,20120417,0.0,0.0,0.0,0.6
SZ300046,20110421,1.0,0.0,0.0,0.6
SZ300046,20100426,0.2,0.0,0.0,0.4
SZ300047,20240520,0.0,0.0,0.0,0.0002051983584
SZ300055,20240710,0.0,0.0,0.0,0.0003778337531
SZ300056,20160517,0.0,0.0,0.0,0.06
SZ300056,20151014,1.0,0.0,0.0,0.0
SZ300056,20150513,0.0,0.0,0.0,0.1
SZ300056,20140530,0.6,0.0,0.0,0.2
SZ300056,20130711,0.0,0.0,0.0,0.04
SZ300056,20120503,0.8,0.0,0.0,0.1
SZ300056,20110610,0.0,0.0,0.0,0.4
SZ300058,20240607,0.0,0.0,0.0,0.0001785714286
SZ300059,20240423,0.0,0.0,0.0,0.0003231017771
SZ300062,20240524,0.0,0.0,0.0,0.0004016064257
SZ300066,20250606,0.0,0.0,0.0,0.03
SZ300066,20240524,0.0,0.0,0.0,0.0014880952381
SZ300066,20230512,0.0,0.0,0.0,0.03
SZ300066,20220516,0.0,0.0,0.0,0.03
SZ300066,20210521,0.0,0.0,0.0,0.04
SZ300066,20200522,0.0,0.0,0.0,0.05
SZ300066,20190430,0.0,0.0,0.0,0.02
SZ300066,20180515,0.0,0.0,0.0,0.02
SZ300066,20170418,0.0,0.0,0.0,0.02
SZ300066,20160518,1.5,0.0,0.0,0.08
SZ300066,20150429,0.6,0.0,0.0,0.1
SZ300066,20140516,0.6,0.0,0.0,0.1
SZ300066,20130531,0.0,0.0,0.0,0.15
SZ300066,20120504,0.5,0.0,0.0,0.2
SZ300066,20110429,1.0,0.0,0.0,0.4
SZ300066,20100716,0.0,0.0,0.0,0.35
SZ300067,20240528,0.0,0.0,0.0,0.0008888888888999
SZ300068,20240715,0.0,0.0,0.0,0.0007629107981
SZ300070,20240521,0.0,0.0,0.0,0.000881147541
SZ300073,20240607,0.0,0.0,0.0,0.0019562955255
SZ300075,20240530,0.0,0.0,0.0,0.0003346720214
SZ300076,20190613,0.0,0.0,0.0,0.0236
SZ300076,20160624,1.0,0.0,0.0,0.0
SZ300076,20150610,0.0,0.0,0.0,0.08
SZ300076,20140522,1.0,0.0,0.0,0.1
SZ300076,20120710,0.0,0.0,0.0,0.3
SZ300076,20100908,1.0,0.0,0.0,0.3
SZ300079,20240705,0.0,0.0,0.0,0.0002515175879
SZ300086,20210813,0.0,0.0,0.0,0.02
SZ300086,20190628,0.0,0.0,0.0,0.15
SZ300086,20150930,0.5,0.0,0.0,0.1
SZ300086,20140523,0.5,0.0,0.0,0.2
SZ300086,20131105,0.0,0.0,0.0,0.2
SZ300086,20130507,0.0,0.0,0.0,0.2
SZ300086,20111014,0.0,0.0,0.0,0.15
SZ300086,20110418,1.0,0.0,0.0,0.3
SZ300087,20240619,0.0,0.0,0.0,0.0014814814815
SZ300088,20240607,0.0,0.0,0.0,0.0015217391304
SZ300092,20240514,0.0,0.0,0.0,0.0021081576535
SZ300095,20240606,0.0,0.0,0.0,0.0018552875696
SZ300096,20210708,0.0,0.0,0.0,0.005
SZ300096,20200708,0.0,0.0,0.0,0.005
SZ300096,20190621,0.0,0.0,0.0,0.005
SZ300096,20180613,0.0,0.0,0.0,0.005
SZ300096,20170629,0.0,0.0,0.0,0.005
SZ300096,20160620,0.0,0.0,0.0,0.005
SZ300096,20150527,0.0,0.0,0.0,0.005
SZ300096,20140925,1.5,0.0,0.0,0.0
SZ300096,20140708,0.0,0.0,0.0,0.1
SZ300096,20130524,0.0,0.0,0.0,0.1
SZ300096,20120604,0.0,0.0,0.0,0.1
SZ300096,20110707,1.0,0.0,0.0,0.2
SZ300100,20240521,0.0,0.0,0.0,0.0009514747859
SZ300105,20240524,0.0,0.0,0.0,0.0022354694486
SZ300106,20170717,0.0,0.0,0.0,0.01
SZ300106,20160718,0.0,0.0,0.0,0.011
SZ300106,20160205,0.0,0.3,8.34,0.0
SZ300106,20150706,0.0,0.0,0.0,0.02
SZ300106,20140714,0.4,0.0,0.0,0.025
SZ300106,20130715,0.0,0.0,0.0,0.025
SZ300106,20120717,0.0,0.0,0.0,0.065
SZ300107,20240607,0.0,0.0,0.0,0.0001811877133
SZ300109,20240607,0.0,0.0,0.0,0.004854368932
SZ300110,20240710,0.0,0.0,0.0,0.0006840390879
SZ300112,20240619,0.0,0.0,0.0,0.0027624309392
SZ300113,20240620,0.0,0.0,0.0,0.0007506700935
SZ300116,20170418,1.0,0.0,0.0,0.01
SZ300116,20150702,0.5,0.0,0.0,0.018
SZ300116,20140509,0.5,0.0,0.0,0.01
SZ300116,20130614,1.0,0.0,0.0,0.0
SZ300118,20240530,0.0,0.0,0.0,0.0013215164474
SZ300119,20240515,0.0,0.0,0.0,0.0023405500292999
SZ300121,20240429,0.0,0.0,0.0,0.003008423586
SZ300122,20240808,0.0,0.0,0.0,0.0029487652046
SZ300124,20240530,0.0,0.0,0.0,0.0007704160247
SZ300126,20240711,0.0,0.0,0.0,0.000234741784
SZ300126,20230713,0.0,0.0,0.0,0.01
SZ300126,20220818,0.0,0.0,0.0,0.01
SZ300126,20210820,0.0,0.0,0.0,0.01
SZ300126,20200716,0.0,0.0,0.0,0.01
SZ300126,20180713,0.0,0.0,0.0,0.01
SZ300126,20170808,0.0,0.0,0.0,0.015
SZ300126,20160705,0.0,0.0,0.0,0.02
SZ300126,20150619,0.0,0.0,0.0,0.025
SZ300126,20140513,1.0,0.0,0.0,0.05
SZ300126,20130529,0.0,0.0,0.0,0.1
SZ300126,20120607,0.0,0.0,0.0,0.5
SZ300126,20110429,0.8,0.0,0.0,0.12
SZ300127,20240626,0.0,0.0,0.0,0.0027063599459
SZ300129,20240717,0.0,0.0,0.0,0.0007987220447
SZ300130,20240617,0.0,0.0,0.0,0.0033651431441
SZ300133,20240529,0.0,0.0,0.0,0.0005823863636
SZ300136,20250711,0.0,0.0,0.0,0.04922
SZ300136,20240614,0.0,0.0,0.0,0.0005515719801
SZ300136,20230616,0.0,0.0,0.0,0.05
SZ300136,20220628,0.0,0.0,0.0,0.05
SZ300136,20210609,0.0,0.0,0.0,0.1
SZ300136,20200623,0.0,0.0,0.0,0.05
SZ300136,20180801,0.0,0.0,0.0,0.08
SZ300136,20170707,0.0,0.0,0.0,0.05
SZ300136,20160524,0.6,0.0,0.0,0.05
SZ300136,20150603,1.0,0.0,0.0,0.05
SZ300136,20140717,1.0,0.0,0.0,0.0
SZ300136,20120423,0.0,0.0,0.0,0.15
SZ300136,20110429,1.0,0.0,0.0,0.3
SZ300138,20240613,0.0,0.0,0.0,0.0014925373134
SZ300141,20240617,0.0,0.0,0.0,0.0001536491677
SZ300142,20240530,0.0,0.0,0.0,7.48502994e-05
SZ300144,20240621,0.0,0.0,0.0,0.0011862396204
SZ300146,20250422,0.0,0.0,0.0,0.35632
SZ300146,20240422,0.0,0.0,0.0,0.0054945054945
SZ300146,20230421,0.0,0.0,0.0,0.18
SZ300146,20220413,0.0,0.0,0.0,0.7
SZ300146,20210408,0.0,0.0,0.0,0.7
SZ300146,20200414,0.0,0.0,0.0,0.36
SZ300146,20190403,0.0,0.0,0.0,0.5
SZ300146,20180404,0.0,0.0,0.0,0.33
SZ300146,20170407,0.0,0.0,0.0,0.26
SZ300146,20160401,1.0,0.0,0.0,0.6
SZ300146,20150409,0.0,0.0,0.0,0.5
SZ300146,20140404,1.0,0.0,0.0,1.0
SZ300146,20130402,0.5,0.0,0.0,0.6
SZ300146,20120305,1.0,0.0,0.0,1.0
SZ300146,20110524,1.0,0.0,0.0,1.0
SZ300151,20240529,0.0,0.0,0.0,0.0003164556962
SZ300154,20240628,0.0,0.0,0.0,0.0036697247705999
SZ300156,20170619,0.0,0.0,0.0,0.1
SZ300156,20160517,1.5,0.0,0.0,0.1
SZ300156,20130709,0.0,0.0,0.0,0.15
SZ300156,20120612,0.8,0.0,0.0,0.0
SZ300156,20110524,1.0,0.0,0.0,0.0
SZ300160,20240517,0.0,0.0,0.0,0.0017825311943
SZ300161,20240607,0.0,0.0,0.0,8.55431993e-05
SZ300166,20200609,0.0,0.0,0.0,0.048
SZ300166,20190705,0.0,0.0,0.0,0.01
SZ300166,20170613,0.5999,0.0,0.0,0.05
SZ300166,20150424,0.983,0.0,0.0,0.0983
SZ300166,20140623,0.9138,0.0,0.0,0.0
SZ300166,20130802,0.0,0.0,0.0,0.049
SZ300166,20130527,0.0,0.0,0.0,0.049
SZ300166,20120822,0.5,0.0,0.0,0.0
SZ300166,20120221,1.0,0.0,0.0,0.2
SZ300166,20110511,0.0,0.0,0.0,0.5
SZ300170,20240531,0.0,0.0,0.0,0.0001577287066
SZ300171,20240712,0.0,0.0,0.0,0.0020339005102
SZ300172,20240510,0.0,0.0,0.0,0.0005172413792999
SZ300174,20240628,0.0,0.0,0.0,0.0007358351729
SZ300176,20250710,0.0,0.0,0.0,0.02
SZ300176,20180926,0.9,0.0,0.0,0.05
SZ300176,20180529,0.9,0.0,0.0,1.1
SZ300176,20170607,0.0,0.0,0.0,0.2
SZ300176,20160525,0.0,0.0,0.0,0.1
SZ300176,20150716,0.0,0.0,0.0,0.05
SZ300176,20140624,0.0,0.0,0.0,0.1
SZ300176,20130619,0.2,0.0,0.0,0.1
SZ300176,20120614,0.0,0.0,0.0,0.2
SZ300179,20240520,0.0,0.0,0.0,0.0025
SZ300181,20240522,0.0,0.0,0.0,0.0028607755879999
SZ300183,20240606,0.0,0.0,0.0,0.0008517887564
SZ300185,20240620,0.0,0.0,0.0,0.0013020833333
SZ300186,20150618,0.0,0.0,0.0,0.2975
SZ300186,20140520,0.0,0.0,0.0,0.3
SZ300186,20130506,1.0,0.0,0.0,0.5
SZ300186,20120427,0.0,0.0,0.0,0.6
SZ300186,20110608,0.0,0.0,0.0,0.3
SZ300187,20240524,0.0,0.0,0.0,0.0005190311419
SZ300190,20240712,0.0,0.0,0.0,0.0003449690722
SZ300192,20240607,0.0,0.0,0.0,0.0027135678392
SZ300193,20240613,0.0,0.0,0.0,0.0049875311721
SZ300194,20240604,0.0,0.0,0.0,0.00125
SZ300196,20250926,0.0,0.0,0.0,0.09873
SZ300196,20250529,0.0,0.0,0.0,0.19746
SZ300196,20240529,0.0,0.0,0.0,0.001273344652
SZ300196,20230524,0.0,0.0,0.0,0.2
SZ300196,20220525,0.0,0.0,0.0,0.15
SZ300196,20210518,0.0,0.0,0.0,0.1
SZ300196,20200520,0.0,0.0,0.0,0.15
SZ300196,20190524,0.0,0.0,0.0,0.2
SZ300196,20180518,0.0,0.0,0.0,0.1013
SZ300196,20170927,1.0,0.0,0.0,0.0
SZ300196,20170531,0.0,0.0,0.0,0.3
SZ300196,20160523,0.0,0.0,0.0,0.15
SZ300196,20150423,0.0,0.0,0.0,0.1
SZ300196,20140507,0.6,0.0,0.0,0.2
SZ300196,20120518,0.0,0.0,0.0,0.2
SZ300201,20240606,0.0,0.0,0.0,0.0009536784741
SZ300205,20240717,0.0,0.0,0.0,0.0002801120448
SZ300206,20250527,0.0,0.0,0.0,0.207
SZ300206,20240506,0.0,0.0,0.0,0.00207
SZ300206,20230428,0.0,0.0,0.0,0.207
SZ300206,20220429,0.0,0.0,0.0,0.207
SZ300206,20210428,0.0,0.0,0.0,0.433
SZ300206,20200611,0.0,0.0,0.0,0.172
SZ300206,20190611,0.0,0.0,0.0,0.103
SZ300206,20180612,0.0,0.0,0.0,0.085
SZ300206,20170616,0.0,0.0,0.0,0.034
SZ300206,20160601,1.5,0.0,0.0,0.21
SZ300206,20150528,0.2,0.0,0.0,0.1
SZ300206,20140522,0.5,0.0,0.0,0.23
SZ300206,20130517,0.3,0.0,0.0,0.3
SZ300206,20120511,0.0,0.0,0.0,0.2
SZ300206,20110923,0.0,0.0,0.0,0.2
SZ300207,20240523,0.0,0.0,0.0,0.0007874015748
SZ300213,20240524,0.0,0.0,0.0,0.0007763975155
SZ300214,20240717,0.0,0.0,0.0,0.0007604562738
SZ300215,20240709,0.0,0.0,0.0,0.0006944444444
SZ300216,20170706,0.0,0.0,0.0,0.06
SZ300216,20160606,0.0,0.0,0.0,0.03
SZ300216,20150428,1.0,0.0,0.0,0.1
SZ300216,20140430,0.0,0.0,0.0,0.1
SZ300216,20130521,0.3,0.0,0.0,0.1
SZ300216,20120518,1.0,0.0,0.0,0.3
SZ300217,20240531,0.0,0.0,0.0,0.0016113744076
SZ300218,20240528,0.0,0.0,0.0,0.0007669616518999
SZ300219,20240613,0.0,0.0,0.0,0.001675041876
SZ300223,20240528,0.0,0.0,0.0,0.0003491620112
SZ300224,20240426,0.0,0.0,0.0,0.0019417475728
SZ300226,20251022,0.0,0.0,0.0,0.05
SZ300226,20240529,0.0,0.0,0.0,0.0004197271773
SZ300226,20230519,0.2,0.0,0.0,0.08
SZ300226,20220519,0.4,0.0,0.0,0.1
SZ300226,20210604,0.0,0.0,0.0,0.13
SZ300226,20200611,0.2,0.0,0.0,0.12
SZ300226,20190604,0.0,0.0,0.0,0.05
SZ300226,20150512,0.0,0.0,0.0,0.02
SZ300226,20140619,0.3,0.0,0.0,0.05
SZ300226,20130517,0.5,0.0,0.0,0.05
SZ300226,20120427,1.0,0.0,0.0,0.1
SZ300228,20240625,0.0,0.0,0.0,0.0007246376812
SZ300229,20240612,0.0,0.0,0.0,0.0002192982455999
SZ300230,20240530,0.0,0.0,0.0,0.0031806615775999
SZ300231,20240528,0.0,0.0,0.0,0.0024539877301
SZ300232,20240522,0.0,0.0,0.0,0.0008707652174
SZ300233,20240508,0.0,0.0,0.0,0.0010498687664
SZ300234,20240515,0.0,0.0,0.0,0.0006637168142
SZ300235,20240510,0.0,0.0,0.0,0.0005528314977999
SZ300236,20250617,0.0,0.0,0.0,0.25844
SZ300236,20240530,0.0,0.0,0.0,0.0006153019802
SZ300236,20230530,0.0,0.0,0.0,0.15
SZ300236,20220630,0.0,0.0,0.0,0.15
SZ300236,20210716,0.0,0.0,0.0,0.2
SZ300236,20200812,0.0,0.0,0.0,0.12
SZ300236,20191101,0.5,0.0,0.0,0.05
SZ300236,20180619,0.0,0.0,0.0,0.13
SZ300236,20170703,0.0,0.0,0.0,0.1
SZ300236,20160606,0.0,0.0,0.0,0.05
SZ300236,20150608,0.6,0.0,0.0,0.0
SZ300236,20140704,0.0,0.0,0.0,0.18
SZ300236,20130529,0.0,0.0,0.0,0.2
SZ300236,20120629,0.0,0.0,0.0,0.27
SZ300239,20240531,0.0,0.0,0.0,0.0004382470119999
SZ300240,20240618,0.0,0.0,0.0,0.0003144654088
SZ300243,20240711,0.0,0.0,0.0,0.0011668436406
SZ300244,20240613,0.0,0.0,0.0,0.0004552352049
SZ300246,20251126,0.0,0.0,0.0,0.04944
SZ300246,20230525,0.5,0.0,0.0,0.2
SZ300246,20220711,0.0,0.0,0.0,0.2
SZ300246,20210628,0.0,0.0,0.0,0.4
SZ300246,20200602,0.0,0.0,0.0,0.2
SZ300246,20190604,0.0,0.0,0.0,0.1
SZ300246,20180713,0.0,0.0,0.0,0.05
SZ300246,20170612,0.0,0.0,0.0,0.05
SZ300246,20160628,0.0,0.0,0.0,0.05
SZ300246,20150527,0.0,0.0,0.0,0.05
SZ300246,20140529,0.0,0.0,0.0,0.05
SZ300246,20130531,1.0,0.0,0.0,0.2
SZ300246,20120629,0.8,0.0,0.0,0.5
SZ300248,20240529,0.0,0.0,0.0,0.0011594202899
SZ300251,20240529,0.0,0.0,0.0,0.0007927519819
SZ300253,20240604,0.0,0.0,0.0,0.0003294892916
SZ300256,20220831,1.368,0.0,0.0,0.0
SZ300256,20180427,0.5,0.0,0.0,0.02
SZ300256,20170921,0.0,0.0,0.0,0.03
SZ300256,20160429,1.0,0.0,0.0,0.0
SZ300256,20120525,0.5,0.0,0.0,0.3
SZ300257,20240710,0.0,0.0,0.0,0.0011037527594
SZ300258,20240524,0.0,0.0,0.0,0.0015789473684
SZ300259,20240523,0.0,0.0,0.0,0.0023102310231
SZ300260,20240716,0.0,0.0,0.0,0.0003125852773
SZ300263,20240529,0.0,0.0,0.0,0.0004777070064
SZ300265,20240704,0.0,0.0,0.0,0.0012158054711
SZ300266,20180713,0.5,0.0,0.0,0.03
SZ300266,20170620,1.0,0.0,0.0,0.05
SZ300266,20160601,0.1,0.0,0.0,0.02
SZ300266,20150526,1.5,0.0,0.0,0.02
SZ300266,20140609,0.1,0.0,0.0,0.05
SZ300266,20130528,0.3,0.0,0.0,0.07
SZ300266,20120507,0.6,0.0,0.0,0.12
SZ300272,20240528,0.0,0.0,0.0,0.0017006802721
SZ300274,20240613,0.0,0.0,0.0,0.0009966948977
SZ300275,20240531,0.0,0.0,0.0,0.0002139534884
SZ300276,20200624,0.8,0.0,0.0,0.1
SZ300276,20190920,0.0,0.0,0.0,0.08
SZ300276,20190610,0.4,0.0,0.0,0.15
SZ300276,20170608,0.0,0.0,0.0,0.01
SZ300276,20160630,0.0,0.0,0.0,0.01
SZ300276,20150521,0.5,0.0,0.0,0.015
SZ300276,20140530,1.0,0.0,0.0,0.02
SZ300276,20130523,0.6,0.0,0.0,0.12
SZ300276,20120524,0.3,0.0,0.0,0.12
SZ300277,20240531,0.0,0.0,0.0,0.0002805049088
SZ300281,20240704,0.0,0.0,0.0,0.0004597701148999
SZ300283,20240618,0.0,0.0,0.0,0.0004192872117
SZ300284,20240522,0.0,0.0,0.0,0.0013294797688
SZ300285,20240528,0.0,0.0,0.0,0.0005117707267
SZ300286,20250911,0.0,0.0,0.0,0.09856
SZ300286,20250527,0.0,0.0,0.0,0.3
SZ300286,20240911,0.0,0.0,0.0,0.1
SZ300286,20240507,0.0,0.0,0.0,0.0013286093888
SZ300286,20230419,0.0,0.0,0.0,0.2
SZ300286,20220505,0.0,0.0,0.0,0.2
SZ300286,20210430,0.0,0.0,0.0,0.2
SZ300286,20200417,0.0,0.0,0.0,0.2
SZ300286,20190507,0.0,0.0,0.0,0.2
SZ300286,20180410,0.5,0.0,0.0,0.1
SZ300286,20170327,0.0,0.0,0.0,0.2
SZ300286,20160429,0.0,0.0,0.0,0.2
SZ300286,20150310,0.0,0.0,0.0,0.2
SZ300286,20140227,1.0,0.0,0.0,0.4
SZ300286,20130507,0.0,0.0,0.0,0.25
SZ300286,20120516,1.0,0.0,0.0,0.8
SZ300288,20240712,0.0,0.0,0.0,0.0004281636537
SZ300289,20240517,0.0,0.0,0.0,0.0002127659574
SZ300294,20240426,0.0,0.0,0.0,0.0009563277016
SZ300296,20250526,0.0,0.0,0.0,0.09989
SZ300296,20240515,0.0,0.0,0.0,0.0010373443983
SZ300296,20230509,0.0,0.0,0.0,0.04
SZ300296,20220517,0.0,0.0,0.0,0.05
SZ300296,20210524,0.0,0.0,0.0,0.02
SZ300296,20200515,0.0,0.0,0.0,0.06
SZ300296,20190429,0.0,0.0,0.0,0.08
SZ300296,20180427,0.5,0.0,0.0,0.11
SZ300296,20170511,1.0,0.0,0.0,0.13
SZ300296,20160420,0.0,0.0,0.0,0.07
SZ300296,20150527,1.0,0.0,0.0,0.1
SZ300296,20140425,1.0,0.0,0.0,0.15
SZ300296,20130520,0.5,0.0,0.0,0.15
SZ300296,20120524,0.0,0.0,0.0,0.065
SZ300298,20240617,0.0,0.0,0.0,0.0007504690431999
SZ300303,20240517,0.0,0.0,0.0,0.0019960079839999
SZ300304,20240419,0.0,0.0,0.0,0.0009202453988
SZ300305,20240703,0.0,0.0,0.0,0.0002370016722
SZ300306,20250917,0.0,0.0,0.0,0.112
SZ300306,20250523,0.0,0.0,0.0,0.32
SZ300306,20240521,0.0,0.0,0.0,0.0030487804878
SZ300306,20230523,0.0,0.0,0.0,0.26
SZ300306,20220525,0.0,0.0,0.0,0.3
SZ300306,20210528,0.0,0.0,0.0,0.166
SZ300306,20180606,0.0,0.0,0.0,0.2
SZ300306,20170613,0.0,0.0,0.0,0.068
SZ300306,20160513,0.0,0.0,0.0,0.1
SZ300306,20150430,1.0,0.0,0.0,0.2
SZ300306,20140606,0.0,0.0,0.0,0.22
SZ300306,20120906,1.0,0.0,0.0,0.3
SZ300308,20240606,0.0,0.0,0.0,0.0002695256349
SZ300314,20240619,0.0,0.0,0.0,0.0016544117646999
SZ300316,20250528,0.0,0.0,0.0,0.39934
SZ300316,20240522,0.0,0.0,0.0,0.002132196162
SZ300316,20230516,0.0,0.0,0.0,0.45
SZ300316,20220602,0.0,0.0,0.0,0.28
SZ300316,20210707,0.0,0.0,0.0,0.135
SZ300316,20200610,0.0,0.0,0.0,0.1
SZ300316,20190606,0.0,0.0,0.0,0.1
SZ300316,20180523,0.3,0.0,0.0,0.1
SZ300316,20170621,0.0,0.0,0.0,0.1
SZ300316,20160418,0.0,0.0,0.0,0.06
SZ300316,20150423,1.2,0.0,0.0,0.1
SZ300316,20140612,0.5,0.0,0.0,0.1
SZ300316,20130606,1.0,0.0,0.0,0.3
SZ300316,20120907,0.0,0.0,0.0,0.5
SZ300319,20240618,0.0,0.0,0.0,0.0011240827338
SZ300320,20240521,0.0,0.0,0.0,0.0002808988764
SZ300326,20240716,0.0,0.0,0.0,0.0015789473684
SZ300326,20220706,0.0,0.0,0.0,0.05
SZ300326,20210702,0.0,0.0,0.0,0.05
SZ300326,20200715,0.0,0.0,0.0,0.05
SZ300326,20190711,0.0,0.0,0.0,0.0708
SZ300326,20180713,0.0,0.0,0.0,0.0298
SZ300326,20170710,0.0,0.0,0.0,0.025
SZ300326,20161021,0.7939,0.0,0.0,0.0496
SZ300326,20150626,1.0,0.0,0.0,0.09
SZ300326,20140616,1.0,0.0,0.0,0.26
SZ300326,20130513,0.5,0.0,0.0,0.0
SZ300326,20120924,0.0,0.0,0.0,0.6
SZ300327,20240628,0.0,0.0,0.0,0.0010204081633
SZ300332,20240701,0.0,0.0,0.0,0.0010546120527
SZ300335,20240522,0.0,0.0,0.0,0.0026373626374
SZ300336,20190611,0.0,0.0,0.0,0.003
SZ300336,20180713,0.5,0.0,0.0,0.05
SZ300336,20170706,0.0,0.0,0.0,0.1
SZ300336,20160520,0.0,0.0,0.0,0.1
SZ300336,20150526,1.2,0.0,0.0,0.1
SZ300336,20140423,1.0,0.0,0.0,0.5
SZ300336,20130423,0.0,0.0,0.0,0.5
SZ300337,20240612,0.0,0.0,0.0,0.0002976190476
SZ300341,20240628,0.0,0.0,0.0,0.0008244994111
SZ300342,20240521,0.0,0.0,0.0,0.0007183908046
SZ300346,20250910,0.0,0.0,0.0,0.18
SZ300346,20250509,0.2,0.0,0.0,0.1
SZ300346,20240930,0.0,0.0,0.0,0.05
SZ300346,20240521,0.0,0.0,0.0,0.0001410153102
SZ300346,20230928,0.0,0.0,0.0,0.05
SZ300346,20230426,0.0,0.0,0.0,0.07
SZ300346,20220510,0.3,0.0,0.0,0.05
SZ300346,20210527,0.0,0.0,0.0,0.04
SZ300346,20200604,0.0,0.0,0.0,0.03
SZ300346,20190509,0.5,0.0,0.0,0.04
SZ300346,20180511,0.7,0.0,0.0,0.12
SZ300346,20170720,0.0,0.0,0.0,0.06
SZ300346,20160613,0.0,0.0,0.0,0.1
SZ300346,20150611,0.6,0.0,0.0,0.2
SZ300346,20140620,0.0,0.0,0.0,0.2
SZ300346,20130530,1.0,0.0,0.0,0.36
SZ300346,20121022,0.0,0.0,0.0,1.0
SZ300347,20240712,0.0,0.0,0.0,0.0011672831895
SZ300348,20240517,0.0,0.0,0.0,0.0001400560224
SZ300349,20240520,0.0,0.0,0.0,0.0036284470247
SZ300351,20240528,0.0,0.0,0.0,0.0005844535359
SZ300354,20240703,0.0,0.0,0.0,0.0004092071610999
SZ300355,20240712,0.0,0.0,0.0,0.001
SZ300356,20170517,1.5,0.0,0.0,0.03
SZ300356,20160601,0.0,0.0,0.0,0.02
SZ300356,20150626,0.0,0.0,0.0,0.04
SZ300356,20140630,0.0,0.0,0.0,0.1
SZ300356,20130527,0.5,0.0,0.0,0.3
SZ300357,20240704,0.0,0.0,0.0,0.0009395632301
SZ300358,20240718,0.0,0.0,0.0,0.0014084507042
SZ300360,20240520,0.0,0.0,0.0,0.0031210986267
SZ300363,20240529,0.0,0.0,0.0,0.003208168643
SZ300365,20240531,0.0,0.0,0.0,0.0002640845069999
SZ300366,20180606,0.0,0.0,0.0,0.06
SZ300366,20170523,1.0,0.0,0.0,0.1
SZ300366,20160525,0.5,0.0,0.0,0.0
SZ300366,20150601,1.0,0.0,0.0,0.075
SZ300366,20140617,0.0,0.0,0.0,0.1
SZ300371,20240607,0.0,0.0,0.0,0.0019704433498
SZ300373,20240528,0.0,0.0,0.0,0.0016483516484
SZ300375,20240712,0.0,0.0,0.0,0.0008495145631
SZ300376,20250714,0.0,0.0,0.0,0.02078
SZ300376,20240717,0.0,0.0,0.0,0.0019678714859
SZ300376,20230713,0.0,0.0,0.0,0.02399
SZ300376,20220708,0.0,0.0,0.0,0.03398
SZ300376,20210708,0.0,0.0,0.0,0.03
SZ300376,20200710,0.0,0.0,0.0,0.027
SZ300376,20190711,0.0,0.0,0.0,0.025
SZ300376,20180806,0.0,0.0,0.0,0.03098
SZ300376,20170407,3.0,0.0,0.0,0.09
SZ300376,20160321,1.0,0.0,0.0,0.26
SZ300376,20150608,0.4,0.0,0.0,0.184
SZ300376,20140922,1.0,0.0,0.0,0.0
SZ300376,20140710,0.0,0.0,0.0,0.37
SZ300377,20240711,0.0,0.0,0.0,0.0008048289738
SZ300378,20240530,0.0,0.0,0.0,0.0006815836298999
SZ300381,20240618,0.0,0.0,0.0,0.0009478672985999
SZ300382,20240711,0.0,0.0,0.0,0.0018484288355
SZ300383,20240508,0.0,0.0,0.0,0.0010683760683999
SZ300384,20240612,0.0,0.0,0.0,0.0033755274262
SZ300386,20210524,0.0,0.0,0.0,0.02
SZ300386,20200521,0.0,0.0,0.0,0.02
SZ300386,20190524,0.0,0.0,0.0,0.05
SZ300386,20180525,0.0,0.0,0.0,0.05
SZ300386,20170511,0.0,0.0,0.0,0.1
SZ300386,20160504,1.0,0.0,0.0,0.24
SZ300386,20150706,1.2,0.0,0.0,0.76
SZ300387,20240531,0.0,0.0,0.0,0.0008982035928
SZ300388,20240522,0.0,0.0,0.0,0.0020440251572
SZ300389,20240522,0.0,0.0,0.0,0.0021111893033
SZ300390,20240531,0.0,0.0,0.0,0.0048053820279
SZ300393,20240709,0.0,0.0,0.0,0.0025136612022
SZ300394,20240530,0.0,0.0,0.0,0.000785484251
SZ300395,20240531,0.0,0.0,0.0,0.0006653992395
SZ300396,20250520,0.0,0.0,0.0,0.26
SZ300396,20240521,0.0,0.0,0.0,0.0019607843137
SZ300396,20230519,0.0,0.0,0.0,0.48
SZ300396,20220530,0.0,0.0,0.0,0.38
SZ300396,20210615,0.0,0.0,0.0,0.49
SZ300396,20200525,0.0,0.0,0.0,0.5
SZ300396,20190523,0.0,0.0,0.0,0.28
SZ300396,20180523,0.8,0.0,0.0,0.25
SZ300396,20170511,0.0,0.0,0.0,0.2
SZ300396,20160519,0.0,0.0,0.0,0.2
SZ300396,20150423,1.5,0.0,0.0,0.5
SZ300398,20240716,0.0,0.0,0.0,0.0006694560669
SZ300399,20240604,0.0,0.0,0.0,0.0004530011325
SZ300400,20240522,0.0,0.0,0.0,0.0010955302366
SZ300401,20240515,0.0,0.0,0.0,0.000574433657
SZ300402,20240619,0.0,0.0,0.0,0.0006887052342
SZ300403,20240528,0.0,0.0,0.0,0.0031685678074
SZ300404,20240527,0.0,0.0,0.0,0.000131061599
SZ300406,20251127,0.0,0.0,0.0,0.19879
SZ300406,20250905,0.0,0.0,0.0,0.29819
SZ300406,20250506,0.0,0.0,0.0,0.39759
SZ300406,20240507,0.0,0.0,0.0,0.0010582010581999
SZ300406,20230522,0.0,0.0,0.0,0.1
SZ300406,20220527,0.0,0.0,0.0,0.1
SZ300406,20210527,0.0,0.0,0.0,0.09934
SZ300406,20200424,0.0,0.0,0.0,0.15
SZ300406,20190430,0.0,0.0,0.0,0.15
SZ300406,20180507,0.0,0.0,0.0,0.15057
SZ300406,20170428,0.0,0.0,0.0,0.3
SZ300406,20160503,1.0,0.0,0.0,0.3
SZ300406,20150420,1.0,0.0,0.0,0.5
SZ300407,20240530,0.0,0.0,0.0,0.0015835411471
SZ300408,20240709,0.0,0.0,0.0,0.0009929078014
SZ300409,20240528,0.0,0.0,0.0,0.0019773942688
SZ300413,20240710,0.0,0.0,0.0,0.0009072580644999
SZ300414,20240618,0.0,0.0,0.0,0.0002290076335999
SZ300415,20240605,0.0,0.0,0.0,0.0017582417582
SZ300416,20250630,0.0,0.0,0.0,0.15
SZ300416,20240430,0.0,0.0,0.0,0.001048951049
SZ300416,20230519,0.3,0.0,0.0,0.15
SZ300416,20220616,0.3,0.0,0.0,0.15
SZ300416,20210421,0.3,0.0,0.0,0.15
SZ300416,20200519,0.5,0.0,0.0,0.15
SZ300416,20190515,0.0,0.0,0.0,0.1
SZ300416,20180419,0.0,0.0,0.0,0.1
SZ300416,20170511,0.0,0.0,0.0,0.1
SZ300416,20160511,1.0,0.0,0.0,0.2
SZ300416,20150519,0.0,0.0,0.0,0.2
SZ300418,20240628,0.0,0.0,0.0,0.0001513669836999
SZ300420,20240531,0.0,0.0,0.0,0.0006178888889
SZ300424,20240617,0.0,0.0,0.0,7.81860829e-05
SZ300425,20240726,0.0,0.0,0.0,0.001226779703
SZ300426,20180711,0.0,0.0,0.0,0.05
SZ300426,20170707,0.0,0.0,0.0,0.045
SZ300426,20161018,1.5,0.0,0.0,0.0
SZ300426,20160627,0.0,0.0,0.0,0.08
SZ300426,20151021,1.0,0.0,0.0,0.12
SZ300428,20240605,0.0,0.0,0.0,0.0006008643725
SZ300430,20240709,0.0,0.0,0.0,0.000399909157
SZ300433,20240626,0.0,0.0,0.0,0.0017709563164
SZ300434,20240628,0.0,0.0,0.0,0.0014473684211
SZ300435,20240522,0.0,0.0,0.0,0.0011415525114
SZ300436,20180504,0.0,0.0,0.0,0.1
SZ300436,20170428,0.0,0.0,0.0,0.25
SZ300436,20160524,0.0,0.0,0.0,0.25
SZ300436,20150916,1.0,0.0,0.0,0.0
SZ300438,20240528,0.0,0.0,0.0,0.0002637362636999
SZ300439,20240607,0.0,0.0,0.0,0.0014938684504
SZ300440,20240528,0.0,0.0,0.0,0.0008064516129
SZ300441,20240419,0.0,0.0,0.0,0.0010218978102
SZ300442,20240710,0.0,0.0,0.0,0.0005548274356
SZ300443,20240604,0.0,0.0,0.0,0.0014585548173
SZ300445,20240514,0.0,0.0,0.0,0.0004548038658
SZ300446,20250617,0.0,0.0,0.0,0.28
SZ300446,20240605,0.0,0.0,0.0,0.0006891798759
SZ300446,20200716,0.1,0.0,0.0,0.025
SZ300446,20190816,0.5,0.0,0.0,0.3
SZ300446,20180511,0.0,0.0,0.0,0.4
SZ300446,20170523,0.0,0.0,0.0,0.3
SZ300446,20160531,1.0,0.0,0.0,0.6
SZ300447,20240605,0.0,0.0,0.0,0.0004291287386
SZ300448,20240529,0.0,0.0,0.0,0.0004337349398
SZ300450,20240701,0.0,0.0,0.0,0.0020625375827
SZ300451,20240531,0.0,0.0,0.0,0.0002538071066
SZ300452,20240529,0.0,0.0,0.0,0.0019083969466
SZ300453,20240425,0.0,0.0,0.0,0.0020297699594
SZ300454,20240605,0.0,0.0,0.0,9.12408759e-05
SZ300455,20240705,0.0,0.0,0.0,0.0001339285714
SZ300456,20240429,0.0,0.0,0.0,0.0001947690595
SZ300456,20220517,0.0,0.0,0.0,0.035
SZ300456,20210524,0.0,0.0,0.0,0.035
SZ300456,20200716,0.0,0.0,0.0,0.03
SZ300456,20190704,0.9,0.0,0.0,0.1
SZ300456,20180607,0.5,0.0,0.0,0.05
SZ300456,20170711,0.0,0.0,0.0,0.05
SZ300456,20160606,1.0,0.0,0.0,0.12
SZ300457,20240703,0.0,0.0,0.0,0.0010410469958
SZ300458,20240506,0.0,0.0,0.0,0.0007378258731
SZ300463,20240703,0.0,0.0,0.0,0.0013475415572999
SZ300466,20180619,0.0,0.0,0.0,0.01
SZ300466,20170712,0.8,0.0,0.0,0.03
SZ300466,20160428,2.0,0.0,0.0,0.1
SZ300468,20240607,0.0,0.0,0.0,0.0007947019868
SZ300470,20240621,0.0,0.0,0.0,0.0014496955639
SZ300474,20240605,0.0,0.0,0.0,0.0001716738197
SZ300475,20240710,0.0,0.0,0.0,0.0005726112452999
SZ300476,20250430,0.0,0.0,0.0,0.29857
SZ300476,20240607,0.0,0.0,0.0,0.0006006955422
SZ300476,20230522,0.0,0.0,0.0,0.19
SZ300476,20220715,0.0,0.0,0.0,0.19203
SZ300476,20210514,0.0,0.0,0.0,0.19
SZ300476,20200709,0.0,0.0,0.0,0.19
SZ300476,20190530,0.0,0.0,0.0,0.16794
SZ300476,20180316,0.8,0.0,0.0,0.3
SZ300476,20170929,0.0,0.0,0.0,0.3
SZ300476,20160503,1.5,0.0,0.0,0.35
SZ300480,20240603,0.0,0.0,0.0,0.0002903600465
SZ300481,20240521,0.0,0.0,0.0,0.0025510204082
SZ300482,20240605,0.0,0.0,0.0,0.0014301036825
SZ300484,20240607,0.0,0.0,0.0,0.001134751773
SZ300485,20240529,0.0,0.0,0.0,0.0003076923077
SZ300486,20230714,0.0,0.0,0.0,0.01198
SZ300486,20220706,0.0,0.0,0.0,0.018
SZ300486,20210617,0.5,0.0,0.0,0.04
SZ300486,20200604,0.5,0.0,0.0,0.055
SZ300486,20190703,0.0,0.0,0.0,0.035
SZ300486,20180529,0.0,0.0,0.0,0.025
SZ300486,20160616,0.0,0.0,0.0,0.11
SZ300487,20240724,0.0,0.0,0.0,0.0014669421488
SZ300488,20240528,0.0,0.0,0.0,0.0009186954525
SZ300491,20240716,0.0,0.0,0.0,0.0007643312102
SZ300493,20240801,0.0,0.0,0.0,0.0004358655044
SZ300494,20240618,0.0,0.0,0.0,0.000323176362
SZ300496,20250529,0.0,0.0,0.0,0.05793
SZ300496,20240924,0.0,0.0,0.0,0.125
SZ300496,20240419,0.0,0.0,0.0,0.0005377969762
SZ300496,20230330,0.0,0.0,0.0,0.337
SZ300496,20220412,0.0,0.0,0.0,0.305
SZ300496,20210420,0.0,0.0,0.0,0.22
SZ300496,20200408,0.0,0.0,0.0,0.13
SZ300496,20190626,0.0,0.0,0.0,0.09005
SZ300496,20180608,0.0,0.0,0.0,0.08005
SZ300496,20170427,0.0,0.0,0.0,0.07003
SZ300496,20160617,2.90873,0.0,0.0,0.48479
SZ300498,20240619,0.0,0.0,0.0,0.0004955401388
SZ300500,20240614,0.0,0.0,0.0,0.0006116207951
SZ300501,20240528,0.0,0.0,0.0,0.0012744265081
SZ300502,20240705,0.0,0.0,0.0,0.0001379862904
SZ300504,20240531,0.0,0.0,0.0,0.0015564202335
SZ300505,20240620,0.0,0.0,0.0,0.0008190618019
SZ300506,20251222,0.32595,0.0,0.0,0.0
SZ300506,20200709,0.0,0.0,0.0,0.035
SZ300506,20190626,0.9,0.0,0.0,0.05
SZ300506,20181010,0.0,0.0,0.0,0.1
SZ300506,20170704,0.0,0.0,0.0,0.1
SZ300506,20160823,1.5,0.0,0.0,0.0
SZ300506,20160531,0.0,0.0,0.0,0.1
SZ300507,20240531,0.0,0.0,0.0,0.0011650485437
SZ300508,20240524,0.0,0.0,0.0,0.0003958502674
SZ300509,20240716,0.0,0.0,0.0,0.0027027027027
SZ300512,20240605,0.0,0.0,0.0,0.001647446458
SZ300513,20240719,0.0,0.0,0.0,0.0004964539007
SZ300514,20240614,0.0,0.0,0.0,0.0013522650439
SZ300515,20240530,0.0,0.0,0.0,0.0012764084507
SZ300516,20250610,0.0,0.0,0.0,0.069
SZ300516,20240521,0.0,0.0,0.0,0.0012154696133
SZ300516,20230517,0.0,0.0,0.0,0.125
SZ300516,20220526,0.0,0.0,0.0,0.119
SZ300516,20210618,0.0,0.0,0.0,0.103
SZ300516,20200609,0.0,0.0,0.0,0.07
SZ300516,20190618,0.5,0.0,0.0,0.077
SZ300516,20180525,0.0,0.0,0.0,0.111
SZ300516,20170516,0.0,0.0,0.0,0.36
SZ300519,20240529,0.0,0.0,0.0,0.0031670625495
SZ300522,20240529,0.0,0.0,0.0,0.0004095004095
SZ300525,20240531,0.0,0.0,0.0,0.0011801730921
SZ300526,20200716,0.20064,0.0,0.0,0.03311
SZ300526,20190710,0.0,0.0,0.0,0.03014
SZ300526,20180627,0.0,0.0,0.0,0.05
SZ300526,20170531,1.0,0.0,0.0,0.15
SZ300529,20240531,0.0,0.0,0.0,0.0014326647564
SZ300531,20240529,0.0,0.0,0.0,0.000512295082
SZ300532,20240430,0.0,0.0,0.0,0.002004008016
SZ300533,20240528,0.0,0.0,0.0,0.0028935185185
SZ300534,20240606,0.0,0.0,0.0,0.0002735978112
SZ300535,20240711,0.0,0.0,0.0,0.0006189213086
SZ300536,20210713,0.0,0.0,0.0,0.00245
SZ300536,20200515,0.0,0.0,0.0,0.036
SZ300536,20190603,0.75,0.0,0.0,0.063
SZ300536,20180403,0.0,0.0,0.0,0.07
SZ300536,20170712,0.8,0.0,0.0,0.11
SZ300538,20240530,0.0,0.0,0.0,0.0002675585284
SZ300539,20240510,0.0,0.0,0.0,0.0008908685969
SZ300541,20240528,0.0,0.0,0.0,0.0009966777409
SZ300542,20240712,0.0,0.0,0.0,0.0001154163232
SZ300543,20240607,0.0,0.0,0.0,0.0007194244604
SZ300545,20240529,0.0,0.0,0.0,0.0006165228113
SZ300546,20250605,0.0,0.0,0.0,0.045
SZ300546,20230607,0.3,0.0,0.0,0.03
SZ300546,20200529,0.0,0.0,0.0,0.121
SZ300546,20190704,0.0,0.0,0.0,0.15
SZ300546,20180516,0.0,0.0,0.0,0.15
SZ300546,20170511,1.5,0.0,0.0,0.5
SZ300547,20240614,0.0,0.0,0.0,0.0016011560694
SZ300548,20240613,0.0,0.0,0.0,0.0003896736483
SZ300549,20240607,0.0,0.0,0.0,0.0007751937984
SZ300550,20240625,0.0,0.0,0.0,0.0003278688525
SZ300553,20240524,0.0,0.0,0.0,0.0002565042139999
SZ300554,20240425,0.0,0.0,0.0,0.0003836930456
SZ300556,20240524,0.0,0.0,0.0,0.0001892915089
SZ300556,20230428,0.0,0.0,0.0,0.05
SZ300556,20220519,0.0,0.0,0.0,0.08
SZ300556,20210416,0.0,0.0,0.0,0.08
SZ300556,20200527,0.0,0.0,0.0,0.05
SZ300556,20190423,0.0,0.0,0.0,0.1
SZ300556,20180522,0.0,0.0,0.0,0.05
SZ300556,20170526,0.0,0.0,0.0,0.24
SZ300557,20240517,0.0,0.0,0.0,0.0006795786612
SZ300558,20240606,0.0,0.0,0.0,0.0004464285714
SZ300559,20240514,0.0,0.0,0.0,0.0013111888112
SZ300560,20240828,0.0,0.0,0.0,0.0001246404602
SZ300561,20240531,0.0,0.0,0.0,0.0004385964911999
SZ300562,20240425,0.0,0.0,0.0,0.0017032130778
SZ300563,20240516,0.0,0.0,0.0,0.0007908264136
SZ300564,20240626,0.0,0.0,0.0,0.0054945054945
SZ300566,20250618,0.0,0.0,0.0,0.19695
SZ300566,20240524,0.0,0.0,0.0,0.0010155721055999
SZ300566,20230616,0.0,0.0,0.0,0.05
SZ300566,20220610,0.0,0.0,0.0,0.10024
SZ300566,20210604,0.5,0.0,0.0,0.1
SZ300566,20200623,0.0,0.0,0.0,0.05
SZ300566,20190612,0.0,0.0,0.0,0.05
SZ300566,20180629,0.3,0.0,0.0,0.125
SZ300566,20170623,0.5,0.0,0.0,0.2
SZ300567,20240524,0.0,0.0,0.0,0.000333277787
SZ300568,20240613,0.0,0.0,0.0,0.00239390642
SZ300569,20240618,0.0,0.0,0.0,0.0016407982261999
SZ300570,20240709,0.0,0.0,0.0,0.0016361256545
SZ300572,20240531,0.0,0.0,0.0,0.0001503759398
SZ300573,20240522,0.0,0.0,0.0,0.0010708548992
SZ300575,20240522,0.0,0.0,0.0,0.0019704433498
SZ300576,20250527,0.2,0.0,0.0,0.09
SZ300576,20240516,0.0,0.0,0.0,0.0002042483659999
SZ300576,20230606,0.1,0.0,0.0,0.05
SZ300576,20220616,0.1,0.0,0.0,0.045
SZ300576,20210528,0.2,0.0,0.0,0.08
SZ300576,20200624,0.3,0.0,0.0,0.07
SZ300576,20190614,0.0,0.0,0.0,0.1
SZ300576,20180615,0.0,0.0,0.0,0.1
SZ300576,20170629,0.5,0.0,0.0,0.1
SZ300577,20240605,0.0,0.0,0.0,0.0004359925788
SZ300580,20240614,0.0,0.0,0.0,0.0007317965606
SZ300581,20240607,0.0,0.0,0.0,0.0001625
SZ300583,20240730,0.0,0.0,0.0,0.0034039334342
SZ300584,20240618,0.0,0.0,0.0,0.0003207184092
SZ300585,20240626,0.0,0.0,0.0,7.62776506e-05
SZ300586,20240530,0.0,0.0,0.0,0.0006435006435
SZ300586,20230426,0.3,0.0,0.0,0.0
SZ300586,20200601,0.9,0.0,0.0,0.075
SZ300586,20180524,1.5,0.0,0.0,0.5
SZ300586,20170522,0.0,0.0,0.0,0.2
SZ300589,20240705,0.0,0.0,0.0,0.0002685765443
SZ300590,20240621,0.0,0.0,0.0,0.0013169446883
SZ300592,20240521,0.0,0.0,0.0,0.0020491803279
SZ300593,20240528,0.0,0.0,0.0,0.0010090817356
SZ300594,20240704,0.0,0.0,0.0,0.0007374631268
SZ300595,20240516,0.0,0.0,0.0,0.0011918760021
SZ300596,20250528,0.0,0.0,0.0,0.37
SZ300596,20240702,0.0,0.0,0.0,0.0012436731743
SZ300596,20230621,0.0,0.0,0.0,0.344
SZ300596,20220414,0.0,0.0,0.0,0.306
SZ300596,20210521,0.0,0.0,0.0,0.215
SZ300596,20200709,0.0,0.0,0.0,0.192
SZ300596,20190521,0.0,0.0,0.0,0.161
SZ300596,20180615,0.0,0.0,0.0,0.109
SZ300596,20170613,0.5,0.0,0.0,0.105
SZ300597,20240709,0.0,0.0,0.0,6.15214724e-05
SZ300598,20240529,0.0,0.0,0.0,0.0003298515668
SZ300599,20240522,0.0,0.0,0.0,0.0031897926634999
SZ300601,20240614,0.0,0.0,0.0,0.0011560693642
SZ300602,20240529,0.0,0.0,0.0,0.0002119110825
SZ300604,20240712,0.0,0.0,0.0,0.0003105590062
SZ300605,20240703,0.0,0.0,0.0,0.0004102564103
SZ300606,20250610,0.0,0.0,0.0,0.11848
SZ300606,20240620,0.0,0.0,0.0,0.0008807985907
SZ300606,20220525,0.5,0.0,0.0,0.35
SZ300606,20210611,0.0,0.0,0.0,0.28
SZ300606,20200714,0.0,0.0,0.0,0.08
SZ300606,20190614,0.0,0.0,0.0,0.05
SZ300607,20240614,0.0,0.0,0.0,0.0003533278554
SZ300608,20240523,0.0,0.0,0.0,9.40733772e-05
SZ300609,20240613,0.0,0.0,0.0,0.0010638297872
SZ300610,20240620,0.0,0.0,0.0,0.0019607843137
SZ300611,20240527,0.0,0.0,0.0,0.000594530321
SZ300613,20240620,0.0,0.0,0.0,0.000336889388
SZ300615,20240520,0.0,0.0,0.0,0.0009380863039
SZ300616,20250528,0.0,0.0,0.0,0.83479
SZ300616,20240528,0.0,0.0,0.0,0.006237006237
SZ300616,20230530,0.0,0.0,0.0,0.15
SZ300616,20220527,0.0,0.0,0.0,0.15
SZ300616,20210607,0.0,0.0,0.0,0.15
SZ300616,20200527,0.0,0.0,0.0,0.6
SZ300616,20190604,0.0,0.0,0.0,0.6
SZ300616,20180515,0.8,0.0,0.0,1.0
SZ300617,20240606,0.0,0.0,0.0,0.0006831119545
SZ300618,20240613,0.0,0.0,0.0,0.0003639010188999
SZ300619,20240614,0.0,0.0,0.0,0.0007418478261
SZ300620,20240516,0.0,0.0,0.0,0.0002417210539
SZ300621,20240606,0.0,0.0,0.0,0.000131061599
SZ300622,20240627,0.0,0.0,0.0,0.004647560031
SZ300623,20240606,0.0,0.0,0.0,0.0003291713961
SZ300624,20240605,0.0,0.0,0.0,0.000134465945
SZ300625,20240528,0.0,0.0,0.0,0.0048115477145
SZ300626,20240920,0.0,0.0,0.0,0.017
SZ300626,20220610,0.0,0.0,0.0,0.03
SZ300626,20200608,0.0,0.0,0.0,0.02
SZ300626,20180605,0.8,0.0,0.0,0.1
SZ300627,20240612,0.0,0.0,0.0,0.0012328284607
SZ300628,20240604,0.0,0.0,0.0,0.0024483133840999
SZ300629,20240527,0.0,0.0,0.0,0.0005181347149999
SZ300631,20240530,0.0,0.0,0.0,0.0008291110088
SZ300632,20240530,0.0,0.0,0.0,0.0018690441581999
SZ300633,20240529,0.0,0.0,0.0,0.0008305216714
SZ300634,20240617,0.0,0.0,0.0,0.0009422321928999
SZ300635,20240628,0.0,0.0,0.0,0.0001329787234
SZ300636,20250627,0.0,0.0,0.0,0.04
SZ300636,20240621,0.0,0.0,0.0,0.0003824091778
SZ300636,20230524,0.0,0.0,0.0,0.045
SZ300636,20220705,0.5,0.0,0.0,0.06
SZ300636,20210518,0.6,0.0,0.0,0.085
SZ300636,20200417,0.6,0.0,0.0,0.135
SZ300636,20190702,0.0,0.0,0.0,0.04122
SZ300636,20180601,0.0,0.0,0.0,0.11
SZ300638,20240429,0.0,0.0,0.0,0.0023413431916
SZ300639,20240523,0.0,0.0,0.0,0.0010833333333
SZ300640,20240529,0.0,0.0,0.0,0.0015250544662
SZ300641,20240621,0.0,0.0,0.0,6.60501982e-05
SZ300642,20240523,0.0,0.0,0.0,0.0010295126973
SZ300643,20240530,0.0,0.0,0.0,0.0014571948998
SZ300644,20240708,0.0,0.0,0.0,0.0013213530655
SZ300645,20240603,0.0,0.0,0.0,0.0003244120032
SZ300649,20240605,0.0,0.0,0.0,0.0005381165919
SZ300650,20240529,0.0,0.0,0.0,0.0004214963119
SZ300651,20240607,0.0,0.0,0.0,0.0012295081967
SZ300652,20240528,0.0,0.0,0.0,0.0021834061135
SZ300653,20240614,0.0,0.0,0.0,0.0035120630749
SZ300654,20240513,0.0,0.0,0.0,0.0004780114723
SZ300655,20240621,0.0,0.0,0.0,0.000349127182
SZ300656,20240531,0.0,0.0,0.0,0.000157480315
SZ300656,20230526,0.1,0.0,0.0,0.1
SZ300656,20220527,0.2,0.0,0.0,0.1
SZ300656,20210528,0.1,0.0,0.0,0.1
SZ300656,20200528,0.1,0.0,0.0,0.1
SZ300656,20190530,0.1,0.0,0.0,0.15
SZ300656,20180531,0.5,0.0,0.0,0.2
SZ300658,20240613,0.0,0.0,0.0,0.00078125
SZ300660,20240530,0.0,0.0,0.0,0.0020400728597
SZ300661,20240619,0.0,0.0,0.0,0.0001191895113
SZ300662,20240711,0.0,0.0,0.0,0.0005498281786999
SZ300664,20240730,0.0,0.0,0.0,0.0018181818182
SZ300665,20240710,0.0,0.0,0.0,0.0009652509652999
SZ300666,20250618,0.0,0.0,0.0,0.30482
SZ300666,20240607,0.0,0.0,0.0,0.0004011231448
SZ300666,20230614,0.0,0.0,0.0,0.20601
SZ300666,20220712,0.0,0.0,0.0,0.09691
SZ300666,20210531,0.0,0.0,0.0,0.13595
SZ300666,20200717,0.0,0.0,0.0,0.0588
SZ300666,20190606,0.0,0.0,0.0,0.058
SZ300666,20180607,0.0,0.0,0.0,0.053
SZ300667,20240523,0.0,0.0,0.0,0.000762195122
SZ300668,20240530,0.0,0.0,0.0,0.001749271137
SZ300669,20240528,0.0,0.0,0.0,0.0007978989362
SZ300672,20240612,0.0,0.0,0.0,0.000466562986
SZ300674,20240605,0.0,0.0,0.0,0.0017316017316
SZ300675,20240531,0.0,0.0,0.0,0.0003294892916
SZ300676,20240704,0.0,0.0,0.0,0.000286615076
SZ300676,20230607,0.0,0.0,0.0,1.0
SZ300676,20220706,0.0,0.0,0.0,0.35
SZ300676,20210707,0.0,0.0,0.0,0.35
SZ300676,20200707,0.0,0.0,0.0,0.10101
SZ300676,20190613,0.0,0.0,0.0,0.1
SZ300676,20180928,0.0,0.0,0.0,0.2
SZ300676,20180611,0.0,0.0,0.0,0.3
SZ300677,20240531,0.0,0.0,0.0,0.0003219315895
SZ300678,20240528,0.0,0.0,0.0,0.0001877581675
SZ300679,20240530,0.0,0.0,0.0,0.0008990457057
SZ300680,20240620,0.0,0.0,0.0,0.0010293360782
SZ300681,20240530,0.0,0.0,0.0,0.0002100840336
SZ300682,20240619,0.0,0.0,0.0,0.0028282828283
SZ300684,20240528,0.0,0.0,0.0,0.0013904982619
SZ300685,20240530,0.0,0.0,0.0,0.0008278145695
SZ300686,20220527,0.0,0.0,0.0,0.0385
SZ300686,20210528,0.0,0.0,0.0,0.04
SZ300686,20200515,0.0,0.0,0.0,0.06323
SZ300686,20190612,0.0,0.0,0.0,0.01
SZ300686,20180705,0.6,0.0,0.0,0.1
SZ300687,20240528,0.0,0.0,0.0,0.0006957621758
SZ300688,20240619,0.0,0.0,0.0,1.9379845e-05
SZ300689,20240619,0.0,0.0,0.0,0.0003025936599
SZ300690,20240530,0.0,0.0,0.0,0.0009708737864
SZ300691,20240529,0.0,0.0,0.0,0.0009887936716999
SZ300692,20240619,0.0,0.0,0.0,0.0008607591398
SZ300693,20240424,0.0,0.0,0.0,0.0010529674537
SZ300694,20240529,0.0,0.0,0.0,0.0005035246727
SZ300696,20240524,0.0,0.0,0.0,0.000625
SZ300696,20230615,0.0,0.0,0.0,0.2
SZ300696,20220525,0.2,0.0,0.0,0.2
SZ300696,20210527,0.3,0.0,0.0,0.12
SZ300696,20200527,0.5,0.0,0.0,0.2
SZ300696,20190604,0.0,0.0,0.0,0.177
SZ300696,20180531,0.7,0.0,0.0,0.29
SZ300697,20240515,0.0,0.0,0.0,0.0018018018018
SZ300699,20240703,0.0,0.0,0.0,0.0019305019305
SZ300700,20240513,0.0,0.0,0.0,0.0011101243339
SZ300701,20240614,0.0,0.0,0.0,0.0006281407035
SZ300702,20240606,0.0,0.0,0.0,0.0002617801047
SZ300703,20240523,0.0,0.0,0.0,0.0016233766234
SZ300705,20240524,0.0,0.0,0.0,0.000901432182
SZ300706,20240701,0.0,0.0,0.0,0.0001572327044
SZ300706,20230606,0.0,0.0,0.0,0.01
SZ300706,20220606,0.0,0.0,0.0,0.01
SZ300706,20210607,0.0,0.0,0.0,0.01
SZ300706,20200608,0.0,0.0,0.0,0.03
SZ300706,20190620,0.0,0.0,0.0,0.03
SZ300706,20180604,0.8,0.0,0.0,0.055
SZ300707,20240607,0.0,0.0,0.0,0.0001594927653
SZ300708,20240228,0.0,0.0,0.0,0.0015841584158
SZ300709,20240528,0.0,0.0,0.0,0.0005776173285
SZ300711,20240618,0.0,0.0,0.0,0.0006191950464
SZ300712,20240715,0.0,0.0,0.0,0.0004464285714
SZ300715,20240524,0.0,0.0,0.0,0.0013815090329
SZ300716,20200703,0.0,0.0,0.0,0.029
SZ300716,20190705,0.0,0.0,0.0,0.066
SZ300716,20180529,0.5,0.0,0.0,0.15
SZ300717,20240619,0.0,0.0,0.0,0.0012476606363
SZ300718,20240607,0.0,0.0,0.0,0.0017616191903999
SZ300719,20240625,0.0,0.0,0.0,0.0011976047904
SZ300720,20240531,0.0,0.0,0.0,0.0009798584649
SZ300721,20240628,0.0,0.0,0.0,0.00078125
SZ300722,20240618,0.0,0.0,0.0,0.0005702066999
SZ300723,20240603,0.0,0.0,0.0,0.0009292035398
SZ300724,20240522,0.0,0.0,0.0,0.0017910447761
SZ300725,20240614,0.0,0.0,0.0,0.0010258107214
SZ300726,20250613,0.0,0.0,0.0,0.6
SZ300726,20240528,0.0,0.0,0.0,0.0012749681258
SZ300726,20230516,0.0,0.0,0.0,0.5
SZ300726,20220526,0.0,0.0,0.0,0.6
SZ300726,20210506,0.0,0.0,0.0,0.16
SZ300726,20200417,0.0,0.0,0.0,0.3
SZ300726,20190612,0.0,0.0,0.0,0.25
SZ300726,20180705,0.0,0.0,0.0,0.1
SZ300727,20240523,0.0,0.0,0.0,0.0007964954201999
SZ300729,20240520,0.0,0.0,0.0,0.0022805017104
SZ300731,20240527,0.0,0.0,0.0,0.0005347593583
SZ300732,20240510,0.0,0.0,0.0,0.0025873221216
SZ300735,20240524,0.0,0.0,0.0,0.001152604887
SZ300736,20190703,0.6,0.0,0.0,0.3
SZ300736,20180522,0.5,0.0,0.0,0.68
SZ300738,20240702,0.0,0.0,0.0,0.0002058823529
SZ300739,20240530,0.0,0.0,0.0,0.0017421602787
SZ300740,20240618,0.0,0.0,0.0,0.0006317119393999
SZ300741,20240426,0.0,0.0,0.0,0.0022271714922
SZ300743,20240614,0.0,0.0,0.0,0.0027977617906
SZ300746,20240528,0.0,0.0,0.0,0.0030261348006
SZ300746,20230925,0.0,0.0,0.0,0.12
SZ300746,20230526,0.0,0.0,0.0,0.22
SZ300746,20220531,0.0,0.0,0.0,0.133
SZ300746,20210603,0.0,0.0,0.0,0.1
SZ300746,20200529,0.0,0.0,0.0,0.15
SZ300746,20190515,0.0,0.0,0.0,0.072
SZ300747,20240718,0.0,0.0,0.0,0.0007092198582
SZ300748,20240625,0.0,0.0,0.0,0.002
SZ300749,20240612,0.0,0.0,0.0,0.0005576208178
SZ300750,20240430,0.0,0.0,0.0,0.0009593092592
SZ300751,20240527,0.0,0.0,0.0,0.0008321985172
SZ300753,20240603,0.0,0.0,0.0,0.0005439330543999
SZ300755,20240626,0.0,0.0,0.0,0.0008244491827
SZ300756,20250527,0.0,0.0,0.0,0.05
SZ300756,20240607,0.0,0.0,0.0,0.0007204610951
SZ300756,20220608,0.4,0.0,0.0,0.045
SZ300756,20200616,0.4,0.0,0.0,0.32
SZ300756,20190524,0.8,0.0,0.0,0.8
SZ300757,20240613,0.0,0.0,0.0,0.0001479654747
SZ300759,20240627,0.0,0.0,0.0,0.0010362694301
SZ300760,20240528,0.0,0.0,0.0,0.0004980245028
SZ300763,20240529,0.0,0.0,0.0,0.0003463203463
SZ300765,20240425,0.0,0.0,0.0,0.0008283717318
SZ300766,20230711,0.0,0.0,0.0,0.05
SZ300766,20220711,0.0,0.0,0.0,0.05
SZ300766,20210621,0.0,0.0,0.0,0.05
SZ300766,20200612,0.0,0.0,0.0,0.05
SZ300768,20240522,0.0,0.0,0.0,0.0006116207951
SZ300770,20240628,0.0,0.0,0.0,0.0030442274554999
SZ300771,20240613,0.0,0.0,0.0,0.0011481194029999
SZ300772,20240710,0.0,0.0,0.0,0.0005387931034
SZ300773,20240607,0.0,0.0,0.0,0.0037565740044999
SZ300774,20240530,0.0,0.0,0.0,0.0019206145967
SZ300775,20240703,0.0,0.0,0.0,0.0006072739406
SZ300776,20250612,0.0,0.0,0.0,0.38849
SZ300776,20240530,0.0,0.0,0.0,0.0006698564593
SZ300776,20230615,0.6,0.0,0.0,0.47
SZ300776,20220607,0.6,0.0,0.0,0.75
SZ300776,20210601,0.0,0.0,0.0,0.75
SZ300776,20200604,0.6,0.0,0.0,0.5
SZ300776,20190923,0.0,0.0,0.0,0.5
SZ300777,20240604,0.0,0.0,0.0,0.0004724096863999
SZ300779,20240527,0.0,0.0,0.0,0.000204359673
SZ300781,20240628,0.0,0.0,0.0,9.85804416e-05
SZ300782,20240607,0.0,0.0,0.0,0.000256751004
SZ300783,20240521,0.0,0.0,0.0,0.0009664998075
SZ300785,20240606,0.0,0.0,0.0,0.0007887323944
SZ300786,20230530,0.0,0.0,0.0,0.02
SZ300786,20220426,0.8,0.0,0.0,0.15
SZ300786,20210519,0.0,0.0,0.0,0.19
SZ300786,20200522,0.6,0.0,0.0,0.27
SZ300787,20240528,0.0,0.0,0.0,0.0021390374332
SZ300788,20240807,0.0,0.0,0.0,0.0012545528126
SZ300789,20240606,0.0,0.0,0.0,0.0017076023392
SZ300790,20240711,0.0,0.0,0.0,0.0006988120195999
SZ300791,20240621,0.0,0.0,0.0,0.0031126202603
SZ300792,20240522,0.0,0.0,0.0,0.0007605633803
SZ300793,20240529,0.0,0.0,0.0,0.0012
SZ300795,20240429,0.0,0.0,0.0,0.0014775413712
SZ300796,20240530,0.0,0.0,0.0,0.0002717391304
SZ300796,20230410,0.8,0.0,0.0,0.12
SZ300796,20220602,0.4,0.0,0.0,0.06
SZ300796,20210624,0.0,0.0,0.0,0.05
SZ300796,20200619,0.0,0.0,0.0,0.08
SZ300797,20240704,0.0,0.0,0.0,0.0011049723757
SZ300798,20240712,0.0,0.0,0.0,0.0003262642741
SZ300800,20240529,0.0,0.0,0.0,0.0017466410749
SZ300801,20240430,0.0,0.0,0.0,0.0011376021798
SZ300802,20240607,0.0,0.0,0.0,0.0010869565217
SZ300805,20240708,0.0,0.0,0.0,0.0006420545746
SZ300806,20250626,0.0,0.0,0.0,0.00995
SZ300806,20240523,0.0,0.0,0.0,0.0002134471718
SZ300806,20230602,0.4,0.0,0.0,0.06
SZ300806,20220602,0.6,0.0,0.0,0.12
SZ300806,20210520,0.6,0.0,0.0,0.2
SZ300806,20200519,0.0,0.0,0.0,0.1
SZ300808,20240529,0.0,0.0,0.0,0.0010653409091
SZ300809,20240619,0.0,0.0,0.0,0.0004786979416
SZ300810,20240704,0.0,0.0,0.0,0.0001347708895
SZ300811,20240612,0.0,0.0,0.0,0.0003513703443
SZ300812,20240606,0.0,0.0,0.0,0.0001849283403
SZ300813,20240527,0.0,0.0,0.0,0.0004901960784
SZ300814,20240712,0.0,0.0,0.0,0.0003980239521
SZ300815,20240612,0.0,0.0,0.0,0.0016025641026
SZ300816,20251021,0.0,0.0,0.0,0.02461
SZ300816,20250612,0.0,0.0,0.0,0.05118
SZ300816,20250110,0.0,0.0,0.0,0.06299
SZ300816,20220706,0.0,0.0,0.0,0.174
SZ300816,20210428,0.0,0.0,0.0,0.316
SZ300816,20200709,0.0,0.0,0.0,0.26
SZ300817,20240606,0.0,0.0,0.0,0.0017806267806
SZ300818,20240429,0.0,0.0,0.0,0.0004576659039
SZ300819,20240606,0.0,0.0,0.0,0.0022488755622
SZ300820,20240530,0.0,0.0,0.0,0.0009029345372
SZ300822,20240607,0.0,0.0,0.0,0.0006281407035
SZ300823,20240605,0.0,0.0,0.0,0.0030672926448
SZ300824,20240508,0.0,0.0,0.0,0.0022148394241
SZ300826,20250617,0.0,0.0,0.0,0.02939
SZ300826,20240621,0.0,0.0,0.0,0.000693000693
SZ300826,20230711,0.0,0.0,0.0,0.2
SZ300826,20220615,0.3,0.0,0.0,0.3
SZ300826,20210525,0.4,0.0,0.0,0.75
SZ300827,20240607,0.0,0.0,0.0,0.0003819709702
SZ300828,20240529,0.0,0.0,0.0,0.0012819557823
SZ300829,20240604,0.0,0.0,0.0,0.0006203473945
SZ300830,20240531,0.0,0.0,0.0,0.0003684484945
SZ300831,20240729,0.0,0.0,0.0,0.0001152298851
SZ300832,20240515,0.0,0.0,0.0,0.0012985326581
SZ300833,20240611,0.0,0.0,0.0,0.0028985507246
SZ300834,20240531,0.0,0.0,0.0,0.0010548523207
SZ300835,20240709,0.0,0.0,0.0,0.0008163265306
SZ300836,20250528,0.44748,0.0,0.0,0.29832
SZ300836,20240930,0.0,0.0,0.0,0.15623
SZ300836,20220610,0.3,0.0,0.0,0.305
SZ300837,20240606,0.0,0.0,0.0,0.0013440860215
SZ300838,20240612,0.0,0.0,0.0,0.0024366471735
SZ300840,20240708,0.0,0.0,0.0,0.0005688282139
SZ300841,20240508,0.0,0.0,0.0,0.0030275507115
SZ300842,20240410,0.0,0.0,0.0,0.0011283497884
SZ300843,20240618,0.0,0.0,0.0,0.0003375164835
SZ300845,20240530,0.0,0.0,0.0,0.0016170763259999
SZ300846,20201020,0.0,0.0,0.0,0.05
SZ300847,20240528,0.0,0.0,0.0,0.0006349206349
SZ300848,20240529,0.0,0.0,0.0,0.0004716981132
SZ300850,20240521,0.0,0.0,0.0,0.0005265822785
SZ300851,20240726,0.0,0.0,0.0,0.001618705036
SZ300852,20240508,0.0,0.0,0.0,0.0009233610342
SZ300853,20240523,0.0,0.0,0.0,0.0012391573729999
SZ300854,20240621,0.0,0.0,0.0,0.0010934393638
SZ300855,20240523,0.0,0.0,0.0,0.0011269722014
SZ300856,20250604,0.4,0.0,0.0,0.3
SZ300856,20240902,0.0,0.0,0.0,0.6
SZ300856,20240517,0.0,0.0,0.0,0.0018684603886
SZ300856,20230602,0.0,0.0,0.0,1.0
SZ300856,20220627,0.5,0.0,0.0,0.3
SZ300856,20210602,0.0,0.0,0.0,0.15
SZ300856,20201106,0.0,0.0,0.0,0.15
SZ300857,20240614,0.0,0.0,0.0,0.0001961471102999
SZ300858,20240703,0.0,0.0,0.0,0.0010169491524999
SZ300859,20240524,0.0,0.0,0.0,0.0008839127873
SZ300860,20240517,0.0,0.0,0.0,0.0017172295362999
SZ300861,20240705,0.0,0.0,0.0,0.0008269018742999
SZ300862,20240614,0.0,0.0,0.0,0.0002235294118
SZ300863,20240606,0.0,0.0,0.0,0.0010137875101
SZ300864,20240521,0.0,0.0,0.0,0.0035555555555999
SZ300865,20240509,0.0,0.0,0.0,0.0003548387097
SZ300866,20250910,0.0,0.0,0.0,0.7
SZ300866,20250604,0.0,0.0,0.0,1.5
SZ300866,20240911,0.0,0.0,0.0,0.6
SZ300866,20240524,0.0,0.0,0.0,0.0021598272138
SZ300866,20230518,0.0,0.0,0.0,1.2
SZ300866,20220519,0.0,0.0,0.0,0.8
SZ300866,20210429,0.0,0.0,0.0,0.8
SZ300867,20240628,0.0,0.0,0.0,0.0005056179775
SZ300869,20240529,0.0,0.0,0.0,0.0019620667103
SZ300870,20240524,0.0,0.0,0.0,0.0007252559726999
SZ300871,20240529,0.0,0.0,0.0,0.0020657995409
SZ300872,20240522,0.0,0.0,0.0,0.0003808073115
SZ300873,20240710,0.0,0.0,0.0,0.0028510334996
SZ300876,20240507,0.0,0.0,0.0,0.0010632642212
SZ300876,20230427,0.0,0.0,0.0,0.2
SZ300876,20220513,0.0,0.0,0.0,0.3
SZ300876,20210517,0.0,0.0,0.0,0.2
SZ300877,20240530,0.0,0.0,0.0,0.0007205764612
SZ300878,20240529,0.0,0.0,0.0,0.0015096618357
SZ300880,20240712,0.0,0.0,0.0,0.0016286644951
SZ300881,20240530,0.0,0.0,0.0,0.0019384137447
SZ300882,20240527,0.0,0.0,0.0,0.0022530980098
SZ300883,20240710,0.0,0.0,0.0,0.0002364976077
SZ300884,20240529,0.0,0.0,0.0,0.0032786885246
SZ300885,20240607,0.0,0.0,0.0,0.0011577985612
SZ300886,20251009,0.0,0.0,0.0,0.05
SZ300886,20250620,0.0,0.0,0.0,0.09968
SZ300886,20230614,0.0,0.0,0.0,0.05
SZ300886,20220621,0.0,0.0,0.0,0.05
SZ300886,20210512,0.3,0.0,0.0,0.2
SZ300887,20240715,0.0,0.0,0.0,0.0007731958763
SZ300888,20240604,0.0,0.0,0.0,0.0017006802721
SZ300889,20240605,0.0,0.0,0.0,0.0002935420744
SZ300890,20240523,0.0,0.0,0.0,0.0010032880149
SZ300891,20240527,0.0,0.0,0.0,0.0003264417845
SZ300893,20240523,0.0,0.0,0.0,0.0006971070059
SZ300894,20240528,0.0,0.0,0.0,0.0032840722496
SZ300896,20250926,0.0,0.0,0.0,1.19538
SZ300896,20250430,0.0,0.0,0.0,3.78536
SZ300896,20240429,0.0,0.0,0.0,0.0007821285479
SZ300896,20231023,0.0,0.0,0.0,1.8439
SZ300896,20230515,0.0,0.0,0.0,2.8
SZ300896,20220418,0.0,0.0,0.0,2.1
SZ300896,20210316,0.8,0.0,0.0,3.5
SZ300897,20240523,0.0,0.0,0.0,0.0013346680013
SZ300898,20240528,0.0,0.0,0.0,0.002557544757
SZ300899,20240528,0.0,0.0,0.0,0.0017612524462
SZ300900,20240625,0.0,0.0,0.0,0.000392003136
SZ300901,20240509,0.0,0.0,0.0,0.0019788918206
SZ300902,20240527,0.0,0.0,0.0,0.0009375
SZ300904,20240430,0.0,0.0,0.0,0.0011806873286999
SZ300905,20240506,0.0,0.0,0.0,0.0016852039097
SZ300906,20250605,0.0,0.0,0.0,0.5
SZ300906,20240607,0.0,0.0,0.0,0.002186270223
SZ300906,20230609,0.0,0.0,0.0,0.2
SZ300906,20220628,0.0,0.0,0.0,0.3
SZ300906,20210531,0.0,0.0,0.0,0.5
SZ300907,20240531,0.0,0.0,0.0,0.0024987506247
SZ300908,20240514,0.0,0.0,0.0,0.0021824530772999
SZ300909,20240619,0.0,0.0,0.0,0.0006239600665999
SZ300910,20240528,0.0,0.0,0.0,0.0027094622759
SZ300911,20240523,0.0,0.0,0.0,0.0031055900620999
SZ300913,20240618,0.0,0.0,0.0,0.0003342618384
SZ300915,20240614,0.0,0.0,0.0,0.0014275517487999
SZ300916,20250526,0.0,0.0,0.0,0.4
SZ300916,20240521,0.0,0.0,0.0,0.0011098779134
SZ300916,20230630,0.5,0.0,0.0,0.5
SZ300916,20220629,0.5,0.0,0.0,0.3
SZ300916,20210621,0.5,0.0,0.0,0.3
SZ300917,20240524,0.0,0.0,0.0,0.0004318806439
SZ300918,20240607,0.0,0.0,0.0,0.0014333333333
SZ300919,20240529,0.0,0.0,0.0,0.0023098367184
SZ300920,20240530,0.0,0.0,0.0,0.0012706480305
SZ300921,20240604,0.0,0.0,0.0,0.0011600928074
SZ300922,20240522,0.0,0.0,0.0,0.0010162601626
SZ300923,20240607,0.0,0.0,0.0,0.0029683377309
SZ300925,20240606,0.0,0.0,0.0,0.0007200720071999
SZ300926,20250430,0.0,0.0,0.0,0.14999
SZ300926,20240507,0.0,0.0,0.0,0.0004622428351
SZ300926,20230526,0.8,0.0,0.0,0.1
SZ300926,20220525,0.0,0.0,0.0,0.12
SZ300926,20210519,0.0,0.0,0.0,0.05
SZ300927,20240621,0.0,0.0,0.0,0.0009744623656
SZ300928,20240527,0.0,0.0,0.0,0.0003997867804
SZ300929,20240709,0.0,0.0,0.0,0.0002919708028999
SZ300930,20240528,0.0,0.0,0.0,0.0005271481286
SZ300931,20240524,0.0,0.0,0.0,0.0016025641026
SZ300932,20240604,0.0,0.0,0.0,0.0017488076312
SZ300933,20240717,0.0,0.0,0.0,0.0006993006993
SZ300936,20250523,0.0,0.0,0.0,0.1
SZ300936,20240531,0.0,0.0,0.0,0.0020636792453
SZ300936,20220601,0.0,0.0,0.0,0.4
SZ300936,20210526,0.0,0.0,0.0,0.5
SZ300937,20240613,0.0,0.0,0.0,0.0009977324263
SZ300938,20240527,0.0,0.0,0.0,0.0009844868734999
SZ300939,20240522,0.0,0.0,0.0,0.0014084507042
SZ300941,20240620,0.0,0.0,0.0,0.0007847533631999
SZ300943,20240530,0.0,0.0,0.0,0.0010016694491
SZ300945,20240625,0.0,0.0,0.0,0.0013677130045
SZ300946,20251027,0.0,0.0,0.0,0.12
SZ300946,20250613,0.3,0.0,0.0,0.15
SZ300946,20240523,0.0,0.0,0.0,0.00092
SZ300946,20230529,0.0,0.0,0.0,0.23
SZ300946,20220509,0.8,0.0,0.0,0.42
SZ300946,20210513,0.0,0.0,0.0,0.42
SZ300948,20240531,0.0,0.0,0.0,0.0006465517241
SZ300950,20240611,0.0,0.0,0.0,0.0009836065574
SZ300951,20240523,0.0,0.0,0.0,0.0023623907394
SZ300952,20240604,0.0,0.0,0.0,0.0011600928074
SZ300953,20240528,0.0,0.0,0.0,6.9996182e-05
SZ300955,20240705,0.0,0.0,0.0,0.0029288702929
SZ300956,20250428,0.2,0.0,0.0,0.1
SZ300956,20240528,0.0,0.0,0.0,0.0002272727273
SZ300956,20220527,0.0,0.0,0.0,0.1
SZ300956,20210527,0.0,0.0,0.0,0.3
SZ300957,20240611,0.0,0.0,0.0,0.0011501210496
SZ300958,20240705,0.0,0.0,0.0,0.0011434108526999
SZ300959,20240531,0.0,0.0,0.0,0.0010588235294
SZ300960,20240613,0.0,0.0,0.0,0.0037735849056999
SZ300962,20240619,0.0,0.0,0.0,0.0021354933726
SZ300963,20240718,0.0,0.0,0.0,0.0007971014493
SZ300964,20240614,0.0,0.0,0.0,0.0009259259259
SZ300966,20240612,0.0,0.0,0.0,9.1954023e-05
SZ300966,20220531,0.0,0.0,0.0,0.136
SZ300968,20240607,0.0,0.0,0.0,0.0006009615385
SZ300969,20240528,0.0,0.0,0.0,0.0004830334501
SZ300970,20240604,0.0,0.0,0.0,0.0014814814815
SZ300971,20240606,0.0,0.0,0.0,0.0014196479273
SZ300973,20240628,0.0,0.0,0.0,0.0017211703959
SZ300975,20240517,0.0,0.0,0.0,9.54861111e-05
SZ300976,20250606,0.39567,0.0,0.0,0.29675
SZ300976,20250314,0.0,0.0,0.0,0.79134
SZ300976,20240603,0.0,0.0,0.0,0.0005337665352
SZ300976,20230607,0.0,0.0,0.0,0.8
SZ300976,20220602,0.0,0.0,0.0,1.2
SZ300976,20210602,0.8,0.0,0.0,1.0
SZ300977,20240530,0.0,0.0,0.0,0.0014379084967
SZ300978,20240603,0.0,0.0,0.0,0.0018570102136
SZ300979,20240527,0.0,0.0,0.0,0.0017613386173
SZ300980,20240624,0.0,0.0,0.0,0.0019636291139
SZ300981,20240627,0.0,0.0,0.0,0.0048030739673
SZ300982,20240717,0.0,0.0,0.0,0.0011947431302
SZ300983,20240521,0.0,0.0,0.0,0.0002470152326
SZ300984,20240515,0.0,0.0,0.0,0.0006833712984
SZ300985,20240612,0.0,0.0,0.0,0.0017021276596
SZ300986,20250523,0.39233,0.0,0.0,0.09808
SZ300986,20240607,0.0,0.0,0.0,0.0014556040757
SZ300986,20230711,0.49838,0.0,0.0,0.19935
SZ300986,20220614,0.4,0.0,0.0,0.15
SZ300987,20240613,0.0,0.0,0.0,0.0013302034429
SZ300988,20240627,0.0,0.0,0.0,0.0007618613138999
SZ300989,20240606,0.0,0.0,0.0,0.0003032140691
SZ300990,20240516,0.0,0.0,0.0,0.0015114873035
SZ300991,20240530,0.0,0.0,0.0,0.0001585623679
SZ300992,20240624,0.0,0.0,0.0,0.0004509921828
SZ300993,20240618,0.0,0.0,0.0,0.001875
SZ300994,20240605,0.0,0.0,0.0,0.0031739130435
SZ300995,20240613,0.0,0.0,0.0,0.0007551919446
SZ300996,20250516,0.39625,0.0,0.0,0.14859
SZ300996,20240626,0.0,0.0,0.0,0.0007433505154999
SZ300996,20230517,0.4,0.0,0.0,0.3
SZ300996,20220518,0.0,0.0,0.0,0.3
SZ300996,20210716,0.6,0.0,0.0,0.3
SZ300997,20240425,0.0,0.0,0.0,0.0021978021978
SZ300998,20240621,0.0,0.0,0.0,0.0004393673111
SZ300999,20240508,0.0,0.0,0.0,0.0003443996277
SZ301000,20240628,0.0,0.0,0.0,0.0021908471276
SZ301001,20240618,0.0,0.0,0.0,0.0007217090069
SZ301002,20240619,0.0,0.0,0.0,0.000683994528
SZ301003,20240417,0.0,0.0,0.0,0.0029925187032
SZ301004,20240430,0.0,0.0,0.0,0.0025889967638
SZ301005,20240612,0.0,0.0,0.0,0.0003147623544
SZ301006,20250709,0.0,0.0,0.0,0.19759
SZ301006,20240709,0.0,0.0,0.0,0.0027469118983
SZ301006,20230711,0.0,0.0,0.0,0.35
SZ301006,20220711,0.0,0.0,0.0,0.2
SZ301006,20210810,0.0,0.0,0.0,0.5
SZ301007,20240530,0.0,0.0,0.0,0.0011923688393999
SZ301008,20240620,0.0,0.0,0.0,0.0022230455723999
SZ301009,20240719,0.0,0.0,0.0,0.0010288065844
SZ301010,20240709,0.0,0.0,0.0,0.0018639328984
SZ301011,20240627,0.0,0.0,0.0,0.0013245033113
SZ301012,20240704,0.0,0.0,0.0,0.0004382120947
SZ301015,20240529,0.0,0.0,0.0,0.0024462279294
SZ301016,20250430,0.4,0.0,0.0,0.6
SZ301016,20240710,0.0,0.0,0.0,0.0020395550062
SZ301016,20230511,0.0,0.0,0.0,0.22
SZ301016,20220617,0.0,0.0,0.0,0.15
SZ301017,20240716,0.0,0.0,0.0,0.0005246589717
SZ301018,20240531,0.0,0.0,0.0,0.0007407407407
SZ301019,20240711,0.0,0.0,0.0,
SZ301020,20240529,0.0,0.0,0.0,0.0011641443539
SZ301022,20240529,0.0,0.0,0.0,0.0011450423351
SZ301023,20240528,0.0,0.0,0.0,0.0022314313038
SZ301026,20250604,0.39654,0.0,0.0,0.39654
SZ301026,20240529,0.0,0.0,0.0,0.0011325028313
SZ301026,20230531,0.0,0.0,0.0,0.4
SZ301026,20220608,0.0,0.0,0.0,0.4
SZ301027,20240613,0.0,0.0,0.0,0.0001818181818
SZ301028,20240605,0.0,0.0,0.0,0.001100110011
SZ301029,20240523,0.0,0.0,0.0,0.0016044925792
SZ301030,20240528,0.0,0.0,0.0,0.0006103763988
SZ301031,20240717,0.0,0.0,0.0,0.0008048289738
SZ301032,20240606,0.0,0.0,0.0,0.000439238653
SZ301033,20240626,0.0,0.0,0.0,0.0010306622005
SZ301035,20240530,0.0,0.0,0.0,0.0019076688287
SZ301036,20250522,0.0,0.0,0.0,0.2
SZ301036,20241018,0.0,0.0,0.0,0.3
SZ301036,20240808,0.0,0.0,0.0,0.001030573686
SZ301036,20230608,0.0,0.0,0.0,0.18
SZ301036,20220519,0.0,0.0,0.0,0.8
SZ301037,20240613,0.0,0.0,0.0,
SZ301041,20240621,0.0,0.0,0.0,0.0002294455067
SZ301042,20240527,0.0,0.0,0.0,0.0033907883583
SZ301043,20240529,0.0,0.0,0.0,0.0032713754647
SZ301045,20240521,0.0,0.0,0.0,0.0006269592476
SZ301046,20250619,0.0,0.0,0.0,0.3
SZ301046,20240620,0.0,0.0,0.0,0.0014423052885
SZ301046,20220414,0.0,0.0,0.0,0.4
SZ301047,20240523,0.0,0.0,0.0,0.0026267402153999
SZ301048,20240725,0.0,0.0,0.0,0.0005923808947999
SZ301050,20240529,0.0,0.0,0.0,0.0008512413937
SZ301051,20240524,0.0,0.0,0.0,0.0005042864347
SZ301052,20240401,0.0,0.0,0.0,0.0002286284382
SZ301053,20240528,0.0,0.0,0.0,0.0003929273084
SZ301055,20240624,0.0,0.0,0.0,0.0011673151751
SZ301056,20251211,0.0,0.0,0.0,0.2
SZ301056,20250620,0.0,0.0,0.0,0.4
SZ301056,20240625,0.0,0.0,0.0,0.0026773761714
SZ301056,20230613,0.0,0.0,0.0,0.05
SZ301056,20220602,0.0,0.0,0.0,0.2
SZ301057,20240625,0.0,0.0,0.0,0.0027597869605
SZ301058,20240613,0.0,0.0,0.0,0.0015400410678
SZ301059,20240531,0.0,0.0,0.0,0.0010266940452
SZ301061,20240527,0.0,0.0,0.0,0.0007834534629
SZ301062,20240530,0.0,0.0,0.0,0.0004721397545
SZ301063,20240626,0.0,0.0,0.0,0.0010940919037
SZ301065,20240620,0.0,0.0,0.0,0.0006086427267
SZ301066,20251010,0.0,0.0,0.0,0.04949
SZ301066,20250429,0.0,0.0,0.0,0.10861
SZ301066,20240628,0.0,0.0,0.0,0.0007202881152
SZ301066,20220622,0.4,0.0,0.0,0.1
SZ301067,20240619,0.0,0.0,0.0,0.0002543234995
SZ301068,20240509,0.0,0.0,0.0,0.0008862105635999
SZ301069,20240425,0.0,0.0,0.0,0.0010266940452
SZ301070,20240710,0.0,0.0,0.0,0.001038691249
SZ301071,20240711,0.0,0.0,0.0,0.001852537977
SZ301072,20240710,0.0,0.0,0.0,0.0002854791864
SZ301073,20240606,0.0,0.0,0.0,0.0007462686567
SZ301075,20240531,0.0,0.0,0.0,0.0006830601092999
SZ301076,20250926,0.0,0.0,0.0,0.1
SZ301076,20250710,0.3,0.0,0.0,0.1
SZ301076,20240430,0.0,0.0,0.0,0.0006482281763
SZ301076,20230322,0.3,0.0,0.0,0.6
SZ301076,20220531,0.3,0.0,0.0,0.5
SZ301077,20240516,0.0,0.0,0.0,0.0028796343321
SZ301078,20240627,0.0,0.0,0.0,0.0009708737864
SZ301079,20240527,0.0,0.0,0.0,8.65800866e-05
SZ301080,20240705,0.0,0.0,0.0,0.0026954177898
SZ301081,20240522,0.0,0.0,0.0,0.0034090909091
SZ301082,20240606,0.0,0.0,0.0,0.0011803278689
SZ301083,20240603,0.0,0.0,0.0,0.0007889546351
SZ301085,20240521,0.0,0.0,0.0,0.0006024635193
SZ301086,20250627,0.0,0.0,0.0,0.8
SZ301086,20240531,0.0,0.0,0.0,0.0022692889561
SZ301086,20230620,0.5,0.0,0.0,1.3
SZ301086,20220613,0.0,0.0,0.0,1.0
SZ301087,20240612,0.0,0.0,0.0,0.0032813781787999
SZ301088,20240712,0.0,0.0,0.0,0.0040573012939
SZ301089,20240523,0.0,0.0,0.0,0.000647836227
SZ301090,20240617,0.0,0.0,0.0,0.0005327868852
SZ301091,20240523,0.0,0.0,0.0,7.876016259999999e-05
SZ301092,20240619,0.0,0.0,0.0,0.0010673234811
SZ301093,20240628,0.0,0.0,0.0,0.002997002997
SZ301095,20240524,0.0,0.0,0.0,0.0008978325534
SZ301096,20240603,0.0,0.0,0.0,0.0004848876677
SZ301096,20230504,0.0,0.0,0.0,0.8
SZ301096,20220418,0.0,0.0,0.0,0.6
SZ301097,20240528,0.0,0.0,0.0,0.0012339441574
SZ301098,20240705,0.0,0.0,0.0,0.0013495276653
SZ301099,20240711,0.0,0.0,0.0,0.0001662707838
SZ301100,20240628,0.0,0.0,0.0,0.000580495356
SZ301101,20240528,0.0,0.0,0.0,0.001138952164
SZ301102,20240719,0.0,0.0,0.0,0.0012750455372999
SZ301103,20240705,0.0,0.0,0.0,0.002890786431
SZ301106,20250529,0.0,0.0,0.0,0.4
SZ301106,20240524,0.0,0.0,0.0,0.0011376564278
SZ301106,20230516,0.0,0.0,0.0,0.6
SZ301106,20220509,0.0,0.0,0.0,0.3
SZ301107,20240618,0.0,0.0,0.0,0.0015625
SZ301108,20240613,0.0,0.0,0.0,0.0013478098091
SZ301109,20240624,0.0,0.0,0.0,0.0055248618785
SZ301110,20240604,0.0,0.0,0.0,0.0013943760167
SZ301111,20240523,0.0,0.0,0.0,0.0006060606061
SZ301112,20240613,0.0,0.0,0.0,0.0006191950464
SZ301113,20240523,0.0,0.0,0.0,0.0001326846528
SZ301115,20240716,0.0,0.0,0.0,0.0027733755943
SZ301116,20250527,0.0,0.0,0.0,0.07
SZ301116,20241113,0.0,0.0,0.0,0.07875
SZ301116,20230609,0.0,0.0,0.0,0.05
SZ301116,20220602,0.0,0.0,0.0,0.05218
SZ301119,20240619,0.0,0.0,0.0,0.0005130836326
SZ301120,20240528,0.0,0.0,0.0,0.0005198487713
SZ301121,20240607,0.0,0.0,0.0,0.0003837298542
SZ301122,20240521,0.0,0.0,0.0,0.0017559262510999
SZ301125,20240619,0.0,0.0,0.0,0.0002340093604
SZ301126,20251215,0.0,0.0,0.0,0.022
SZ301126,20250707,0.0,0.0,0.0,0.0818
SZ301126,20240529,0.0,0.0,0.0,0.0004102564103
SZ301126,20230612,0.0,0.0,0.0,0.029
SZ301126,20220621,0.0,0.0,0.0,0.034
SZ301127,20240705,0.0,0.0,0.0,0.0014821246731
SZ301128,20240522,0.0,0.0,0.0,0.0017434620174
SZ301129,20240528,0.0,0.0,0.0,0.0009752925878
SZ301130,20240612,0.0,0.0,0.0,0.0010851419032
SZ301131,20240530,0.0,0.0,0.0,0.0009030998291
SZ301132,20240528,0.0,0.0,0.0,0.0019623006283
SZ301133,20240627,0.0,0.0,0.0,0.0006355932203
SZ301135,20240613,0.0,0.0,0.0,0.0015731515469
SZ301136,20240531,0.0,0.0,0.0,0.0001915708812
SZ301136,20230601,0.0,0.0,0.0,0.088
SZ301136,20220601,0.0,0.0,0.0,0.1
SZ301137,20240627,0.0,0.0,0.0,0.0009026798306999
SZ301138,20240607,0.0,0.0,0.0,0.0023452157598
SZ301139,20240628,0.0,0.0,0.0,0.0002661064426
SZ301141,20240528,0.0,0.0,0.0,0.0006967022759
SZ301148,20240605,0.0,0.0,0.0,0.0022504327755
SZ301149,20240520,0.0,0.0,0.0,0.0013392857143
SZ301150,20240514,0.0,0.0,0.0,0.0003716090673
SZ301151,20240621,0.0,0.0,0.0,0.0025723472669
SZ301153,20240509,0.0,0.0,0.0,0.0018037518038
SZ301156,20260107,0.0,0.0,0.0,0.1
SZ301156,20250611,0.0,0.0,0.0,0.32
SZ301156,20240513,0.0,0.0,0.0,0.0020912547529
SZ301156,20230703,0.4,0.0,0.0,0.6
SZ301157,20240530,0.0,0.0,0.0,0.0004153973967999
SZ301158,20240517,0.0,0.0,0.0,0.00191140801
SZ301159,20240627,0.0,0.0,0.0,0.0003685956505999
SZ301160,20240621,0.0,0.0,0.0,0.0025556680161999
SZ301161,20240604,0.0,0.0,0.0,0.0003740648379
SZ301162,20240517,0.0,0.0,0.0,0.0010174089984
SZ301163,20240613,0.0,0.0,0.0,0.0012153621779
SZ301165,20240604,0.0,0.0,0.0,0.0017167381974
SZ301166,20250522,0.0,0.0,0.0,0.22754
SZ301166,20240527,0.0,0.0,0.0,0.0015729585006999
SZ301166,20230529,0.0,0.0,0.0,0.9
SZ301166,20220601,0.0,0.0,0.0,0.5
SZ301167,20240531,0.0,0.0,0.0,0.0017632653061
SZ301168,20240607,0.0,0.0,0.0,0.0005704584041
SZ301170,20240607,0.0,0.0,0.0,0.0011363636364
SZ301171,20240529,0.0,0.0,0.0,0.0007046764894
SZ301172,20240603,0.0,0.0,0.0,0.0006303183107
SZ301175,20240520,0.0,0.0,0.0,0.0019841269841
SZ301176,20230710,0.0,0.0,0.0,0.11
SZ301177,20240621,0.0,0.0,0.0,0.0024789291026
SZ301178,20240712,0.0,0.0,0.0,0.0004533091568
SZ301179,20240521,0.0,0.0,0.0,0.0023544520548
SZ301180,20240702,0.0,0.0,0.0,0.0001641497045
SZ301181,20240524,0.0,0.0,0.0,0.002427184466
SZ301185,20240531,0.0,0.0,0.0,0.0012861736334
SZ301186,20251024,0.0,0.0,0.0,0.25
SZ301186,20250625,0.0,0.0,0.0,0.5
SZ301186,20240621,0.0,0.0,0.0,0.0017682349226
SZ301186,20230925,0.0,0.0,0.0,0.4
SZ301186,20220526,0.0,0.0,0.0,0.3
SZ301187,20240523,0.0,0.0,0.0,0.0036839769197
SZ301188,20240604,0.0,0.0,0.0,0.0005737234653
SZ301190,20240705,0.0,0.0,0.0,0.0011261261260999
SZ301191,20240606,0.0,0.0,0.0,0.0013927576602
SZ301192,20240531,0.0,0.0,0.0,0.0011286681716
SZ301193,20240523,0.0,0.0,0.0,0.0010482180294
SZ301195,20240529,0.0,0.0,0.0,0.0020987355754
SZ301196,20260211,0.0,0.0,0.0,0.6
SZ301196,20250721,0.0,0.0,0.0,0.6
SZ301196,20240927,0.0,0.0,0.0,0.49828
SZ301196,20240627,0.0,0.0,0.0,0.0029041626331
SZ301196,20230615,0.0,0.0,0.0,0.7
SZ301196,20220615,0.0,0.0,0.0,0.6
SZ301197,20240711,0.0,0.0,0.0,0.0007782101167
SZ301198,20240528,0.0,0.0,0.0,0.0013636363636
SZ301199,20240605,0.0,0.0,0.0,0.0002927645337
SZ301201,20240710,0.0,0.0,0.0,0.0011098779134
SZ301202,20240605,0.0,0.0,0.0,0.0006576783953
SZ301203,20240528,0.0,0.0,0.0,0.0046583850932
SZ301205,20240618,0.0,0.0,0.0,6.962818550000001e-05
SZ301206,20251230,0.0,0.0,0.0,0.49425
SZ301206,20250606,0.0,0.0,0.0,0.99073
SZ301206,20250110,0.0,0.0,0.0,0.24914
SZ301206,20240927,0.0,0.0,0.0,0.14966
SZ301206,20240529,0.0,0.0,0.0,0.0008903133903
SZ301206,20230621,0.0,0.0,0.0,0.7
SZ301206,20220617,0.5,0.0,0.0,1.0
SZ301207,20240614,0.0,0.0,0.0,0.0031796502385
SZ301208,20240523,0.0,0.0,0.0,0.0013008672448
SZ301209,20240606,0.0,0.0,0.0,0.0005279366476
SZ301210,20240613,0.0,0.0,0.0,0.0004743833017
SZ301211,20240527,0.0,0.0,0.0,0.0028053769725
SZ301212,20240607,0.0,0.0,0.0,0.0009919839679
SZ301215,20240531,0.0,0.0,0.0,0.0014587332054
SZ301216,20250530,0.0,0.0,0.0,0.14866
SZ301216,20240628,0.0,0.0,0.0,0.0013333333333
SZ301216,20230607,0.5,0.0,0.0,0.3
SZ301216,20220623,0.0,0.0,0.0,0.2
SZ301217,20240611,0.0,0.0,0.0,0.0006097560976
SZ301218,20240521,0.0,0.0,0.0,0.000204717401
SZ301219,20240530,0.0,0.0,0.0,0.0033222591362
SZ301220,20240524,0.0,0.0,0.0,0.0007326007326
SZ301221,20240531,0.0,0.0,0.0,0.0002815315315
SZ301222,20240607,0.0,0.0,0.0,0.0013927576602
SZ301223,20240606,0.0,0.0,0.0,0.0020646937371
SZ301225,20240626,0.0,0.0,0.0,0.001497005988
SZ301226,20250604,0.0,0.0,0.0,0.1
SZ301226,20240531,0.0,0.0,0.0,0.0013601419279
SZ301226,20230505,0.6,0.0,0.0,0.6
SZ301226,20220609,0.0,0.0,0.0,0.63
SZ301227,20240528,0.0,0.0,0.0,0.0021626297578
SZ301229,20240521,0.0,0.0,0.0,0.0004018540192999
SZ301230,20240621,0.0,0.0,0.0,0.0010607521697
SZ301231,20240603,0.0,0.0,0.0,0.0002949852507
SZ301232,20240606,0.0,0.0,0.0,0.000462962963
SZ301233,20240612,0.0,0.0,0.0,0.0011693121693
SZ301234,20240625,0.0,0.0,0.0,0.0019455252918
SZ301235,20240530,0.0,0.0,0.0,0.0005299417063999
SZ301236,20250613,0.0,0.0,0.0,0.1
SZ301236,20240613,0.0,0.0,0.0,0.0004570848146
SZ301236,20230620,0.5,0.0,0.0,0.0
SZ301236,20221104,0.0,0.0,0.0,0.5
SZ301236,20220609,0.5,0.0,0.0,0.0
SZ301237,20240522,0.0,0.0,0.0,0.000452079566
SZ301238,20240604,0.0,0.0,0.0,0.0011641443539
SZ301239,20240722,0.0,0.0,0.0,0.0010825439783
SZ301246,20250625,0.0,0.0,0.0,0.02976
SZ301246,20240709,0.0,0.0,0.0,0.0003888024883
SZ301246,20230606,0.0,0.0,0.0,0.1
SZ301248,20240528,0.0,0.0,0.0,0.0006944444444
SZ301251,20240531,0.0,0.0,0.0,0.0004612736660999
SZ301252,20240521,0.0,0.0,0.0,0.0017874165872
SZ301255,20240612,0.0,0.0,0.0,0.0014116318464
SZ301256,20250929,0.0,0.0,0.0,0.04
SZ301256,20250612,0.0,0.0,0.0,0.12
SZ301256,20241024,0.0,0.0,0.0,0.05
SZ301256,20240527,0.0,0.0,0.0,0.0027210884354
SZ301256,20230516,0.0,0.0,0.0,0.08
SZ301256,20220712,0.0,0.0,0.0,0.05
SZ301257,20240606,0.0,0.0,0.0,0.0004144818976
SZ301258,20240612,0.0,0.0,0.0,0.002223325435
SZ301261,20240613,0.0,0.0,0.0,0.0005366246311
SZ301262,20240802,0.0,0.0,0.0,0.0008629213483
SZ301263,20240523,0.0,0.0,0.0,0.0020297699594
SZ301266,20250530,0.0,0.0,0.0,0.1
SZ301266,20240528,0.0,0.0,0.0,0.0006976744186
SZ301266,20230526,0.0,0.0,0.0,0.18
SZ301267,20240715,0.0,0.0,0.0,0.0005378973104999
SZ301268,20240611,0.0,0.0,0.0,0.001517911354
SZ301269,20240530,0.0,0.0,0.0,0.0001940491591
SZ301270,20240529,0.0,0.0,0.0,0.0013833992095
SZ301272,20240531,0.0,0.0,0.0,0.0011646494633
SZ301273,20240627,0.0,0.0,0.0,0.0012730744748999
SZ301276,20250529,0.2,0.0,0.0,0.72
SZ301276,20240528,0.0,0.0,0.0,0.0031666666667
SZ301276,20230601,0.0,0.0,0.0,0.36
SZ301277,20240510,0.0,0.0,0.0,0.0017376194612999
SZ301278,20240614,0.0,0.0,0.0,0.000814774579
SZ301279,20240527,0.0,0.0,0.0,0.0016872890889
SZ301280,20240508,0.0,0.0,0.0,0.0024721878863
SZ301281,20240430,0.0,0.0,0.0,0.0011507479862
SZ301282,20240618,0.0,0.0,0.0,0.0004391743522
SZ301283,20240516,0.0,0.0,0.0,0.0020123839009
SZ301285,20240606,0.0,0.0,0.0,0.0004113569216999
SZ301286,20250609,0.0,0.0,0.0,0.07929
SZ301286,20240626,0.0,0.0,0.0,0.0001808318264
SZ301286,20230614,0.0,0.0,0.0,0.1
SZ301287,20240531,0.0,0.0,0.0,0.0009283327144
SZ301288,20240516,0.0,0.0,0.0,0.0007686395081
SZ301289,20240626,0.0,0.0,0.0,0.0009970089731
SZ301290,20240613,0.0,0.0,0.0,0.0028818443804
SZ301291,20240711,0.0,0.0,0.0,0.0019423368741
SZ301293,20240627,0.0,0.0,0.0,0.0001853296918
SZ301295,20240524,0.0,0.0,0.0,0.0018635855386
SZ301296,20250704,0.0,0.0,0.0,0.05754
SZ301296,20240704,0.0,0.0,0.0,0.0007298756831
SZ301296,20230704,0.0,0.0,0.0,0.037
SZ301297,20240711,0.0,0.0,0.0,0.0003937007874
SZ301298,20240515,0.0,0.0,0.0,0.0020604395604
SZ301299,20240612,0.0,0.0,0.0,0.0036748329620999
SZ301300,20240605,0.0,0.0,0.0,0.0017769880052999
SZ301301,20240522,0.0,0.0,0.0,0.0014705926654
SZ301303,20240607,0.0,0.0,0.0,0.0020661157025
SZ301305,20240628,0.0,0.0,0.0,0.0006596306069
SZ301306,20230713,0.0,0.0,0.0,0.15
SZ301307,20240627,0.0,0.0,0.0,0.0005357142857
SZ301309,20240613,0.0,0.0,0.0,0.0011432926829
SZ301310,20240614,0.0,0.0,0.0,0.0013709898547
SZ301311,20240708,0.0,0.0,0.0,0.0003216542217
SZ301312,20240530,0.0,0.0,0.0,0.0009242144177
SZ301313,20240531,0.0,0.0,0.0,0.0006780957976
SZ301314,20240529,0.0,0.0,0.0,0.0012080536913
SZ301315,20240614,0.0,0.0,0.0,0.0007312996239
SZ301316,20250530,0.0,0.0,0.0,0.08
SZ301316,20240604,0.0,0.0,0.0,0.0005031446541
SZ301316,20230602,0.0,0.0,0.0,0.08
SZ301317,20240603,0.0,0.0,0.0,0.001677852349
SZ301318,20240524,0.0,0.0,0.0,0.0005074854097999
SZ301319,20240528,0.0,0.0,0.0,0.0029736618522
SZ301320,20240603,0.0,0.0,0.0,0.0006626905235
SZ301322,20240529,0.0,0.0,0.0,0.0030459945172
SZ301323,20240621,0.0,0.0,0.0,0.0012457178449
SZ301325,20240524,0.0,0.0,0.0,0.0007275902212
SZ301326,20240920,0.0,0.0,0.0,0.1989
SZ301326,20230518,0.0,0.0,0.0,0.4
SZ301328,20240529,0.0,0.0,0.0,0.000756429652
SZ301329,20240516,0.0,0.0,0.0,0.0014101057579
SZ301330,20240529,0.0,0.0,0.0,0.0019363166954
SZ301331,20240523,0.0,0.0,0.0,0.0019249278152
SZ301332,20240607,0.0,0.0,0.0,0.0010559662091
SZ301333,20240705,0.0,0.0,0.0,0.0005925925926
SZ301335,20240618,0.0,0.0,0.0,0.0021237864078
SZ301336,20250529,0.0,0.0,0.0,0.2242
SZ301336,20240926,0.0,0.0,0.0,0.04762
SZ301336,20240530,0.0,0.0,0.0,0.0003092145948999
SZ301336,20230530,0.0,0.0,0.0,0.272
SZ301337,20240716,0.0,0.0,0.0,0.000390625
SZ301338,20240528,0.0,0.0,0.0,0.0005333333333
SZ301339,20240704,0.0,0.0,0.0,0.0015447991761
SZ301345,20240524,0.0,0.0,0.0,0.00213371266
SZ301348,20240821,0.0,0.0,0.0,0.0012802926383
SZ301349,20240606,0.0,0.0,0.0,0.0008731082654
SZ301353,20240626,0.0,0.0,0.0,0.0012626262625999
SZ301355,20240628,0.0,0.0,0.0,0.0010482180294
SZ301356,20230613,0.8,0.0,0.0,1.25
SZ301357,20240528,0.0,0.0,0.0,0.0001324854265999
SZ301358,20240531,0.0,0.0,0.0,0.0011203430716
SZ301359,20240522,0.0,0.0,0.0,0.0025150905433
SZ301360,20240604,0.0,0.0,0.0,0.0006709908298
SZ301361,20240507,0.0,0.0,0.0,0.0003755364807
SZ301362,20240604,0.0,0.0,0.0,0.0048781709293
SZ301363,20240607,0.0,0.0,0.0,0.0006153846154
SZ301365,20240524,0.0,0.0,0.0,0.0014345991561
SZ301366,20250606,0.39691,0.0,0.0,0.39691
SZ301366,20240619,0.0,0.0,0.0,0.0011750881316
SZ301366,20230626,0.8,0.0,0.0,0.23
SZ301366,20221207,0.0,0.0,0.0,0.47
SZ301367,20240529,0.0,0.0,0.0,0.0012321340562
SZ301368,20240620,0.0,0.0,0.0,0.0001781223806
SZ301369,20240531,0.0,0.0,0.0,0.0004102096627
SZ301370,20240809,0.0,0.0,0.0,0.00113243762
SZ301371,20240530,0.0,0.0,0.0,0.0029385836027
SZ301372,20240613,0.0,0.0,0.0,0.000956382553
SZ301373,20240604,0.0,0.0,0.0,0.0011956954962
SZ301376,20251119,0.0,0.0,0.0,0.19916
SZ301376,20250612,0.0,0.0,0.0,0.19923
SZ301376,20241203,0.0,0.0,0.0,0.1
SZ301376,20240522,0.0,0.0,0.0,0.001776830135
SZ301378,20240618,0.0,0.0,0.0,0.0016744809108999
SZ301379,20240618,0.0,0.0,0.0,0.0015088645794
SZ301380,20240524,0.0,0.0,0.0,0.0016569767442
SZ301381,20240530,0.0,0.0,0.0,0.0009090909091
SZ301382,20240531,0.0,0.0,0.0,0.0006225680934
SZ301383,20240621,0.0,0.0,0.0,0.0009577015164
SZ301386,20250606,0.0,0.0,0.0,0.5
SZ301386,20240527,0.0,0.0,0.0,0.0033030553262
SZ301386,20231128,0.0,0.0,0.0,0.5
SZ301386,20230524,0.0,0.0,0.0,0.4
SZ301387,20240529,0.0,0.0,0.0,0.0011737089201999
SZ301388,20240529,0.0,0.0,0.0,0.0015493581231
SZ301389,20240531,0.0,0.0,0.0,0.001647446458
SZ301390,20240619,0.0,0.0,0.0,0.0012368583797
SZ301391,20240530,0.0,0.0,0.0,0.001072386059
SZ301393,20240523,0.0,0.0,0.0,0.0005213764338
SZ301395,20240621,0.0,0.0,0.0,0.0052083333332999
SZ301396,20251020,0.0,0.0,0.0,0.05
SZ301396,20250523,0.4,0.0,0.0,0.05
SZ301396,20240531,0.0,0.0,0.0,0.0007865757734999
SZ301396,20230530,0.2,0.0,0.0,0.3
SZ301397,20240712,0.0,0.0,0.0,0.0033806626099
SZ301398,20240627,0.0,0.0,0.0,0.0008351228824
SZ301399,20240529,0.0,0.0,0.0,0.0014965579168
SZ301408,20240617,0.0,0.0,0.0,0.0008992805755
SZ301413,20240531,0.0,0.0,0.0,0.0004878048779999
SZ301418,20240524,0.0,0.0,0.0,0.0006317737246
SZ301419,20240530,0.0,0.0,0.0,0.0018248175182
SZ301421,20240530,0.0,0.0,0.0,0.0006198347107
SZ301428,20240613,0.0,0.0,0.0,0.0011325028313
SZ301429,20240531,0.0,0.0,0.0,0.0015278219424
SZ301439,20240530,0.0,0.0,0.0,0.0021111893033
SZ301446,20250924,0.0,0.0,0.0,0.1
SZ301446,20250526,0.0,0.0,0.0,0.1
SZ301446,20240927,0.0,0.0,0.0,0.1
SZ301446,20240522,0.0,0.0,0.0,0.0008230452674999
SZ301446,20230925,0.0,0.0,0.0,0.12
SZ301448,20240521,0.0,0.0,0.0,0.0009164222874
SZ301456,20250617,0.0,0.0,0.0,0.2
SZ301456,20241224,0.0,0.0,0.0,0.135
SZ301456,20240529,0.0,0.0,0.0,0.0008240626288
SZ301456,20230928,0.0,0.0,0.0,0.135
SZ301459,20240530,0.0,0.0,0.0,0.0009345794393
SZ301468,20240628,0.0,0.0,0.0,0.0021340162185
SZ301469,20240625,0.0,0.0,0.0,0.0023848122866999
SZ301486,20250528,0.0,0.0,0.0,0.39606
SZ301486,20240603,0.0,0.0,0.0,0.0008849557522
SZ301487,20240621,0.0,0.0,0.0,8.99280576e-05
SZ301488,20240603,0.0,0.0,0.0,0.0008608815427
SZ301489,20240711,0.0,0.0,0.0,0.0003751846381
SZ301498,20240711,0.0,0.0,0.0,0.0003322908521999
SZ301499,20240708,0.0,0.0,0.0,0.0006469500924
SZ301502,20240605,0.0,0.0,0.0,0.0013601036268999
SZ301503,20240604,0.0,0.0,0.0,0.0017342830598
SZ301505,20240612,0.0,0.0,0.0,0.0014084507042
SZ301507,20240614,0.0,0.0,0.0,0.0008326394671
SZ301508,20240614,0.0,0.0,0.0,0.0011015351468
SZ301509,20240509,0.0,0.0,0.0,0.0013833650354
SZ301510,20240711,0.0,0.0,0.0,0.0001446759259
SZ301511,20240520,0.0,0.0,0.0,0.0002596789424
SZ301512,20240517,0.0,0.0,0.0,0.0017895490335999
SZ301515,20240619,0.0,0.0,0.0,0.0013149847095
SZ301516,20240621,0.0,0.0,0.0,0.0009658792651
SZ301517,20240626,0.0,0.0,0.0,0.0002524571208
SZ301518,20240607,0.0,0.0,0.0,0.0027948574623
SZ301519,20240709,0.0,0.0,0.0,0.0012345679012
SZ301520,20240621,0.0,0.0,0.0,0.0011155734047
SZ301525,20240618,0.0,0.0,0.0,0.0007030151539
SZ301526,20240717,0.0,0.0,0.0,0.0009146341463
SZ301528,20240531,0.0,0.0,0.0,0.0002642617449999
SZ301529,20240527,0.0,0.0,0.0,0.0009724473258
SZ301533,20240531,0.0,0.0,0.0,0.0014630577908
SZ301536,20250521,0.0,0.0,0.0,0.2
SZ301536,20240607,0.0,0.0,0.0,0.0002543881964
SZ301538,20240522,0.0,0.0,0.0,0.0003841510262
SZ301539,20240529,0.0,0.0,0.0,0.0008223684211
SZ301548,20240621,0.0,0.0,0.0,0.0011237217665
SZ301550,20240521,0.0,0.0,0.0,0.0010686615015
SZ301555,20240709,0.0,0.0,0.0,0.0008520526723
SZ301556,20251118,0.0,0.0,0.0,0.235
SZ301556,20250522,0.0,0.0,0.0,0.5865
SZ301558,20240429,0.0,0.0,0.0,0.0014242115971999
SZ301559,20240517,0.0,0.0,0.0,0.0028535193405
SZ301566,20250924,0.0,0.0,0.0,0.03
SZ301566,20250530,0.0,0.0,0.0,0.06
SZ301566,20240604,0.0,0.0,0.0,0.0003099173554
SZ301567,20240515,0.0,0.0,0.0,0.0006975585451
SZ301568,20240506,0.0,0.0,0.0,0.0019630484988
SZ301577,20240529,0.0,0.0,0.0,0.0016353229763
SZ301578,20240605,0.0,0.0,0.0,0.001178133836
SZ301586,20250626,0.0,0.0,0.0,0.2
SZ301586,20250110,0.0,0.0,0.0,0.28
SZ301588,20240621,0.0,0.0,0.0,0.0007736156352
SZ301589,20240530,0.0,0.0,0.0,0.0021997460087
SZ301591,20240531,0.0,0.0,0.0,0.0006324510002
SZ301596,20250923,0.0,0.0,0.0,0.4
SZ301596,20250620,0.4,0.0,0.0,0.56
SZ301606,20250527,0.0,0.0,0.0,0.6
SZ301606,20240927,0.0,0.0,0.0,0.3
SZ301616,20250925,0.0,0.0,0.0,0.4
SZ301626,20250605,0.0,0.0,0.0,0.56
SZ301636,20250930,0.0,0.0,0.0,0.5
